,02_GEMM_006_12M,02_GEMM_006_18M,02_GEMM_006_24M,02_GEMM_006_30M,02_GEMM_006_36M,02_GEMM_006_48M,02_GEMM_010_12M,02_GEMM_010_18M,02_GEMM_010_24M,02_GEMM_010_30M,02_GEMM_013_12M,02_GEMM_013_18M,02_GEMM_013_24M,02_GEMM_019_12M,02_GEMM_019_18M,02_GEMM_019_24M,02_GEMM_019_30M,02_GEMM_019_36M,02_GEMM_019_48M,02_GEMM_020_12M,02_GEMM_020_18M,02_GEMM_020_24M,02_GEMM_020_30M,02_GEMM_021_12M,02_GEMM_021_18M,02_GEMM_021_24M,02_GEMM_021_30M,02_GEMM_021_48M,02_GEMM_021_60M,02_GEMM_024_12M,02_GEMM_024_18M,02_GEMM_027_12M,02_GEMM_027_18M,02_GEMM_030_12M,02_GEMM_030_18M,02_GEMM_030_24M,02_GEMM_031_12M,02_GEMM_031_18M,02_GEMM_031_24M,02_GEMM_034_12M,02_GEMM_034_18M,02_GEMM_035_12M,02_GEMM_038_12M,02_GEMM_038_18M,02_GEMM_038_24M,02_GEMM_038_30M,02_GEMM_038_36M,02_GEMM_041_12M,02_GEMM_045_12M,02_GEMM_045_18M,02_GEMM_045_24M,02_GEMM_045_30M,02_GEMM_045_36M,02_GEMM_047_12M,02_GEMM_047_18M,02_GEMM_047_24M,02_GEMM_047_30M,02_GEMM_050_12M,02_GEMM_050_18M,02_GEMM_050_24M,02_GEMM_050_30M,02_GEMM_050_36M,02_GEMM_050_48M,02_GEMM_058_12M,02_GEMM_058_18M,02_GEMM_070_12M,02_GEMM_070_18M,02_GEMM_070_24M,02_GEMM_070_30M,02_GEMM_077_18M,02_GEMM_090_12M,02_GEMM_090_18M,02_GEMM_090_24M,02_GEMM_090_30M,02_GEMM_101_12M,02_GEMM_101_18M,02_GEMM_115_12M,02_GEMM_115_18M,02_GEMM_115_24M,02_GEMM_115_30M,02_GEMM_115_36M,02_GEMM_115_48M,02_GEMM_120_12M,02_GEMM_120_18M,02_GEMM_134_12M,02_GEMM_134_18M,02_GEMM_134_30M,02_GEMM_134_36M,02_GEMM_134_48M,02_GEMM_141_12M,02_GEMM_141_18M,02_GEMM_151_12M,02_GEMM_151_18M,02_GEMM_158_12M,02_GEMM_158_18M,02_GEMM_174_12M,02_GEMM_174_18M,02_GEMM_177_12M,02_GEMM_177_18M,02_GEMM_177_24M,02_GEMM_177_30M,02_GEMM_177_36M,02_GEMM_177_48M,02_GEMM_179_18M,02_GEMM_179_24M,02_GEMM_179_30M,02_GEMM_194_12M,02_GEMM_194_18M,02_GEMM_228_12M,02_GEMM_228_30M
virus_comp_2813_cycle_1_6,507849,202228,123256,46,587,140,504170,72480,211627,164,104362,145059,26535,235167,30426,3451,0,2811,3985,453300,76900,191387,82,13716,4028,758,12,0,13,163522,1181368,390184,10635,245186,15773,323237,126801,2186,35249,0,116818,15394,1178612,7768,5187,7198,3159,176939,227550,305772,264592,71884,3584,21040,1347,0,92,148999,736600,107891,1047215,189916,26009,194,1662012,46177,2596,2085,0,0,28691,0,59,6,47534,302,202071,11990,1178,10552,82,336,511,44,649271,10635,44529,20767,46868,575507,188104,2909636,5373229,690735,121053,908132,729556,324358,17983,527006,69775,485985,17869,1243,23746,29,578671,430473,560963,75067
virus_comp_18378_cycle_1_1,1965,0,3472,0,0,0,32658,0,0,0,0,708,4884,421,3692,2315,0,15094,9729,12508,0,790,80,0,0,223,0,0,0,0,0,18477,232,0,19273,32666,0,0,21071,0,463,1487,0,0,1646,5315,3406,0,3685,4683,27623,16690,9924,695,0,0,0,0,0,2713,3523,0,2788,0,1011,21237,2682,0,231,0,0,0,0,0,1561,0,155,3882,4002,6938,0,755,0,4733,0,415,1097,1921,6081,883,0,7739,0,12112,312,2756,34496,0,19431,3746,0,19171,24739,0,9856,0,2739,3498,0,0
virus_comp_2455_cycle_1_11,444,0,467,0,0,0,0,0,0,0,0,0,0,83,0,485,0,0,837,1175,0,172,0,0,0,0,15,0,36,0,203,488,3872,0,435,0,0,0,14585,0,1020,0,0,0,0,5016,0,0,3614,4604,10230,21318,1327,0,0,0,0,0,145,9855,240203,361,0,0,0,60819,0,0,0,0,0,0,73,0,0,0,0,1481,838,1893,0,0,0,0,0,0,4903,275,1838,0,0,0,0,1238,0,287,7150,0,0,0,0,0,166568,363,4465,0,0,0,0,0
virus_comp_103_cycle_1_4,0,0,0,0,0,39176,0,0,0,0,0,0,0,0,181,28899,3073,0,0,0,0,12,8267,0,0,0,0,0,105,0,0,0,0,0,0,0,0,0,0,0,0,0,0,0,0,0,0,0,0,0,0,0,0,0,0,0,0,0,5550,3636,836,0,0,40,0,0,0,0,1224,0,0,0,0,0,0,0,0,0,0,0,0,0,70,26433,0,0,2028,12655,11786,2991,223,0,198136,0,2159,0,0,0,0,0,0,0,0,0,0,0,0,0,0,0
virus_comp_16559_cycle_1_2,0,0,0,0,0,24650,0,0,0,0,0,0,0,0,209,6486,11067,0,0,0,0,13,2064,0,0,0,0,0,73,0,0,0,0,0,0,0,0,0,16,0,0,0,0,0,0,0,0,0,0,0,0,0,0,0,0,0,0,0,1828,845,536,0,0,72,0,0,0,0,491,0,0,0,0,0,0,0,0,0,0,0,0,0,0,2243,0,0,134,6902,1073,2469,43,0,27569,0,2070,0,0,0,0,0,0,0,0,0,0,0,0,0,0,0
virus_comp_16559_cycle_1_3,0,0,0,0,0,4300,0,0,0,0,0,0,0,0,39,5256,1846,0,0,0,0,0,1536,0,0,0,0,0,12,0,0,0,0,0,0,0,0,0,1,0,0,0,0,0,0,0,0,0,0,0,0,0,0,0,0,0,0,0,650,256,194,0,0,9,0,0,0,0,290,0,0,0,0,0,0,0,0,0,0,0,0,0,2,832,0,0,94,2609,922,655,9,0,8239,0,391,0,0,0,0,0,0,0,0,0,0,0,0,0,0,0
virus_comp_5117_cycle_1_1,0,0,0,0,0,13753,0,0,0,0,0,0,0,8,278,179539,7555,0,0,0,0,0,7140,0,0,0,0,0,276,0,0,0,0,0,0,0,0,0,0,0,0,0,0,0,0,0,0,0,0,0,0,0,0,0,0,0,0,0,2159,1748,278,0,0,72,0,0,0,0,3575,0,0,0,0,0,0,0,0,0,0,0,0,0,57,26364,0,0,1602,9242,13429,1856,123,0,164904,0,4933,0,0,0,0,0,0,0,0,0,0,0,0,0,0,0
virus_comp_5117_cycle_1_4,0,0,0,0,0,19448,0,0,0,0,0,0,0,6,146,20902,3722,0,0,0,0,0,696,0,0,0,0,0,97,0,0,0,0,0,0,0,0,0,0,0,0,0,0,0,0,0,0,0,0,0,0,0,0,0,0,0,0,0,1343,273,63,0,0,53,0,0,0,0,2877,0,0,0,0,0,0,0,0,0,0,0,0,0,30,19605,0,0,106,1509,1707,450,36,0,36547,0,3328,0,0,0,0,0,0,0,0,0,0,0,0,0,0,0
virus_comp_16559_cycle_1_1,0,0,0,0,0,11637,0,0,0,0,0,0,0,0,28,1854,2904,0,0,0,0,0,646,0,0,0,0,0,67,0,0,0,0,0,0,0,0,0,4,0,0,0,0,0,0,0,0,0,0,0,0,0,0,0,0,0,0,0,1069,398,225,0,0,3,0,0,0,0,246,0,0,0,0,0,0,0,0,0,0,0,0,0,0,797,0,0,657,894,312,979,40,0,12584,0,922,0,0,0,0,0,0,0,0,0,0,0,0,0,0,0
virus_comp_7129_cycle_1_3,0,0,0,0,0,137348,0,0,0,0,0,0,0,0,226,13405,4064,0,0,0,0,0,1346,0,0,0,0,0,117,0,0,0,0,0,0,0,0,0,0,0,0,0,0,0,0,0,0,0,0,0,0,0,0,0,0,0,0,0,2154,465,650,0,0,25,0,0,0,0,744,0,0,0,0,0,0,0,0,0,0,0,0,0,54,18224,0,0,79,17505,5034,1395,29,0,43039,0,1789,0,0,0,0,0,0,0,0,0,0,0,0,0,0,0
virus_comp_8074_cycle_1_1,0,0,0,0,0,17137,0,0,0,0,0,0,0,0,103,12737,6169,0,0,0,0,0,2288,0,0,0,0,0,32,0,0,0,0,0,0,0,0,0,0,0,0,0,0,0,0,0,0,0,0,0,0,0,0,0,0,0,0,0,2259,634,1191,0,0,13,0,0,0,0,906,0,0,0,0,0,0,0,0,0,0,0,0,0,16,9067,0,0,108,1939,1133,988,26,0,25812,0,1411,0,0,0,0,0,0,0,0,0,0,0,0,0,0,0
virus_comp_4028_cycle_1_2,0,0,0,0,0,19081,0,0,0,0,0,0,0,0,80,5076,17435,0,0,0,0,0,938,0,0,0,0,0,74,0,0,0,0,0,0,0,0,0,0,0,0,0,0,0,0,0,0,0,0,0,0,0,0,0,0,0,0,0,770,199,176,0,0,42,0,0,0,0,341,0,0,0,0,0,0,0,0,0,0,0,0,0,24,5302,0,0,0,2725,1573,1479,22,0,97124,0,858,0,0,0,0,0,0,0,0,0,0,0,0,0,0,0
virus_comp_8200_cycle_1_1,0,0,0,0,0,85407,0,0,0,0,0,0,0,0,153,61365,4743,0,0,0,0,0,3736,0,0,0,0,0,0,0,0,0,0,0,0,0,0,0,0,0,0,0,0,0,0,0,0,0,0,0,0,0,0,0,0,0,0,0,2064,1395,406,0,0,75,0,0,0,0,1843,0,0,0,0,0,0,0,0,0,0,0,0,0,70,31598,0,0,2846,45988,59622,1901,147,0,275231,0,2138,0,0,0,0,0,0,0,0,0,0,0,0,0,0,0
virus_comp_13180_cycle_1_1,0,0,0,0,0,134570,0,0,0,0,0,0,0,0,885,167154,12560,0,0,0,0,0,0,0,0,0,0,0,219,0,0,0,0,0,0,0,0,0,0,0,0,0,0,0,0,0,0,0,0,0,0,0,0,0,0,0,0,0,7087,1871,1149,0,0,0,0,0,0,0,4995,0,0,0,0,0,0,0,0,0,0,0,0,0,91,38342,0,0,1689,15398,24970,2813,99,0,1530712,0,8372,0,0,0,0,0,0,0,0,0,0,0,0,0,0,0
virus_comp_14463_cycle_1_1,0,0,0,0,0,6629,0,0,0,0,0,0,0,0,38,2157,656,0,0,0,0,0,3926,0,0,0,0,0,26,0,0,0,0,0,0,0,0,0,0,0,0,0,0,0,0,0,0,0,0,0,0,0,0,0,0,0,0,0,963,166,106,0,0,0,0,0,0,0,76,0,0,0,0,0,0,0,0,0,0,0,0,0,15,5638,0,0,52,1270,201,273,0,0,22784,0,136,0,0,0,0,0,0,0,0,0,0,0,0,0,0,0
virus_comp_5117_cycle_1_2,0,0,0,0,0,70856,0,0,0,0,0,0,0,0,0,0,0,0,0,0,0,32,32382,0,0,0,0,0,621,0,0,0,0,0,0,0,0,0,0,0,0,0,0,0,0,0,0,0,0,0,0,0,0,0,0,0,0,0,16021,5234,1370,0,0,194,0,0,0,0,18642,0,0,0,0,0,0,0,0,0,0,0,0,0,305,142439,0,0,6147,46019,83900,10155,586,0,708134,0,24755,0,0,0,0,0,0,0,0,0,0,0,0,0,0,0
virus_comp_5552_cycle_1_3,0,0,0,0,0,4054,0,0,0,0,0,0,0,0,37,2637,1193,0,0,0,0,0,165,0,0,0,0,0,39,0,0,0,0,0,0,0,0,0,0,0,0,0,0,0,0,0,0,0,0,0,0,0,0,0,0,0,0,0,536,150,108,0,0,16,0,0,0,0,144,0,0,0,0,0,0,0,0,0,0,0,0,0,0,1565,0,0,21,310,324,750,0,0,13748,0,1660,0,0,0,0,0,0,0,0,0,0,0,0,0,0,0
virus_comp_7129_cycle_1_1,0,0,0,0,0,393,0,0,0,0,0,0,0,0,23,196,204,0,0,0,0,0,203,0,0,0,0,0,18,0,0,0,0,0,0,0,0,0,0,0,0,0,0,0,0,0,0,0,0,0,0,0,0,0,0,0,0,0,173,92,22,0,0,0,0,0,0,0,100,0,0,0,0,0,0,0,0,0,0,0,0,0,0,593,0,0,9,177,20,70,4,0,2272,0,99,0,0,0,0,0,0,0,0,0,0,0,0,0,0,0
virus_comp_99_cycle_1_1,0,0,0,0,0,5631,0,0,0,0,0,0,0,0,62,8841,1306,0,0,0,0,0,827,0,0,0,0,0,39,0,0,0,0,0,0,0,0,0,0,0,0,0,0,0,0,0,0,0,0,0,0,0,0,0,0,0,0,0,2010,462,125,0,0,17,0,0,0,0,333,0,0,0,0,0,0,0,0,0,0,0,0,0,0,1940,0,0,134,1115,1698,753,0,0,20652,0,1306,0,0,0,0,0,0,0,0,0,0,0,0,0,0,0
virus_comp_4028_cycle_1_1,0,0,0,0,0,530,0,0,0,0,0,0,0,0,12,272,1271,0,0,0,0,0,10,0,0,0,0,0,0,0,0,0,0,0,0,0,0,0,0,0,0,0,0,0,0,0,0,0,0,0,0,0,0,0,0,0,0,0,48,16,6,0,0,1,0,0,0,0,1,0,0,0,0,0,0,0,0,0,0,0,0,0,0,112,0,0,0,134,26,35,1,0,391,0,45,0,0,0,0,0,0,0,0,0,0,0,0,0,0,0
virus_comp_103_cycle_1_3,0,0,0,0,0,3550,0,0,0,0,0,0,0,0,20,7711,886,0,0,0,0,0,175,0,0,0,0,0,0,0,0,0,0,0,0,0,0,0,0,0,0,0,0,0,0,0,0,0,0,0,0,0,0,0,0,0,0,0,687,120,45,0,0,0,0,0,0,0,94,0,0,0,0,0,0,0,0,0,0,0,0,0,0,488,0,0,18,169,298,226,0,0,9043,0,349,0,0,0,0,0,0,0,0,0,0,0,0,0,0,0
virus_comp_15228_cycle_1_1,0,0,0,0,0,931,0,0,0,0,0,0,0,0,3,683,1773,0,0,0,0,0,29,0,0,0,0,0,0,0,0,0,0,0,0,0,0,0,0,0,0,0,0,0,0,0,0,0,0,0,0,0,0,0,0,0,0,0,88,14,14,0,0,2,0,0,0,0,17,0,0,0,0,0,0,0,0,0,0,0,0,0,0,245,0,0,0,304,49,137,0,0,929,0,78,0,0,0,0,0,0,0,0,0,0,0,0,0,0,0
virus_comp_15228_cycle_1_2,0,0,0,0,0,2980,0,0,0,0,0,0,0,0,48,3251,6435,0,0,0,0,0,0,0,0,0,0,0,19,0,0,0,0,0,0,0,0,0,0,0,0,0,0,0,0,0,0,0,0,0,0,0,0,0,0,0,0,0,282,75,40,0,0,12,0,0,0,0,80,0,0,0,0,0,0,0,0,0,0,0,0,0,0,422,0,0,0,514,151,239,0,0,2761,0,264,0,0,0,0,0,0,0,0,0,0,0,0,0,0,0
virus_comp_8200_cycle_1_2,0,0,0,0,0,10276,0,0,0,0,0,0,0,0,64,7963,1727,0,0,0,0,0,1736,0,0,0,0,0,0,0,0,0,0,0,0,0,0,0,0,0,0,0,0,0,0,0,0,0,0,0,0,0,0,0,0,0,0,0,1727,586,172,0,0,0,0,0,0,0,338,0,0,0,0,0,0,0,0,0,0,0,0,0,0,5806,0,0,628,3194,2899,595,0,0,73223,0,1740,0,0,0,0,0,0,0,0,0,0,0,0,0,0,0
virus_comp_1133_cycle_1_5,0,0,0,0,0,524,0,0,0,0,0,0,180,0,0,0,0,0,0,1,0,0,0,0,0,0,0,0,73,0,0,0,83,0,0,0,0,0,1053,0,0,0,0,0,0,0,0,0,0,0,0,0,0,0,0,109,27,0,0,0,0,0,0,0,0,0,0,0,0,0,0,0,0,0,0,0,0,0,0,0,0,0,0,0,0,0,360,129,47,0,0,0,0,0,0,0,0,0,0,0,0,0,0,835,5267,15445,0,0,0,31
virus_comp_5117_cycle_1_3,0,0,0,0,0,84532,0,0,0,0,0,0,0,0,0,0,0,0,0,0,0,0,16615,0,0,0,0,0,202,0,0,0,0,0,0,0,0,0,0,0,0,0,0,0,0,0,0,0,0,0,0,0,0,0,0,0,0,0,3801,1979,999,0,0,33,0,0,0,0,8108,0,0,0,0,0,0,0,0,0,0,0,0,0,141,82162,0,0,904,48745,60277,0,0,0,391363,0,7399,0,0,0,0,0,0,0,0,0,0,0,0,0,0,0
virus_comp_6408_cycle_1_1,0,0,0,0,0,2926,0,0,0,0,0,0,0,0,12,135,544,0,0,0,0,0,0,0,0,0,0,0,7,0,0,0,0,0,0,0,0,0,0,0,0,0,0,0,0,0,0,0,0,0,0,0,0,0,0,0,0,0,48,10,0,0,0,0,0,0,0,0,63,0,0,0,0,0,0,0,0,0,0,0,0,0,0,30,0,0,0,14,3,228,2,0,2076,0,387,0,0,0,0,0,0,0,0,0,0,0,0,0,0,0
virus_comp_1102_cycle_1_1,0,0,0,0,0,0,0,0,0,0,0,0,0,0,0,2006,2724,21,6,0,0,0,0,0,0,0,0,0,0,0,0,0,0,0,0,0,0,400,0,34,0,0,0,0,0,0,0,0,0,0,0,0,0,0,0,0,0,0,0,0,0,0,0,0,0,0,0,0,1294,0,0,481,286,0,0,0,0,0,0,365,0,0,0,0,0,0,0,0,0,0,0,0,0,0,0,0,0,0,0,0,0,0,12,717,1605,1743,0,0,0,0
virus_comp_1103_cycle_1_6,0,0,0,0,0,0,0,0,0,0,0,0,0,0,0,831,2976,25,14,0,0,0,0,0,0,0,0,0,0,0,0,0,0,0,0,0,0,665,0,74,0,100,0,0,0,0,0,0,0,0,0,0,0,0,0,0,0,0,0,0,0,0,0,0,0,0,0,0,3182,0,0,149,454,0,0,0,0,0,0,1116,0,0,0,0,0,0,0,0,0,0,0,0,0,0,0,0,0,0,0,0,0,0,33,998,826,0,0,0,0,0
virus_comp_1105_cycle_1_1,0,0,0,0,0,0,0,0,0,0,0,0,0,0,0,300,166,22,26,0,0,0,0,0,0,0,0,0,0,0,0,0,0,0,0,0,0,442,0,20,0,0,0,0,0,0,0,0,0,0,0,0,0,0,0,0,0,0,0,0,0,0,0,0,0,0,0,0,500,0,0,124,283,0,0,0,0,0,0,476,4,0,0,0,0,0,0,0,0,0,0,0,0,0,0,0,0,0,0,0,0,0,0,976,1190,98,0,0,0,0
virus_comp_1133_cycle_1_3,0,0,0,0,0,11338,0,0,0,0,0,0,1104,0,0,0,0,0,0,0,0,0,0,0,0,0,0,0,371,0,0,0,3083,0,0,0,0,0,10217,0,0,0,0,0,0,0,0,0,0,0,0,0,0,0,0,1072,461,0,0,0,0,0,0,0,0,0,0,0,0,0,0,0,0,0,0,0,0,0,0,0,0,0,0,0,0,0,1940,723,574,0,0,0,0,0,0,0,0,0,0,0,0,0,0,14383,66153,98996,0,0,0,217
virus_comp_1133_cycle_1_4,0,0,0,0,0,1838,0,0,0,0,0,0,201,0,0,0,0,0,0,0,0,0,0,0,0,0,0,0,224,0,0,0,419,0,0,0,0,0,2316,0,0,0,0,0,0,0,0,0,0,0,0,0,0,0,0,233,145,0,0,0,0,0,0,0,0,0,0,0,0,0,0,0,0,0,0,0,0,0,0,0,0,0,0,0,0,0,33,227,234,0,0,0,0,0,0,0,0,0,0,0,0,0,0,1907,26074,26853,0,0,0,191
virus_comp_54_cycle_1_2,0,0,0,0,0,0,0,24,0,0,0,0,0,0,0,0,0,0,0,0,553,0,0,0,0,0,0,0,0,0,0,0,58,0,0,0,0,0,0,0,0,0,0,0,0,16,0,0,0,0,0,0,24,0,0,0,0,0,0,13,0,0,0,0,0,0,0,0,0,0,0,0,0,0,251,506,833,253,110,0,0,0,0,0,0,26,0,0,0,0,0,0,238,0,0,0,0,0,16,0,0,0,0,0,0,0,0,0,0,0
virus_comp_5552_cycle_1_2,0,0,0,0,0,10974,0,0,0,0,0,0,0,0,90,5502,1666,0,0,0,0,0,0,0,0,0,0,0,32,0,0,0,0,0,0,0,0,0,0,0,0,0,0,0,0,0,0,0,0,0,0,0,0,0,0,0,0,0,0,454,122,0,0,0,0,0,0,0,0,0,0,0,0,0,0,0,0,0,0,0,0,0,0,1007,0,0,36,209,138,411,6,0,0,0,1739,0,0,0,0,0,0,0,0,0,0,0,0,0,0,0
edge_1980_3,0,0,25,0,0,0,0,0,0,0,0,0,0,0,0,0,0,15,0,7,0,0,0,0,4,0,0,0,0,0,0,0,0,0,56,0,0,401,139,0,0,0,0,360,0,14,0,0,0,0,0,0,18,0,0,0,0,0,0,0,0,0,0,0,0,0,0,0,0,0,0,0,22,0,0,0,0,0,30,0,0,0,0,0,0,0,0,0,0,0,0,0,0,0,0,0,0,0,17,0,0,59,0,0,0,0,0,0,0,0
virus_comp_103_cycle_1_1,0,0,0,0,0,1778,0,0,0,0,0,0,0,0,28,841,319,0,0,0,0,0,0,0,0,0,0,0,15,0,0,0,0,0,0,0,0,0,0,0,0,0,0,0,0,0,0,0,0,0,0,0,0,0,0,0,0,0,295,46,49,0,0,0,0,0,0,0,83,0,0,0,0,0,0,0,0,0,0,0,0,0,0,296,0,0,0,91,69,0,0,0,5741,0,0,0,0,0,0,0,0,0,0,0,0,0,0,0,0,0
virus_comp_1133_cycle_1_2,0,0,0,0,0,0,0,0,0,0,0,0,115,0,0,0,0,0,0,0,0,0,0,0,0,0,0,0,70,0,0,0,452,0,0,0,0,0,754,0,0,0,0,0,0,0,0,0,0,0,0,0,0,0,0,173,164,0,0,0,0,0,0,0,0,0,0,0,0,0,0,0,0,0,0,0,0,0,0,0,0,0,0,0,0,0,90,117,123,0,0,0,0,0,0,0,0,0,0,0,0,0,0,725,5039,22681,0,0,0,28
virus_comp_12691_cycle_1_3,0,0,316,0,0,0,0,19,0,0,0,0,0,0,0,0,0,0,0,0,2084,0,0,5,0,0,0,0,0,0,0,0,85,0,0,0,0,0,0,0,0,0,0,0,0,0,0,0,0,0,0,0,0,0,0,0,0,0,0,18,0,0,0,0,0,0,0,0,0,0,0,0,0,0,181,394,945,124,85,0,0,0,0,0,0,45,0,0,0,0,0,0,277,0,0,0,0,0,0,0,0,0,0,0,0,0,0,0,0,0
virus_comp_15228_cycle_1_3,0,0,0,0,0,1368,0,0,0,0,0,0,0,0,9,547,2043,0,0,0,0,0,13,0,0,0,0,0,0,0,0,0,0,0,0,0,0,0,0,0,0,0,0,0,0,0,0,0,0,0,0,0,0,0,0,0,0,0,11,10,4,0,0,0,0,0,0,0,16,0,0,0,0,0,0,0,0,0,0,0,0,0,0,223,0,0,0,1,0,42,0,0,372,0,0,0,0,0,0,0,0,0,0,0,0,0,0,0,0,0
virus_comp_54_cycle_1_1,0,0,0,0,0,0,0,0,0,0,0,0,0,0,0,0,0,0,0,5,241,0,0,0,0,0,0,0,0,0,0,0,14,0,0,0,0,0,0,0,0,0,0,0,0,0,4,0,0,0,0,0,0,0,0,0,0,2,0,5,0,0,0,0,0,0,0,0,0,0,0,0,0,0,56,215,310,49,28,0,0,0,0,0,0,12,0,0,0,0,0,0,98,0,0,0,0,0,0,0,0,0,0,0,0,0,0,0,0,0
virus_comp_9222_cycle_1_1,0,0,0,0,0,0,0,0,0,0,0,0,0,0,0,0,0,0,0,0,165,0,2,0,0,0,0,0,0,0,0,0,30,0,0,0,0,0,0,0,0,0,0,0,0,0,0,0,0,0,0,0,0,0,0,0,0,0,4,5,0,0,0,0,0,0,0,0,0,0,0,0,0,0,91,13,288,44,30,0,0,0,0,0,0,9,0,0,0,0,0,0,116,0,0,0,0,0,0,0,0,0,7,0,0,0,0,0,0,0
virus_comp_99_cycle_1_2,0,0,0,0,0,3573,0,0,0,0,0,0,0,0,0,564,0,0,0,0,0,0,6,0,0,0,0,0,14,0,0,0,0,0,0,0,0,0,0,0,0,0,0,0,0,0,0,0,0,0,0,0,0,0,0,0,0,0,257,40,42,0,0,0,0,0,0,0,57,0,0,0,0,0,0,0,0,0,0,0,0,0,0,0,0,0,5,79,26,0,0,0,8184,0,116,0,0,0,0,0,0,0,0,0,0,0,0,0,0,0
virus_comp_104_cycle_1_1,0,0,0,0,0,4026,0,0,0,0,0,0,0,0,0,1452,2207,0,0,0,0,0,300,0,0,0,0,0,0,0,0,0,0,0,0,0,0,0,0,0,0,0,0,0,0,0,0,0,0,0,0,0,0,0,0,0,0,0,378,0,33,0,0,0,0,0,0,0,0,0,0,0,0,0,0,0,0,0,0,0,0,0,0,8906,0,0,0,349,148,275,0,0,14505,0,612,0,0,0,0,0,0,0,0,0,0,0,0,0,0,0
virus_comp_1102_cycle_1_2,0,0,0,0,0,0,0,0,0,0,0,0,0,0,0,138,176,0,27,0,0,0,0,0,0,0,0,0,0,0,0,0,0,0,0,0,0,335,0,0,0,0,0,0,0,0,0,0,0,0,0,0,0,0,0,0,0,0,0,0,0,0,0,0,0,0,0,0,107,0,0,107,78,0,0,0,0,0,0,107,0,0,0,0,0,0,0,0,0,0,0,0,0,0,0,0,0,0,0,0,0,0,14,484,219,130,0,0,0,0
virus_comp_1102_cycle_1_6,0,0,0,0,0,0,0,0,0,0,0,0,0,0,0,88,186,0,58,0,0,0,0,0,0,0,0,0,0,0,0,0,0,0,0,0,0,0,0,0,0,2159,0,0,0,0,0,0,0,0,0,0,0,0,0,0,0,0,0,0,2,0,0,0,0,0,0,0,85,0,0,28,45,0,0,0,0,0,0,55,0,0,0,0,0,0,0,0,0,0,0,0,0,0,0,0,0,0,0,0,0,0,0,253,90,288,0,0,0,0
virus_comp_1103_cycle_1_11,0,0,0,0,0,0,0,0,0,0,0,0,0,0,0,432,730,0,0,0,0,0,0,0,0,0,0,0,0,0,0,0,0,0,0,0,0,197,0,85,0,0,0,0,0,0,0,0,0,0,0,0,0,0,0,0,0,0,0,0,0,0,0,0,0,0,0,0,564,0,0,97,224,0,0,0,0,0,0,510,8,0,0,0,0,0,0,0,0,0,0,0,0,0,0,0,0,0,0,0,0,0,0,559,154,128,0,0,0,0
virus_comp_1133_cycle_1_7,0,0,0,0,0,0,0,0,0,0,0,0,89,0,0,0,0,0,0,0,0,0,0,0,0,0,0,0,8,0,0,0,49,0,0,0,0,0,146,0,0,0,0,0,0,0,0,0,0,0,0,0,0,0,0,36,38,0,0,0,5,0,0,0,0,0,0,0,0,0,0,0,0,0,0,0,0,0,0,0,0,0,0,0,0,0,0,13,0,0,0,0,0,0,0,0,0,0,0,0,0,0,0,312,1660,10010,0,0,0,12
virus_comp_14513_cycle_1_1,0,0,0,0,0,0,79,0,0,0,0,0,0,0,0,0,42,0,0,0,0,0,0,0,0,0,0,0,0,0,0,0,0,0,6,0,0,0,0,0,0,0,0,0,27,0,0,0,0,0,0,0,0,3053,144,369,0,0,0,107,0,0,0,11,0,0,0,0,0,0,0,0,0,0,0,0,0,0,137,0,0,0,0,0,0,280,0,0,0,0,0,0,0,0,0,0,0,0,0,0,0,0,0,0,315,0,0,0,0,0
virus_comp_14666_cycle_1_1,0,0,0,0,0,0,0,0,0,0,0,0,0,0,0,0,0,0,0,0,68,0,0,0,0,0,0,0,0,0,0,0,12,0,0,0,0,0,0,0,0,0,0,0,0,0,0,0,0,0,0,0,0,0,0,0,0,13,0,10,0,0,0,0,0,0,0,0,0,0,0,0,0,0,63,102,183,32,10,0,0,0,0,0,0,7,0,0,0,0,0,0,68,0,0,0,0,0,0,0,0,0,0,0,0,0,0,2,0,0
virus_comp_14666_cycle_1_2,0,0,0,0,0,0,0,0,0,0,0,0,0,0,0,0,0,0,0,0,115,0,0,0,0,0,0,0,0,0,0,0,0,0,0,0,0,0,0,0,0,0,0,0,0,6,4,0,0,0,0,0,0,0,0,0,0,47,0,0,0,0,0,0,0,0,0,0,0,0,0,0,0,0,86,47,284,58,15,0,0,0,0,0,0,5,0,0,0,0,0,0,0,0,0,0,0,2,15,0,0,0,0,0,0,0,0,0,0,0
virus_comp_4695_cycle_1_2,0,0,0,0,0,0,0,0,0,0,0,0,0,0,0,938,1592,0,61,0,0,0,0,0,0,0,0,0,0,0,0,0,0,0,0,0,0,487,0,53,0,0,0,0,0,0,0,0,0,0,0,0,0,0,0,0,0,0,0,0,0,0,0,0,0,0,0,0,2655,0,0,231,862,0,0,0,0,0,0,843,0,0,0,0,0,0,0,0,0,0,0,0,0,0,0,0,0,0,0,0,0,0,0,1698,341,814,0,0,0,0
virus_comp_4695_cycle_1_3,0,0,0,0,0,0,0,0,0,0,0,0,0,0,0,46,412,16,0,0,0,0,0,0,0,0,0,0,0,0,0,0,0,0,0,0,0,216,0,27,0,0,0,0,0,0,0,0,0,0,0,0,0,0,0,0,0,0,0,0,0,0,0,0,0,0,0,0,325,0,0,58,257,0,0,0,0,0,0,190,0,0,0,0,0,0,0,0,0,0,0,0,0,0,0,0,0,0,0,0,0,0,0,562,109,103,0,0,0,0
virus_comp_6408_cycle_1_4,0,0,0,0,0,1272,0,0,0,0,0,0,0,0,9,917,266,0,0,0,0,0,0,0,0,0,0,0,0,0,0,0,0,0,0,0,0,0,0,0,0,0,0,0,0,0,0,0,0,0,0,0,0,0,0,0,0,0,8,0,0,0,0,0,0,0,0,0,0,0,0,0,0,0,0,0,0,0,0,0,0,0,0,109,0,0,5,168,148,13,0,0,11609,0,305,0,0,0,0,0,0,0,0,0,0,0,0,0,0,0
edge_303_6,0,0,0,0,0,0,84,0,0,0,0,0,0,0,0,0,351,0,0,0,0,0,0,0,0,0,0,0,0,0,0,0,0,0,0,0,0,0,10,0,0,0,0,0,1,0,0,0,0,0,0,0,0,262,93,86,0,1,0,8,0,0,0,0,0,0,0,0,0,0,0,0,0,0,0,0,0,0,30,0,0,0,0,0,0,35,0,0,0,0,0,0,0,0,0,0,0,0,0,0,0,0,0,0,96,0,0,0,0,0
edge_305_1,0,0,0,0,0,0,64,0,0,0,0,0,0,0,0,0,337,0,0,0,0,0,0,0,0,0,0,0,0,0,0,0,0,0,0,0,0,0,7,0,0,0,0,0,5,0,0,0,0,0,0,0,0,254,88,77,0,1,0,9,0,0,0,0,0,0,0,0,0,0,0,0,0,0,0,0,0,0,13,0,0,0,0,0,0,42,0,0,0,0,0,0,0,0,0,0,0,0,0,0,0,0,0,0,105,0,0,0,0,0
virus_comp_10599_cycle_1_4,0,0,0,0,0,0,15,0,0,0,0,0,0,0,0,0,9,0,10,0,0,0,0,0,0,0,0,0,0,0,0,3,0,0,0,0,0,0,0,0,0,0,0,0,2,0,0,0,0,0,0,0,0,124,16,0,0,0,0,0,0,0,0,7,0,0,0,0,0,0,0,0,0,0,0,0,0,0,6,0,0,0,0,0,0,44,0,0,0,0,0,0,0,0,0,0,0,0,0,0,0,0,0,0,2,0,0,0,0,0
virus_comp_1102_cycle_1_5,0,0,0,0,0,0,0,0,0,0,0,0,0,0,0,102,338,0,0,0,0,0,0,0,0,0,0,0,0,0,0,0,0,0,0,0,0,301,0,0,0,2488,0,0,0,0,0,0,0,0,0,0,0,0,0,0,0,0,0,0,0,0,0,0,0,0,0,0,97,0,0,44,6,0,0,0,0,0,0,67,0,0,0,0,0,0,0,0,0,0,0,0,0,0,0,0,0,0,0,0,0,0,7,90,94,0,0,0,0,0
virus_comp_1103_cycle_1_7,0,0,0,0,0,0,0,0,0,0,0,0,0,0,0,111,205,3,0,0,0,0,0,0,0,0,0,0,0,0,0,0,0,0,0,0,0,41,0,0,0,12,0,0,0,0,0,0,0,0,0,0,0,0,0,0,0,0,0,0,0,0,0,0,0,0,0,0,83,0,0,6,29,0,0,0,0,0,0,45,0,0,0,0,0,0,0,0,0,0,0,0,0,0,0,0,0,0,0,0,0,0,0,218,130,0,0,0,0,0
virus_comp_1173_cycle_1_5,0,0,0,0,0,0,2,0,0,0,0,0,0,0,0,0,0,0,0,0,0,0,0,0,0,0,0,0,0,0,0,0,49,0,0,0,0,0,0,0,0,0,0,0,0,0,0,0,0,0,0,0,0,5,0,0,0,189,0,67,0,0,0,0,0,0,21,0,0,0,0,0,0,0,0,0,16,0,0,85,0,32,0,0,0,2878,0,0,0,0,0,0,0,0,0,0,0,40,0,0,0,0,0,0,0,0,0,0,0,0
virus_comp_12691_cycle_1_2,0,0,0,0,0,0,0,0,0,0,0,0,0,0,0,0,0,0,0,5,123,0,0,0,0,0,0,0,0,0,0,0,0,0,0,0,0,0,0,0,0,0,0,0,0,0,0,0,0,0,0,0,0,0,0,0,0,12,0,3,0,0,0,0,0,0,0,0,0,0,0,0,0,0,41,37,120,7,14,0,0,0,0,0,0,8,0,0,0,0,0,0,0,0,0,0,0,0,0,0,0,0,0,0,0,0,0,2,0,0
virus_comp_2475_cycle_5_10,0,0,0,0,0,0,0,0,0,0,0,0,0,0,0,0,0,0,0,0,0,0,0,0,0,0,1,0,0,0,0,0,0,0,0,0,0,13,4920,0,0,0,0,0,0,0,0,0,0,0,11137,19,3,0,0,0,0,0,2,0,0,0,0,0,0,0,0,0,0,0,0,0,0,0,0,0,0,0,53,576,4903,188,0,0,0,0,0,0,0,0,0,0,0,0,0,0,0,0,0,0,0,0,0,0,0,0,0,0,0,0
virus_comp_2475_cycle_5_11,0,0,0,0,0,0,0,0,0,0,0,0,0,0,0,0,0,0,0,0,0,0,13,0,0,0,0,0,0,0,0,0,0,0,0,0,0,29,3208,0,0,0,0,0,0,0,0,0,0,0,11694,32,2,0,0,0,0,0,2,0,0,0,0,0,0,0,0,0,0,0,0,0,0,0,0,0,0,0,83,1155,8470,208,0,0,0,0,0,0,0,0,0,0,0,0,0,0,0,0,0,0,0,0,0,0,0,0,0,0,0,0
virus_comp_2475_cycle_5_2,0,0,0,0,0,0,0,0,0,0,0,0,0,0,0,0,0,0,0,0,0,0,44,0,0,0,0,0,0,0,0,0,0,0,0,0,0,54,4294,0,0,0,0,0,0,0,0,0,0,0,16179,15,5,0,0,0,0,0,0,1,0,0,0,0,0,0,0,0,0,0,0,0,0,0,0,0,0,0,47,193,6248,116,0,0,0,0,0,0,0,0,0,0,0,0,0,0,0,0,0,0,0,0,0,0,0,0,0,0,0,0
virus_comp_2477_cycle_1_2,0,0,0,0,0,0,0,0,0,0,0,0,0,0,0,0,0,0,0,0,0,0,18,0,0,0,4,0,0,0,0,0,0,0,0,0,0,13,3287,0,0,0,0,0,0,0,0,0,0,0,11449,27,3,0,0,0,0,0,0,0,0,0,0,0,0,0,0,0,0,0,0,0,0,0,0,0,0,0,66,1087,8663,196,0,0,0,0,0,0,0,0,0,0,0,0,0,0,0,0,0,0,0,0,0,0,0,0,0,0,0,0
virus_comp_5225_cycle_1_3,0,0,0,0,0,0,0,0,0,0,0,0,0,0,0,350,1256,0,0,0,0,0,0,0,0,0,0,0,0,0,0,0,0,0,0,0,0,131,0,16,0,0,0,0,0,0,0,0,0,0,0,0,0,0,0,0,0,0,0,0,0,0,0,0,0,0,0,0,402,0,0,106,79,0,0,0,0,0,0,176,0,0,0,0,0,0,0,0,0,0,0,0,0,0,0,0,0,0,0,0,0,0,8,378,278,0,0,0,0,0
virus_comp_5552_cycle_1_1,0,0,0,0,0,127078,0,0,0,0,0,0,0,0,717,242572,18495,0,0,0,0,0,0,0,0,0,0,0,228,0,0,0,0,0,0,0,0,0,0,0,0,0,0,0,0,0,0,0,0,0,0,0,0,0,0,0,0,0,9803,5684,1611,0,0,0,0,0,0,0,0,0,0,0,0,0,0,0,0,0,0,0,0,0,188,107702,0,0,0,0,0,0,0,0,0,0,21027,0,0,0,0,0,0,0,0,0,0,0,0,0,0,0
virus_comp_85_cycle_1_4,0,0,0,0,0,0,53,0,0,0,0,0,0,0,0,0,0,0,0,0,0,0,0,0,0,0,0,0,0,0,0,0,0,0,0,0,0,0,21,0,0,0,0,0,11,0,0,0,0,0,0,0,0,682,202,10,0,0,0,9,0,0,0,2,0,0,0,0,0,0,0,0,0,0,0,0,0,0,15,0,0,0,0,0,0,133,0,0,0,0,0,0,0,0,0,0,0,0,0,0,0,0,0,0,202,0,0,0,0,0
virus_comp_99_cycle_1_3,0,0,0,0,0,1641,0,0,0,0,0,0,0,0,0,0,0,0,0,0,0,0,0,0,0,0,0,0,4,0,0,0,0,0,0,0,0,0,0,0,0,0,0,0,0,0,0,0,0,0,0,0,0,0,0,0,0,0,235,36,57,0,0,4,0,0,0,0,64,0,0,0,0,0,0,0,0,0,0,0,0,0,0,0,0,0,4,55,46,0,0,0,5161,0,0,0,0,0,0,0,0,0,0,0,0,0,0,0,0,0
edge_187_1,0,0,0,0,0,0,0,0,0,0,0,0,0,0,0,0,0,0,0,0,129,0,0,0,0,0,0,0,0,0,0,0,0,0,0,0,0,0,0,0,0,0,0,0,0,30,0,0,0,0,0,0,0,0,0,0,0,0,8,8,0,0,0,0,0,0,0,0,0,0,0,0,0,0,31,23,411,34,26,0,0,0,0,0,0,10,0,0,0,0,0,0,92,0,0,0,0,0,0,0,0,0,0,0,0,0,0,0,0,0
edge_303_9,0,0,0,0,0,0,61,0,0,0,0,0,0,0,0,0,419,0,21,0,0,0,0,0,0,0,0,0,0,0,0,0,0,0,0,0,0,0,0,0,0,0,0,0,10,0,0,0,0,0,0,0,0,2251,417,0,0,0,0,43,0,0,0,7,0,0,0,0,0,0,0,0,0,0,0,0,0,0,55,0,0,0,0,0,0,353,0,0,0,0,0,0,0,0,0,0,0,0,0,0,0,0,0,0,394,0,0,0,0,0
edge_311_11,0,0,0,0,0,0,47,0,0,0,0,0,0,0,0,0,0,0,0,0,0,0,0,0,0,0,0,0,0,0,0,0,0,0,4,0,0,0,0,0,0,0,0,0,15,0,0,0,0,0,0,0,0,1860,39,177,0,0,0,19,0,0,0,12,0,0,0,0,0,0,0,0,0,0,0,0,0,0,43,0,0,0,0,0,0,249,0,0,0,0,0,0,0,0,0,0,0,0,0,0,0,0,0,0,222,0,0,0,0,0
edge_965_7,0,0,0,0,0,0,0,0,0,0,0,0,0,0,0,0,0,0,0,0,0,0,0,0,0,815,10,0,13,0,29,0,0,0,0,0,0,0,0,0,0,0,0,300,44,18,189,0,0,0,0,0,0,0,0,0,0,0,0,0,0,0,0,0,0,0,0,0,0,0,0,12,2,2,0,0,0,0,0,0,0,0,0,0,0,0,0,0,0,0,0,0,0,0,0,0,0,0,0,0,0,0,0,0,0,0,0,0,0,0
virus_comp_1133_cycle_1_10,0,0,0,0,0,0,0,0,0,0,0,0,35,0,0,0,0,0,0,0,0,0,0,0,0,0,0,0,16,0,0,0,90,0,0,0,0,0,263,0,0,0,0,0,0,0,0,0,0,0,0,0,0,0,0,59,0,0,0,0,0,0,0,0,0,0,0,0,0,0,0,0,0,0,0,0,0,0,0,0,0,0,0,0,0,0,0,6,0,0,0,0,0,0,0,0,0,0,0,0,0,0,0,435,681,1391,0,0,0,21
virus_comp_12035_cycle_1_2,0,0,0,0,0,0,0,0,0,0,0,0,0,0,0,0,0,0,0,0,0,0,0,0,0,6,781,728,76,0,0,0,0,0,0,0,0,0,0,0,0,0,0,0,0,0,0,0,0,0,0,0,0,0,0,0,0,0,0,425,51,0,0,0,0,0,0,0,0,0,0,0,14,0,0,0,0,0,0,98,28,550,0,0,0,0,0,0,0,0,0,0,0,0,0,0,0,0,0,0,0,0,0,0,0,0,0,0,0,0
virus_comp_17783_cycle_1_5,0,0,0,0,0,0,0,0,0,0,0,0,0,0,21,229,0,0,0,0,0,0,0,0,0,0,0,0,0,0,0,0,0,0,0,0,0,0,47,0,0,0,0,0,0,0,0,0,0,0,0,0,0,0,0,0,0,0,0,0,0,124,0,0,0,0,0,0,0,8,0,7,5,0,0,0,0,0,25,0,0,0,0,0,0,0,0,0,0,0,0,122,0,0,0,0,0,0,0,0,0,0,0,0,0,0,0,0,0,11
virus_comp_17798_cycle_1_1,0,0,0,0,0,0,0,0,0,0,0,0,0,0,25,0,0,106,0,0,0,0,0,0,0,0,0,0,0,0,0,0,0,0,0,0,0,0,0,0,0,0,0,83,0,1109,0,0,0,0,0,0,36,0,0,0,0,0,0,0,0,0,156,0,0,0,0,0,0,0,0,0,0,0,0,110,0,0,0,0,0,0,0,0,0,66,603,0,146,0,0,0,0,0,0,0,0,0,0,0,0,0,0,0,0,0,0,0,0,0
virus_comp_17955_cycle_1_1,0,0,139,0,0,0,1176,4177,0,0,0,0,0,0,0,0,0,0,0,0,0,0,0,0,0,0,0,0,0,0,0,0,0,0,0,0,0,0,0,0,0,827,0,0,0,0,0,0,0,0,0,0,36,34,0,0,0,0,0,0,0,0,0,0,0,0,0,0,0,0,165,0,0,0,0,0,34,212,0,0,0,0,0,0,0,0,0,0,34,0,0,0,0,0,0,0,0,0,0,0,0,0,0,0,0,0,0,0,0,0
virus_comp_2195_cycle_1_1,0,0,0,0,0,0,0,0,0,0,0,0,0,9,68551,3190,29847,9928,26599,0,0,0,0,0,0,0,0,0,0,0,0,0,0,0,0,0,0,0,0,0,0,0,0,0,0,0,0,0,0,0,0,0,0,31,169,94,480,0,0,0,0,0,0,0,0,0,0,0,0,0,0,0,0,0,0,0,0,0,0,0,0,0,0,0,0,0,0,0,0,0,0,0,0,0,0,0,0,0,0,0,0,0,0,0,0,0,0,0,0,0
virus_comp_2383_cycle_1_12,0,0,0,0,0,0,0,0,0,0,0,0,0,0,616,597,9658,50171,23860,0,0,0,0,0,0,0,159431,1108,15054,0,0,0,0,0,0,0,0,0,0,0,0,0,0,0,0,0,0,0,0,0,0,0,0,0,0,3,0,0,0,0,0,0,0,0,0,0,0,0,0,0,0,0,0,0,0,0,0,0,0,0,31,0,0,0,0,0,0,0,0,0,0,0,0,0,0,0,0,0,0,0,0,0,0,0,0,0,0,0,0,0
virus_comp_2438_cycle_1_11,0,0,0,0,0,0,0,0,0,0,0,0,0,0,483,519,8294,46015,21328,0,0,0,0,0,0,0,150753,1035,12200,0,0,0,0,0,0,0,0,0,0,0,0,0,0,0,0,0,0,0,0,0,0,0,0,0,0,8,0,0,0,0,0,0,0,0,0,0,0,0,0,0,0,0,0,0,0,0,0,0,0,0,32,0,0,0,0,0,0,0,0,0,0,0,0,0,0,0,0,0,0,0,0,0,0,0,0,0,0,0,0,0
virus_comp_2475_cycle_5_1,0,0,0,0,0,0,0,0,0,0,0,0,0,0,0,0,0,0,0,0,0,0,127,0,0,0,0,0,0,0,0,0,0,0,0,0,0,431,10874,0,0,0,0,0,0,0,0,0,0,0,181899,232,62,0,0,0,0,0,0,0,0,0,0,0,0,0,0,0,0,0,0,0,0,0,0,0,0,0,99,780,20562,473,0,0,0,0,0,0,0,0,0,0,0,0,0,0,0,0,0,0,0,0,0,0,0,0,0,0,0,0
virus_comp_2475_cycle_5_12,0,0,0,0,0,0,0,0,0,0,0,0,0,0,0,0,0,0,0,0,0,0,25,0,0,0,0,0,0,0,0,0,0,0,0,0,0,71,1891,0,0,0,0,0,0,0,0,0,0,0,13004,24,6,0,0,0,0,0,0,0,0,0,0,0,0,0,0,0,0,0,0,0,0,0,0,0,0,0,38,253,6031,141,0,0,0,0,0,0,0,0,0,0,0,0,0,0,0,0,0,0,0,0,0,0,0,0,0,0,0,0
virus_comp_2957_cycle_1_5,0,0,0,0,0,0,0,0,0,0,0,0,0,2,1811,395,939,993,152,0,0,0,0,0,0,0,0,0,0,0,0,0,0,0,0,0,0,0,0,0,0,0,0,0,0,0,0,0,0,0,0,0,0,318,1533,2672,53523,0,0,0,0,0,0,0,0,0,0,0,0,0,0,0,0,0,0,0,0,0,0,0,0,0,0,0,0,0,0,0,0,0,0,0,0,0,0,0,0,0,0,0,0,0,0,0,0,0,0,0,0,0
virus_comp_315_cycle_1_1,0,0,0,0,0,0,0,0,0,0,0,0,0,0,0,0,0,0,0,0,0,0,0,0,0,258,7802,4939,995,0,0,0,0,0,0,0,0,0,0,0,0,0,0,0,0,0,0,0,0,0,0,0,0,0,0,0,0,0,0,6343,132,0,0,0,0,0,0,0,0,0,0,0,115,0,0,0,0,0,0,416,182,32454,0,0,0,0,0,0,0,0,0,0,0,0,0,0,0,0,0,0,0,0,0,0,0,0,0,0,0,0
virus_comp_4502_cycle_1_5,0,0,0,0,0,0,0,0,0,0,0,0,0,0,0,0,341,0,0,0,0,0,0,0,0,0,0,0,0,0,0,0,0,0,0,0,0,211,0,0,0,0,0,0,0,0,0,0,0,0,0,0,0,0,0,0,0,0,0,0,0,0,0,0,0,0,0,0,523,0,0,76,125,0,0,0,0,0,0,261,0,0,0,0,0,0,0,0,0,0,0,0,0,0,0,0,0,0,0,0,0,0,50,471,206,784,0,0,0,0
virus_comp_5225_cycle_1_2,0,0,0,0,0,0,0,0,0,0,0,0,0,0,0,4869,10479,0,296,0,0,0,0,0,0,0,0,0,0,0,0,0,0,0,0,0,0,473,0,79,0,46,0,0,0,0,0,0,0,0,0,0,0,0,0,0,0,0,0,0,0,0,0,0,0,0,0,0,1107,0,0,237,448,0,0,0,0,0,0,467,0,0,0,0,0,0,0,0,0,0,0,0,0,0,0,0,0,0,0,0,0,0,0,0,0,0,0,0,0,0
virus_comp_6559_cycle_1_2,0,0,0,0,0,0,0,0,0,0,0,0,0,0,0,4827,10138,0,268,0,0,0,0,0,0,0,0,0,0,0,0,0,0,0,0,0,0,453,0,81,0,37,0,0,0,0,0,0,0,0,0,0,0,0,0,0,0,0,0,0,0,0,0,0,0,0,0,0,1136,0,0,213,471,0,0,0,0,0,0,522,0,0,0,0,0,0,0,0,0,0,0,0,0,0,0,0,0,0,0,0,0,0,0,0,0,0,0,0,0,0
virus_comp_6559_cycle_1_3,0,0,0,0,0,0,0,0,0,0,0,0,0,0,0,365,1223,0,0,0,0,0,0,0,0,0,0,0,0,0,0,0,0,0,0,0,0,110,0,19,0,0,0,0,0,0,0,0,0,0,0,0,0,0,0,0,0,0,0,0,0,0,0,0,0,0,0,0,385,0,0,103,87,0,0,0,0,0,0,179,0,0,0,0,0,0,0,0,0,0,0,0,0,0,0,0,0,0,0,0,0,0,0,350,250,0,0,0,0,0
virus_comp_73_cycle_1_13,0,0,0,0,0,0,0,14,0,0,0,0,0,0,0,0,0,0,0,0,0,0,0,0,0,0,0,0,0,0,0,0,0,0,0,0,0,0,0,0,0,0,0,0,0,0,0,0,0,0,0,0,0,1,0,0,0,7,16,5,0,8,0,0,0,0,0,0,0,0,0,0,0,0,0,24,0,0,0,0,0,0,0,0,2,5,0,0,0,0,0,0,0,0,0,0,0,0,5,0,0,0,0,0,0,0,0,0,0,0
virus_comp_86_cycle_1_5,0,0,0,0,0,0,0,0,0,0,0,0,0,0,0,0,33,0,0,0,0,0,0,0,0,0,0,0,0,0,0,0,0,0,0,0,0,0,0,0,0,0,0,0,0,0,0,0,0,0,0,0,0,170,18,10,7,0,0,9,0,0,0,7,0,0,0,0,0,0,0,0,0,0,0,0,0,0,8,0,0,0,0,0,0,19,0,0,0,0,0,0,0,0,0,0,0,0,0,0,0,0,0,0,41,0,0,0,0,0
virus_comp_88_cycle_1_3,0,0,0,0,0,0,24,0,0,0,0,0,0,0,0,0,0,0,47,0,0,0,0,0,0,0,0,0,0,0,0,0,0,0,0,0,0,0,9,0,0,0,0,0,0,0,0,0,0,0,0,0,0,620,23,60,0,0,0,41,0,0,0,0,0,0,0,0,0,0,0,0,0,0,0,0,0,0,18,0,0,0,0,0,0,87,0,0,0,0,0,0,0,0,0,0,0,0,0,0,0,0,0,0,469,0,0,0,0,0
virus_comp_88_cycle_1_5,0,0,0,0,0,0,80,0,0,0,0,0,0,0,0,0,0,0,15,0,0,0,0,0,0,0,0,0,0,0,0,0,0,0,0,0,0,0,0,0,0,0,0,0,6,0,0,0,0,0,0,0,0,1241,163,57,0,0,0,26,0,0,0,0,0,0,0,0,0,0,0,0,0,0,0,0,0,0,183,0,0,0,0,0,0,169,0,0,0,0,0,0,0,0,0,0,0,0,0,0,0,0,0,0,149,0,0,0,0,0
virus_comp_88_cycle_1_6,0,0,0,0,0,0,52,0,0,0,0,0,0,0,0,0,0,0,9,0,0,0,0,0,0,0,0,0,0,0,0,0,0,0,0,0,0,0,0,0,0,0,0,0,0,0,0,0,0,0,0,0,0,991,121,23,0,0,0,31,0,0,0,7,0,0,0,0,0,0,0,0,0,0,0,0,0,0,75,0,0,0,0,0,0,129,0,0,0,0,0,0,0,0,0,0,0,0,0,0,0,0,0,0,111,0,0,0,0,0
edge_187_2,0,0,50,0,0,0,0,20,0,0,0,0,0,0,0,0,0,0,0,0,82,0,0,0,0,0,0,0,0,0,0,0,0,0,0,0,0,0,0,0,0,0,0,0,0,21,0,0,0,0,0,0,0,0,0,0,0,0,0,12,0,0,0,0,0,0,0,0,0,0,0,0,0,0,37,22,591,33,63,0,0,0,0,0,0,0,0,0,0,0,0,0,0,0,0,0,0,0,0,0,0,0,0,0,0,0,0,0,0,0
edge_187_5,0,0,0,0,0,0,0,0,0,0,0,0,0,0,0,0,0,0,0,0,192,0,0,0,0,0,0,0,0,0,0,0,26,0,0,0,0,0,0,0,0,0,0,0,0,27,0,0,0,0,0,0,0,0,0,0,0,0,0,9,0,0,0,0,0,0,0,0,0,0,0,0,0,0,22,146,586,26,0,0,0,0,0,0,0,15,0,0,0,0,0,0,71,0,0,0,0,0,0,0,0,0,0,0,0,0,0,0,0,0
edge_2194_32,0,0,0,0,0,0,0,0,0,0,0,0,0,0,0,0,14,112,75,0,0,0,0,0,0,7,0,0,8,0,0,0,0,0,0,0,0,0,106,0,0,0,0,0,0,0,0,0,0,0,0,0,0,0,0,0,0,0,0,0,0,0,0,0,0,0,0,0,0,0,0,0,1,0,0,0,0,0,0,9,3,0,0,0,0,0,0,0,0,0,0,0,0,0,0,0,0,0,0,0,0,0,25,0,0,0,0,0,0,0
edge_295_54,0,0,0,0,0,0,19,0,0,0,0,0,0,0,0,0,32,0,0,0,0,0,0,0,0,0,0,0,0,0,0,0,0,0,0,0,0,0,0,0,0,0,0,0,2,0,0,0,0,0,0,0,0,451,34,0,0,5,0,14,0,0,0,0,0,0,0,0,0,0,0,0,0,0,0,0,0,0,31,0,0,0,0,0,0,101,0,0,0,0,0,0,0,0,0,0,0,0,0,0,0,0,0,0,116,0,0,0,0,0
edge_295_56,0,0,0,0,0,0,70,0,0,0,0,0,0,0,0,0,304,0,0,0,0,0,0,0,0,0,0,0,0,0,0,0,0,0,0,0,0,0,9,0,0,0,0,0,0,0,0,0,0,0,0,0,0,265,83,71,0,0,0,7,0,0,0,0,0,0,0,0,0,0,0,0,0,0,0,0,0,0,15,0,0,0,0,0,0,43,0,0,0,0,0,0,0,0,0,0,0,0,0,0,0,0,0,0,96,0,0,0,0,0
edge_295_57,0,0,0,0,0,0,46,0,0,0,0,0,0,0,0,0,317,0,4,0,0,0,0,0,0,0,0,0,0,0,0,0,0,0,0,0,0,0,0,0,0,0,0,0,4,0,0,0,0,0,0,0,0,681,145,0,0,0,0,13,0,0,0,0,0,0,0,0,0,0,0,0,0,0,0,0,0,0,20,0,0,0,0,0,0,76,0,0,0,0,0,0,0,0,0,0,0,0,0,0,0,0,0,0,159,0,0,0,0,0
edge_295_58,0,0,0,0,0,0,45,0,0,0,0,0,0,0,0,0,382,0,31,0,0,0,0,0,0,0,0,0,0,0,0,0,0,0,0,0,0,0,0,0,0,0,0,0,8,0,0,0,0,0,0,0,0,2149,349,0,0,0,0,35,0,0,0,0,0,0,0,0,0,0,0,0,0,0,0,0,0,0,56,0,0,0,0,0,0,360,0,0,0,0,0,0,0,0,0,0,0,0,0,0,0,0,0,0,385,0,0,0,0,0
edge_303_7,0,0,0,0,0,0,71,0,0,0,0,0,0,0,0,0,602,0,0,0,0,0,0,0,0,0,0,0,0,0,0,0,0,0,0,0,0,0,0,0,0,0,0,0,2,0,0,0,0,0,0,0,0,680,202,63,0,0,0,29,0,0,0,0,0,0,0,0,0,0,0,0,0,0,0,0,0,0,62,0,0,0,0,0,0,71,0,0,0,0,0,0,0,0,0,0,0,0,0,0,0,0,0,0,246,0,0,0,0,0
edge_311_10,0,0,0,0,0,0,34,0,0,0,0,0,0,0,0,0,0,0,56,0,0,0,0,0,0,0,0,0,0,0,0,0,0,0,0,0,0,0,0,0,0,0,0,0,0,0,0,0,0,0,0,0,0,1218,114,64,0,0,0,38,0,0,0,10,0,0,0,0,0,0,0,0,0,0,0,0,0,0,50,0,0,0,0,0,0,340,0,0,0,0,0,0,0,0,0,0,0,0,0,0,0,0,0,0,509,0,0,0,0,0
edge_311_13,0,0,0,0,0,0,101,0,0,0,0,0,0,0,0,0,0,0,0,0,0,0,0,0,0,0,0,0,0,0,0,0,0,0,0,0,0,0,159,0,0,0,0,0,0,0,0,0,0,0,0,0,0,7496,357,832,0,0,0,220,0,0,0,54,0,0,0,0,0,0,0,0,0,0,0,0,0,0,842,0,0,0,0,0,0,766,0,0,0,0,0,0,0,0,0,0,0,0,0,0,0,0,0,0,1371,0,0,0,0,0
edge_311_16,0,0,0,0,0,0,16,0,0,0,0,0,0,0,0,0,0,0,0,0,0,0,0,0,0,0,0,0,0,0,0,0,0,0,0,0,0,0,0,0,0,0,0,0,2,0,0,0,0,0,0,0,0,285,29,13,0,0,0,12,0,0,0,2,0,0,0,0,0,0,0,0,0,0,0,0,0,0,58,0,0,0,0,0,0,44,0,0,0,0,0,0,0,0,0,0,0,0,0,0,0,0,0,0,343,0,0,0,0,0
edge_311_17,0,0,0,0,0,0,32,0,0,0,0,0,0,0,0,0,0,0,0,0,0,0,0,0,0,0,0,0,0,0,0,2,0,0,0,0,0,0,0,0,0,0,0,0,0,0,0,0,0,0,0,0,0,448,26,33,0,0,0,22,0,0,0,8,0,0,0,0,0,0,0,0,0,0,0,0,0,0,113,0,0,0,0,0,0,86,0,0,0,0,0,0,0,0,0,0,0,0,0,0,0,0,0,0,802,0,0,0,0,0
edge_311_18,0,0,0,0,0,0,39,0,0,0,0,0,0,0,0,0,0,0,45,0,0,0,0,0,0,0,0,0,0,0,0,0,0,0,0,0,0,0,0,0,0,0,0,0,10,0,0,0,0,0,0,0,0,2040,970,160,0,0,0,54,0,0,0,0,0,0,0,0,0,0,0,0,0,0,0,0,0,0,228,0,0,0,0,0,0,282,0,0,0,0,0,0,0,0,0,0,0,0,0,0,0,0,0,0,620,0,0,0,0,0
edge_311_8,0,0,0,0,0,0,54,0,0,0,0,0,0,0,0,0,0,0,10,0,0,0,0,0,0,0,0,0,0,0,0,0,0,0,0,0,0,0,0,0,0,0,0,0,0,0,0,0,0,0,0,0,0,1021,135,25,0,0,0,21,0,0,0,8,0,0,0,0,0,0,0,0,0,0,0,0,0,0,80,0,0,0,0,0,0,112,0,0,0,0,0,0,0,0,0,0,0,0,0,0,0,0,0,0,115,0,0,0,0,0
edge_48666_3,0,0,0,0,0,0,31,0,0,0,0,0,0,0,0,0,0,0,0,0,0,0,0,0,0,0,0,0,0,0,0,0,0,0,0,0,0,0,101,0,0,0,0,0,6,0,0,0,0,0,0,0,0,924,99,91,0,0,0,21,0,0,0,0,0,0,0,0,0,0,0,0,0,0,0,0,0,0,38,0,0,0,0,0,0,424,0,0,0,0,0,0,0,0,0,0,0,0,0,0,0,0,0,0,209,0,0,0,0,0
virus_comp_1103_cycle_1_4,0,0,0,0,0,0,0,0,0,0,0,0,0,0,0,90,165,0,0,0,0,0,0,0,0,0,0,0,0,0,0,0,0,0,0,0,0,0,0,0,0,0,0,0,0,0,0,0,0,0,0,0,0,0,0,0,0,0,0,0,0,0,0,0,0,0,0,0,245,0,0,34,53,0,0,0,0,0,0,153,0,0,0,0,0,0,0,0,0,0,0,0,0,0,0,0,0,0,0,0,0,0,0,255,149,218,0,0,0,0
virus_comp_1105_cycle_1_2,0,0,0,0,0,0,0,0,0,0,0,0,0,0,0,572,63,0,42,0,0,0,0,0,0,0,0,0,0,0,0,0,0,0,0,0,0,906,0,52,0,0,0,0,0,0,0,0,0,0,0,0,0,0,0,0,0,0,0,0,0,0,0,0,0,0,0,0,409,0,0,139,359,0,0,0,0,0,0,461,0,0,0,0,0,0,0,0,0,0,0,0,0,0,0,0,0,0,0,0,0,0,0,0,0,0,0,0,0,0
virus_comp_12_cycle_1_13,0,0,0,0,0,0,0,0,0,0,0,0,0,0,26,229,0,0,0,0,3,0,0,0,0,0,0,0,0,0,0,0,0,0,0,0,0,0,50,0,0,0,0,0,0,0,0,0,0,0,0,0,0,0,0,0,0,0,0,0,0,135,0,0,0,0,0,0,0,0,0,0,4,0,0,0,0,0,22,0,0,0,0,0,0,0,0,0,0,0,0,133,0,0,0,0,0,0,0,0,0,0,0,0,0,0,0,0,0,12
virus_comp_17808_cycle_1_4,0,0,0,0,0,0,0,0,0,0,0,0,0,0,0,0,1665,815,434,0,0,0,0,0,0,0,0,0,0,0,0,0,0,0,0,0,0,0,0,0,0,0,0,0,0,0,0,0,0,0,0,0,0,0,0,0,0,0,0,0,2,0,0,0,0,0,0,0,0,11,0,0,0,0,0,0,0,0,0,0,71,16,0,0,0,0,0,0,0,0,0,0,0,0,0,0,0,0,0,0,0,154,678,0,0,0,0,0,0,0
virus_comp_18547_cycle_1_1,0,0,0,0,0,0,0,0,0,0,0,0,0,0,13,0,50,0,0,0,0,0,0,0,0,0,0,0,0,0,0,0,0,0,0,0,0,0,0,0,0,0,0,40,0,0,56,0,0,0,0,0,0,0,134,0,20,0,0,0,0,0,0,0,0,0,0,0,0,0,0,0,0,0,0,0,0,0,0,0,0,193,0,0,0,0,0,0,0,0,0,0,0,34,0,0,0,0,0,0,0,0,0,0,428,0,0,0,0,0
virus_comp_2200_cycle_1_3,0,0,0,0,0,0,0,0,0,0,0,0,0,0,4,2,1,1,1,0,0,0,0,0,0,0,0,0,0,0,0,0,0,0,0,0,0,0,0,0,0,0,0,0,0,0,0,0,0,0,0,0,0,2,4,5,41,0,0,0,0,0,0,0,0,0,0,0,0,0,0,0,0,0,0,0,0,0,0,0,0,0,0,0,0,0,0,0,0,0,0,0,0,0,0,0,0,0,0,0,0,0,0,0,0,0,0,0,0,0
virus_comp_2394_cycle_1_4,0,0,0,0,0,0,0,0,0,0,0,0,0,0,41,24,994,3051,1214,0,0,0,0,0,0,0,25876,101,2710,0,0,0,0,0,0,0,0,0,0,0,0,0,0,0,0,0,0,0,0,0,0,0,0,0,0,0,0,0,0,0,0,0,0,0,0,0,0,0,0,0,0,0,0,0,0,0,0,0,0,0,3,0,0,0,0,0,0,0,0,0,0,0,0,0,0,0,0,0,0,0,0,0,0,0,0,0,0,0,0,0
virus_comp_2438_cycle_1_13,0,0,0,0,0,0,0,0,0,0,0,0,0,0,1144,501,11869,66924,47996,0,0,0,0,0,0,0,206434,2179,18699,0,0,0,0,0,0,0,0,0,0,0,0,0,0,0,0,0,0,0,0,0,0,0,0,0,0,0,0,0,0,0,0,0,0,0,0,0,0,0,0,0,0,0,0,0,0,0,0,0,0,0,43,0,0,0,0,0,0,0,0,0,0,0,0,0,0,0,0,0,0,0,0,0,0,0,0,0,0,0,0,0
virus_comp_2438_cycle_1_15,0,0,0,0,0,0,0,0,0,0,0,0,0,0,87,44,1371,1982,1101,0,0,0,0,0,0,0,5570,37,879,0,0,0,0,0,0,0,0,0,0,0,0,0,0,0,0,0,0,0,0,0,0,0,0,0,0,0,0,0,0,0,0,0,0,0,0,0,0,0,0,0,0,0,0,0,0,0,0,0,0,0,20,0,0,0,0,0,0,0,0,0,0,0,0,0,0,0,0,0,0,0,0,0,0,0,0,0,0,0,0,0
virus_comp_2438_cycle_1_2,0,0,0,0,0,0,0,0,0,0,0,0,0,0,275,19,6392,17925,1976,0,0,0,0,0,0,0,40148,208,6046,0,0,0,0,0,0,0,0,0,0,0,0,0,0,0,0,0,0,0,0,0,0,0,0,0,0,0,0,0,0,0,0,0,0,0,0,0,0,0,0,0,0,0,0,0,0,0,0,0,0,0,25,0,0,0,0,0,0,0,0,0,0,0,0,0,0,0,0,0,0,0,0,0,0,0,0,0,0,0,0,0
virus_comp_2475_cycle_5_5,0,0,0,0,0,0,0,0,0,0,0,0,0,0,0,0,0,0,0,0,0,0,96,0,0,0,0,0,0,0,0,0,0,0,0,0,0,267,11993,0,0,0,0,0,0,0,0,0,0,0,26890,62,0,0,0,0,0,0,0,0,0,0,0,0,0,0,0,0,0,0,0,0,0,0,0,0,0,0,60,407,15027,365,0,0,0,0,0,0,0,0,0,0,0,0,0,0,0,0,0,0,0,0,0,0,0,0,0,0,0,0
virus_comp_2475_cycle_5_6,0,0,0,0,0,0,0,0,0,0,0,0,0,0,0,0,0,0,0,0,0,0,101,0,0,0,0,0,0,0,0,0,0,0,0,0,0,467,42038,0,0,0,0,0,0,0,0,0,0,0,31930,27,0,0,0,0,0,0,0,0,0,0,0,0,0,0,0,0,0,0,0,0,0,0,0,0,0,0,241,1653,47938,661,0,0,0,0,0,0,0,0,0,0,0,0,0,0,0,0,0,0,0,0,0,0,0,0,0,0,0,0
virus_comp_2476_cycle_1_3,0,0,0,0,0,0,0,0,0,0,0,0,0,0,0,0,0,0,0,0,0,0,68,0,0,0,0,0,0,0,0,0,0,0,0,0,0,321,25485,0,0,0,0,0,0,0,0,0,0,0,24929,32,0,0,0,0,0,0,0,0,0,0,0,0,0,0,0,0,0,0,0,0,0,0,0,0,0,0,100,689,25936,307,0,0,0,0,0,0,0,0,0,0,0,0,0,0,0,0,0,0,0,0,0,0,0,0,0,0,0,0
virus_comp_2477_cycle_1_3,0,0,0,0,0,0,0,0,0,0,0,0,0,0,0,0,0,0,0,0,0,0,0,0,0,0,0,0,0,0,0,0,0,0,0,0,0,16,4624,0,0,0,0,0,0,0,0,0,0,0,11370,16,5,0,0,0,0,0,0,0,0,0,0,0,0,0,0,0,0,0,0,0,0,0,0,0,0,0,56,563,4993,145,0,0,0,0,0,0,0,0,0,0,0,0,0,0,0,0,0,0,0,0,0,0,0,0,0,0,0,0
virus_comp_2477_cycle_1_5,0,0,0,0,0,0,0,0,0,0,0,0,0,0,0,0,0,0,0,0,0,0,0,0,0,0,0,0,0,0,0,0,0,0,0,0,0,147,22029,0,0,0,0,0,0,0,0,0,0,0,40491,32,2,0,0,0,0,0,0,0,0,0,0,0,0,0,0,0,0,0,0,0,0,0,0,0,0,0,50,790,9681,554,0,0,0,0,0,0,0,0,0,0,0,0,0,0,0,0,0,0,0,0,0,0,0,0,0,0,0,0
virus_comp_2477_cycle_1_6,0,0,0,0,0,0,0,0,0,0,0,0,0,0,0,0,0,0,0,0,0,0,0,0,0,0,0,0,0,0,0,0,0,0,0,0,0,0,1,0,0,0,0,0,0,0,0,0,0,0,50154,85,0,0,0,0,0,0,2,1,0,0,0,0,0,0,0,0,0,0,0,0,0,0,0,0,0,0,79,693,12159,353,0,0,0,0,0,0,0,0,0,0,0,0,0,0,0,0,0,0,0,0,0,0,0,0,0,0,0,0
virus_comp_2477_cycle_1_7,0,0,0,0,0,0,0,0,0,0,0,0,0,0,0,0,0,0,0,0,0,0,64,0,0,0,0,0,0,0,0,0,0,0,0,0,0,360,36172,0,0,0,0,0,0,0,0,0,0,0,18471,26,0,0,0,0,0,0,0,0,0,0,0,0,0,0,0,0,0,0,0,0,0,0,0,0,0,0,103,854,27876,361,0,0,0,0,0,0,0,0,0,0,0,0,0,0,0,0,0,0,0,0,0,0,0,0,0,0,0,0
virus_comp_250_cycle_1_139,0,0,0,0,0,0,0,0,0,0,0,0,0,0,0,0,0,0,0,0,0,0,0,0,0,2909,14,0,33,0,0,0,0,0,0,0,0,0,0,0,0,0,0,1351,226,86,352,0,0,0,0,0,0,0,0,0,0,0,0,0,0,0,0,0,0,0,0,0,0,0,0,22,15,0,0,0,0,0,0,0,0,0,0,0,0,0,0,0,0,0,0,0,0,0,0,0,0,0,0,0,0,0,0,0,0,0,0,0,0,0
virus_comp_250_cycle_1_148,0,0,0,0,0,0,0,0,0,0,0,0,0,0,0,0,0,0,0,0,0,0,0,0,0,6783,9,0,17,0,0,0,0,0,0,0,0,0,0,0,0,0,0,173,127,22,204,0,0,0,0,0,0,0,0,0,0,0,0,0,0,0,0,0,0,0,0,0,0,0,0,12,9,0,0,0,0,0,0,0,0,0,0,0,0,0,0,0,0,0,0,0,0,0,0,0,0,0,0,0,0,0,0,0,0,0,0,0,0,0
virus_comp_250_cycle_1_149,0,0,0,0,0,0,0,0,0,0,0,0,0,0,0,0,0,0,0,0,0,0,0,0,0,14988,30,0,29,0,0,0,0,0,0,0,0,0,0,0,0,0,0,23070,11957,1493,12059,0,0,0,0,0,0,0,0,0,0,0,0,0,0,0,0,0,0,0,0,0,0,0,0,28,18,0,0,0,0,0,0,0,0,0,0,0,0,0,0,0,0,0,0,0,0,0,0,0,0,0,0,0,0,0,0,0,0,0,0,0,0,0
virus_comp_250_cycle_1_150,0,0,0,0,0,0,0,0,0,0,0,0,0,0,0,0,0,0,0,0,0,0,0,0,0,3507,5,0,11,0,0,0,0,0,0,0,0,0,0,0,0,0,0,230,106,31,213,0,0,0,0,0,0,0,0,0,0,0,0,0,0,0,0,0,0,0,0,0,0,0,0,9,8,0,0,0,0,0,0,0,0,0,0,0,0,0,0,0,0,0,0,0,0,0,0,0,0,0,0,0,0,0,0,0,0,0,0,0,0,0
virus_comp_250_cycle_1_165,0,0,0,0,0,0,0,0,0,0,0,0,0,0,0,0,0,0,0,0,0,0,0,0,0,5311,26,0,18,0,0,0,0,0,0,0,0,0,0,0,0,0,0,4641,4303,519,2541,0,0,0,0,0,0,0,0,0,0,0,0,0,0,0,0,0,0,0,0,0,0,0,0,10,18,0,0,0,0,0,0,0,0,0,0,0,0,0,0,0,0,0,0,0,0,0,0,0,0,0,0,0,0,0,0,0,0,0,0,0,0,0
virus_comp_250_cycle_1_190,0,0,0,0,0,0,0,0,0,0,0,0,0,0,0,0,0,0,0,0,0,0,0,0,0,426,0,0,3,0,28,0,0,0,0,0,0,0,0,0,0,0,0,448,82,66,209,0,0,0,0,0,0,0,0,0,0,0,0,0,0,0,0,0,0,0,0,0,0,0,0,3,3,0,0,0,0,0,0,0,0,0,0,0,0,0,0,0,0,0,0,0,0,0,0,0,0,0,0,0,0,0,0,0,0,0,0,0,0,0
virus_comp_280_cycle_1_2,0,0,0,0,0,0,0,0,0,0,0,0,0,0,0,0,0,0,0,0,0,0,0,0,0,1545,0,0,16,0,118,0,0,0,0,0,0,0,0,0,0,0,0,2452,459,188,730,0,0,0,0,0,0,0,0,0,0,0,0,0,0,0,0,0,0,0,0,0,0,0,0,10,16,0,0,0,0,0,0,0,0,0,0,0,0,0,0,0,0,0,0,0,0,0,0,0,0,0,0,0,0,0,0,0,0,0,0,0,0,0
virus_comp_407_cycle_1_9,0,0,0,0,0,0,149,0,0,0,0,0,701,0,0,0,0,47,0,0,0,0,0,0,0,0,0,0,0,0,0,0,0,0,0,3075,0,0,475,0,0,0,0,0,0,0,0,0,0,0,0,0,0,6880,335,0,0,0,0,0,0,0,0,0,0,0,0,0,0,0,0,0,0,0,0,0,0,30,167,0,0,0,0,0,0,0,0,0,0,0,0,0,0,0,0,0,0,0,0,0,0,0,0,0,0,0,0,0,0,0
virus_comp_593_cycle_1_28,0,0,0,0,0,0,0,0,0,0,0,0,0,0,0,23,109,13,28,0,0,0,0,0,0,0,0,0,0,0,0,0,0,0,0,0,0,0,0,0,0,0,0,0,0,0,0,0,0,0,0,0,0,0,0,0,0,0,0,0,0,0,0,7,0,0,0,0,0,0,0,0,28,6,0,0,0,0,0,0,7,43,0,0,0,0,0,0,0,0,0,0,0,0,0,0,0,0,0,0,0,0,0,0,0,0,0,0,0,0
virus_comp_593_cycle_1_96,0,0,0,0,0,0,0,0,0,0,0,0,0,0,0,37,109,18,21,0,0,0,0,0,0,0,0,0,0,0,0,0,0,0,0,0,0,0,0,0,0,0,0,0,0,0,0,0,0,0,0,0,0,0,0,0,0,0,0,0,0,0,0,8,0,0,0,0,0,0,0,0,39,10,0,0,0,0,0,0,7,39,0,0,0,0,0,0,0,0,0,0,0,0,0,0,0,0,0,0,0,0,0,0,0,0,0,0,0,0
virus_comp_645_cycle_1_8,0,0,0,0,0,0,0,0,0,0,0,0,0,0,0,32,119,18,26,0,0,0,0,0,0,0,0,0,0,0,0,0,0,0,0,0,0,0,0,0,0,0,0,0,0,0,0,0,0,0,0,0,0,0,0,0,0,0,0,0,0,0,0,10,0,0,0,0,0,0,0,0,35,4,0,0,0,0,0,0,3,41,0,0,0,0,0,0,0,0,0,0,0,0,0,0,0,0,0,0,0,0,0,0,0,0,0,0,0,0
virus_comp_85_cycle_1_3,0,0,0,0,0,0,0,0,0,0,0,0,0,0,0,0,0,0,0,0,0,0,0,0,0,0,0,0,0,0,0,0,0,0,0,0,0,0,0,0,0,0,0,0,14,0,0,0,0,0,0,0,0,2376,257,137,25,0,0,51,0,0,0,0,0,0,0,0,0,0,0,0,0,0,0,0,0,0,191,0,0,0,0,0,0,343,0,0,0,0,0,0,0,0,0,0,0,0,0,0,0,0,0,0,659,0,0,0,0,0
virus_comp_88_cycle_1_2,0,0,0,0,0,0,97,0,0,0,0,0,0,0,0,0,0,0,0,0,0,0,0,0,0,0,0,0,0,0,0,0,0,0,0,0,0,0,0,0,0,0,0,0,14,0,0,0,0,0,0,0,0,1274,73,179,0,0,0,53,0,0,0,0,0,0,0,0,0,0,0,0,0,0,0,0,0,0,80,0,0,0,0,0,0,181,0,0,0,0,0,0,0,0,0,0,0,0,0,0,0,0,0,0,267,0,0,0,0,0
edge_187_3,0,0,0,0,0,0,0,52,0,0,0,0,0,0,0,0,0,0,0,0,374,0,0,0,0,0,0,0,0,0,0,0,0,0,0,0,0,0,0,0,0,0,0,0,0,72,0,0,0,0,0,0,0,0,0,0,0,0,0,31,0,0,0,0,0,0,0,0,0,0,0,0,0,0,82,123,1755,138,0,0,0,0,0,0,0,0,0,0,0,0,0,0,136,0,0,0,0,0,0,0,0,0,0,0,0,0,0,0,0,0
edge_187_6,0,0,0,0,0,0,0,0,0,0,0,0,0,0,0,0,0,0,0,0,281,0,0,0,0,0,0,0,0,0,0,0,23,0,0,0,0,0,0,0,0,0,0,0,0,24,0,0,0,0,0,0,0,0,0,0,0,56,0,0,0,0,0,0,0,0,0,0,0,0,0,0,0,0,15,4,149,28,0,0,0,0,0,0,0,0,0,0,0,0,0,0,49,0,0,0,0,0,0,0,0,0,0,0,0,0,0,0,0,0
edge_187_8,0,0,0,0,0,0,0,0,0,0,0,0,0,0,0,0,0,0,0,0,126,0,0,0,0,0,0,0,0,0,0,0,0,0,0,0,0,0,0,0,0,0,0,0,0,8,0,0,0,0,0,0,0,0,0,0,0,0,0,10,0,0,0,0,0,0,0,0,0,0,0,0,0,0,23,18,98,14,53,0,0,0,0,0,0,0,0,0,0,0,0,0,30,0,0,0,0,0,0,0,0,0,0,0,0,0,0,0,0,0
edge_2486_41,0,0,0,0,0,0,0,0,0,0,0,0,0,0,0,0,0,0,0,0,0,0,0,0,0,0,0,0,0,0,0,0,55,0,0,0,0,0,0,0,0,0,0,0,0,0,0,0,0,0,0,0,0,4,0,0,0,107,0,20,0,0,0,0,0,0,5,0,0,0,0,0,0,0,0,0,7,0,0,18,0,8,0,0,0,1197,0,0,0,0,0,0,0,0,0,0,0,0,0,0,0,0,0,0,0,0,0,0,0,0
edge_311_15,0,0,0,0,0,0,62,0,0,0,0,0,0,0,0,0,0,0,0,0,0,0,0,0,0,0,0,0,0,0,0,0,0,0,0,0,0,0,0,0,0,0,0,0,0,0,0,0,0,0,0,0,0,1853,136,94,0,0,0,19,0,0,0,7,0,0,0,0,0,0,0,0,0,0,0,0,0,0,171,0,0,0,0,0,0,156,0,0,0,0,0,0,0,0,0,0,0,0,0,0,0,0,0,0,553,0,0,0,0,0
edge_311_19,0,0,0,0,0,0,36,0,0,0,0,0,0,0,0,0,0,0,15,0,0,0,0,0,0,0,0,0,0,0,0,0,0,0,0,0,0,0,0,0,0,0,0,0,0,0,0,0,0,0,0,0,0,1012,909,89,0,0,0,19,0,0,0,0,0,0,0,0,0,0,0,0,0,0,0,0,0,0,87,0,0,0,0,0,0,173,0,0,0,0,0,0,0,0,0,0,0,0,0,0,0,0,0,0,305,0,0,0,0,0
edge_311_9,0,0,0,0,0,0,67,0,0,0,0,0,0,0,0,0,0,0,11,0,0,0,0,0,0,0,0,0,0,0,0,0,0,0,0,0,0,0,0,0,0,0,0,0,0,0,0,0,0,0,0,0,0,1194,151,62,0,0,0,23,0,0,0,0,0,0,0,0,0,0,0,0,0,0,0,0,0,0,187,0,0,0,0,0,0,195,0,0,0,0,0,0,0,0,0,0,0,0,0,0,0,0,0,0,137,0,0,0,0,0
edge_48666_1,0,0,0,0,0,0,218,0,0,0,0,0,0,0,0,0,0,0,0,0,0,0,0,0,0,0,0,0,0,0,0,0,0,0,0,0,0,0,0,0,0,0,0,0,31,0,0,0,0,0,0,0,0,4558,630,501,0,0,0,215,0,0,0,0,0,0,0,0,0,0,0,0,0,0,0,0,0,0,364,0,0,0,0,0,0,834,0,0,0,0,0,0,0,0,0,0,0,0,0,0,0,0,0,0,685,0,0,0,0,0
edge_48666_2,0,0,0,0,0,0,123,0,0,0,0,0,0,0,0,0,0,0,0,0,0,0,0,0,0,0,0,0,0,0,0,0,0,0,0,0,0,0,0,0,0,0,0,0,23,0,0,0,0,0,0,0,0,1946,851,291,0,0,0,58,0,0,0,0,0,0,0,0,0,0,0,0,0,0,0,0,0,0,155,0,0,0,0,0,0,875,0,0,0,0,0,0,0,0,0,0,0,0,0,0,0,0,0,0,238,0,0,0,0,0
virus_comp_1103_cycle_1_10,0,0,0,0,0,0,0,0,0,0,0,0,0,0,0,0,1033,0,0,0,0,0,0,0,0,0,0,0,0,0,0,0,0,0,0,0,0,799,0,0,0,0,0,0,0,0,0,0,0,0,0,0,0,0,0,0,0,0,0,0,0,0,0,0,0,0,0,0,1979,0,0,203,221,0,0,0,0,0,0,5199,0,0,0,0,0,0,0,0,0,0,0,0,0,0,0,0,0,0,0,0,0,0,229,999,0,0,0,0,0,0
virus_comp_1392_cycle_1_1,0,0,0,0,0,0,0,0,0,0,0,0,0,0,0,0,0,0,0,0,0,0,0,0,0,0,0,0,0,0,0,0,0,0,0,0,0,0,0,0,0,0,0,0,0,0,0,0,0,0,0,0,0,32387,6360,121,0,0,0,0,0,0,0,0,0,0,0,0,0,0,362505,886,97,8,0,0,0,0,0,0,0,0,0,0,0,0,0,0,30,0,0,0,0,0,0,0,0,0,0,0,0,0,0,0,0,0,0,0,0,0
virus_comp_1727_cycle_1_2,0,0,0,0,0,0,0,0,0,0,0,0,0,0,0,0,3077,0,0,0,0,0,0,0,0,0,253,119,39,0,0,0,0,0,0,0,0,0,0,0,0,0,0,0,0,0,0,0,0,0,0,0,0,0,0,0,0,0,0,160,0,0,0,0,0,0,0,0,0,0,0,0,0,0,0,0,0,0,0,21,30,346,0,0,0,0,0,0,0,0,0,0,0,0,0,0,0,0,0,0,0,0,0,0,0,0,0,0,0,0
virus_comp_18118_cycle_1_10,0,0,0,0,0,0,0,0,0,0,0,0,0,0,0,0,0,0,0,0,0,0,0,0,0,0,0,0,0,0,0,0,0,0,0,0,0,3,16,0,0,0,0,0,0,0,0,0,0,0,0,0,0,0,0,79,0,0,0,0,0,0,0,0,0,0,0,0,0,0,0,0,0,0,0,0,0,23,325,36,0,0,0,0,0,0,0,0,0,0,0,0,0,0,0,0,0,0,96,0,0,0,0,0,0,1289,0,0,0,0
virus_comp_18118_cycle_1_8,0,0,0,0,0,0,0,0,0,0,0,0,0,0,0,0,0,0,0,0,0,0,0,0,0,0,0,0,0,0,0,0,0,0,0,0,0,0,0,0,0,0,0,0,0,0,0,0,0,0,0,0,0,0,0,0,0,0,0,2,0,0,0,0,0,0,5,0,0,0,0,0,0,0,0,0,0,5,62,3,0,3,0,0,0,0,0,0,0,0,0,0,0,0,0,0,0,0,18,0,0,4,0,0,0,0,0,0,0,0
virus_comp_2119_cycle_1_3,0,0,0,0,0,0,36,0,0,0,0,0,0,0,0,0,0,0,0,0,0,0,0,0,0,0,0,0,0,0,0,0,0,0,0,0,0,0,0,0,0,0,0,0,5,0,0,0,0,0,0,0,0,666,85,25,0,0,0,15,0,0,0,0,0,0,0,0,0,0,0,0,0,0,0,0,0,0,192,0,0,0,0,0,0,36,0,0,0,0,0,0,0,0,0,0,0,0,0,0,0,0,0,0,0,0,0,0,0,0
virus_comp_2383_cycle_1_7,0,0,0,0,0,0,0,0,0,0,0,0,0,0,298,122,4621,15903,2925,0,0,0,0,0,0,0,7538,68,988,0,0,0,0,0,0,0,0,0,0,0,0,0,0,0,0,0,0,0,0,0,0,0,0,0,0,0,0,0,0,0,0,0,0,0,0,0,0,0,0,0,0,0,0,0,0,0,0,0,0,0,0,0,0,0,0,0,0,0,0,0,0,0,0,0,0,0,0,0,0,0,0,0,0,0,0,0,0,0,0,0
virus_comp_2393_cycle_1_4,0,0,0,0,0,0,0,0,0,0,0,0,0,0,955,347,7164,25668,23098,0,0,0,0,0,0,0,487781,4418,72234,0,0,0,0,0,0,0,0,0,0,0,0,0,0,0,0,0,0,0,0,0,0,0,0,0,0,0,0,0,0,0,0,0,0,0,0,0,0,0,0,0,0,0,0,0,0,0,0,0,0,0,0,0,0,0,0,0,0,0,0,0,0,0,0,0,0,0,0,0,0,0,0,0,0,0,0,0,0,0,0,0
virus_comp_2394_cycle_1_2,0,0,0,0,0,0,0,0,0,0,0,0,0,0,543,266,7399,32065,21701,0,0,0,0,0,0,0,13610,145,1240,0,0,0,0,0,0,0,0,0,0,0,0,0,0,0,0,0,0,0,0,0,0,0,0,0,0,0,0,0,0,0,0,0,0,0,0,0,0,0,0,0,0,0,0,0,0,0,0,0,0,0,0,0,0,0,0,0,0,0,0,0,0,0,0,0,0,0,0,0,0,0,0,0,0,0,0,0,0,0,0,0
virus_comp_2396_cycle_1_6,0,0,0,0,0,0,0,0,0,0,0,0,0,0,1270,390,13332,78567,83829,0,0,0,0,0,0,0,9684,68,1326,0,0,0,0,0,0,0,0,0,0,0,0,0,0,0,0,0,0,0,0,0,0,0,0,0,0,0,0,0,0,0,0,0,0,0,0,0,0,0,0,0,0,0,0,0,0,0,0,0,0,0,0,0,0,0,0,0,0,0,0,0,0,0,0,0,0,0,0,0,0,0,0,0,0,0,0,0,0,0,0,0
virus_comp_2396_cycle_1_7,0,0,0,0,0,0,0,0,0,0,0,0,0,0,1433,795,23794,48938,16068,0,0,0,0,0,0,0,62604,433,12937,0,0,0,0,0,0,0,0,0,0,0,0,0,0,0,0,0,0,0,0,0,0,0,0,0,0,0,0,0,0,0,0,0,0,0,0,0,0,0,0,0,0,0,0,0,0,0,0,0,0,0,0,0,0,0,0,0,0,0,0,0,0,0,0,0,0,0,0,0,0,0,0,0,0,0,0,0,0,0,0,0
virus_comp_2396_cycle_1_8,0,0,0,0,0,0,0,0,0,0,0,0,0,0,293,122,4736,15755,3076,0,0,0,0,0,0,0,7697,56,998,0,0,0,0,0,0,0,0,0,0,0,0,0,0,0,0,0,0,0,0,0,0,0,0,0,0,0,0,0,0,0,0,0,0,0,0,0,0,0,0,0,0,0,0,0,0,0,0,0,0,0,0,0,0,0,0,0,0,0,0,0,0,0,0,0,0,0,0,0,0,0,0,0,0,0,0,0,0,0,0,0
virus_comp_2438_cycle_1_12,0,0,0,0,0,0,0,0,0,0,0,0,0,0,205,324,6337,29474,15668,0,0,0,0,0,0,0,1021,0,61,0,0,0,0,0,0,0,0,0,0,0,0,0,0,0,0,0,0,0,0,0,0,0,0,0,0,0,0,0,0,0,0,0,0,0,0,0,0,0,0,0,0,0,0,0,0,0,0,0,0,0,4,0,0,0,0,0,0,0,0,0,0,0,0,0,0,0,0,0,0,0,0,0,0,0,0,0,0,0,0,0
virus_comp_2438_cycle_1_6,0,0,0,0,0,0,0,0,0,0,0,0,0,0,244,0,976,9981,1322,0,0,0,0,0,0,0,97944,913,6315,0,0,0,0,0,0,0,0,0,0,0,0,0,0,0,0,0,0,0,0,0,0,0,0,0,0,0,0,0,0,0,0,0,0,0,0,0,0,0,0,0,0,0,0,0,0,0,0,0,0,0,17,0,0,0,0,0,0,0,0,0,0,0,0,0,0,0,0,0,0,0,0,0,0,0,0,0,0,0,0,0
virus_comp_2475_cycle_5_8,0,0,0,0,0,0,0,0,0,0,0,0,0,0,0,0,0,0,0,0,0,0,0,0,0,0,0,0,0,0,0,0,0,0,0,0,0,139,22578,0,0,0,0,0,0,0,0,0,0,0,39578,45,0,0,0,0,0,0,0,0,0,0,0,0,0,0,0,0,0,0,0,0,0,0,0,0,0,0,58,844,9892,533,0,0,0,0,0,0,0,0,0,0,0,0,0,0,0,0,0,0,0,0,0,0,0,0,0,0,0,0
virus_comp_2945_cycle_1_6,0,0,0,0,0,0,1,0,0,0,0,0,0,0,0,0,0,0,0,0,0,0,0,0,0,0,0,0,0,0,0,0,0,0,0,0,0,0,0,0,0,0,0,0,0,0,0,0,0,0,0,0,0,3,0,0,0,10,0,0,0,4,0,0,0,0,0,0,0,0,0,0,0,0,0,0,4,1,0,11,0,0,0,0,0,31,0,0,0,0,0,0,0,0,0,0,0,0,0,0,0,0,0,0,0,0,0,0,0,0
virus_comp_3464_cycle_1_2,0,0,0,0,0,0,0,0,0,0,0,0,0,0,0,0,0,3280,131,0,0,0,0,0,0,1161,284,0,0,0,0,0,0,0,0,0,0,0,0,0,0,0,0,0,0,0,0,0,0,0,0,0,0,0,0,0,0,0,0,0,0,0,0,16,0,0,0,0,0,0,0,41,179,8,0,0,0,0,0,0,0,0,0,0,0,0,0,0,0,0,0,0,0,0,0,0,0,0,0,0,0,0,0,0,0,0,0,0,0,0
virus_comp_407_cycle_1_8,0,0,0,0,0,0,238,0,0,0,0,0,142,0,0,0,0,88,0,0,0,0,0,0,0,0,0,0,0,0,0,0,0,0,0,1898,0,0,433,0,0,0,0,0,0,0,0,0,0,0,0,0,0,3680,360,0,0,0,0,0,0,0,0,0,0,0,0,0,0,0,0,0,0,0,0,0,0,0,51,0,0,0,0,0,0,0,0,0,0,0,0,0,0,0,0,0,0,0,0,0,0,0,0,0,0,0,0,0,0,0
virus_comp_5321_cycle_1_3,0,0,0,0,0,0,0,0,0,0,0,0,0,0,3,0,0,0,0,0,0,0,0,0,0,0,0,0,0,0,0,0,46,0,0,0,0,0,0,0,0,0,0,0,0,0,0,0,0,0,0,0,0,0,0,0,0,196,0,18,0,0,0,0,0,0,11,0,0,0,0,0,0,0,0,0,2,0,0,0,0,5,0,0,0,220,0,0,0,0,0,0,0,0,0,0,0,0,0,0,0,0,0,0,0,0,0,0,0,0
virus_comp_729_cycle_1_14,0,0,0,0,0,0,0,0,0,0,0,0,0,0,27,841,0,26,0,0,0,0,0,0,0,0,0,0,0,0,0,0,0,0,0,0,0,0,0,0,0,0,0,0,0,0,0,0,0,0,0,0,31,0,0,0,0,0,0,9,0,5431,0,0,0,0,0,0,0,0,0,0,0,0,11,208,0,0,0,0,0,0,0,0,0,0,0,0,0,0,0,0,0,0,0,0,0,0,0,0,0,0,0,0,0,0,0,0,0,0
virus_comp_808_cycle_4_1,0,0,0,0,0,0,0,0,0,0,0,0,0,0,0,0,0,25483,337,0,0,0,0,0,0,2661,1186,0,0,0,0,0,0,0,0,0,0,0,0,0,0,0,0,0,0,0,0,0,0,0,0,0,0,0,0,0,0,0,0,0,0,0,0,19,0,0,0,0,0,0,0,57,675,6,0,0,0,0,0,0,0,0,0,0,0,0,0,0,0,0,0,0,0,0,0,0,0,0,0,0,0,0,0,0,0,0,0,0,0,0
virus_comp_808_cycle_4_11,0,0,0,0,0,0,0,0,0,0,0,0,0,0,0,0,0,70797,861,0,0,0,0,0,0,10674,3021,0,0,0,0,0,0,0,0,0,0,0,0,0,0,0,0,0,0,0,0,0,0,0,0,0,0,0,0,0,0,0,0,0,0,0,0,143,0,0,0,0,0,0,0,288,2277,48,0,0,0,0,0,0,0,0,0,0,0,0,0,0,0,0,0,0,0,0,0,0,0,0,0,0,0,0,0,0,0,0,0,0,0,0
virus_comp_808_cycle_4_13,0,0,0,0,0,0,0,0,0,0,0,0,0,0,0,0,0,524,52,0,0,0,0,0,0,12144,3596,0,0,0,0,0,0,0,0,0,0,0,0,0,0,0,0,0,0,0,0,0,0,0,0,0,0,0,0,0,0,0,0,0,0,0,0,293,0,0,0,0,0,0,0,185,1244,19,0,0,0,0,0,0,0,0,0,0,0,0,0,0,0,0,0,0,0,0,0,0,0,0,0,0,0,0,0,0,0,0,0,0,0,0
virus_comp_808_cycle_4_14,0,0,0,0,0,0,0,0,0,0,0,0,0,0,0,0,0,13081,246,0,0,0,0,0,0,11122,1866,0,0,0,0,0,0,0,0,0,0,0,0,0,0,0,0,0,0,0,0,0,0,0,0,0,0,0,0,0,0,0,0,0,0,0,0,44,0,0,0,0,0,0,0,58,734,34,0,0,0,0,0,0,0,0,0,0,0,0,0,0,0,0,0,0,0,0,0,0,0,0,0,0,0,0,0,0,0,0,0,0,0,0
virus_comp_808_cycle_4_15,0,0,0,0,0,0,0,0,0,0,0,0,0,0,0,0,0,4130,202,0,0,0,0,0,0,2538,699,0,0,0,0,0,0,0,0,0,0,0,0,0,0,0,0,0,0,0,0,0,0,0,0,0,0,0,0,0,0,0,0,0,0,0,0,8,0,0,0,0,0,0,0,40,182,14,0,0,0,0,0,0,0,0,0,0,0,0,0,0,0,0,0,0,0,0,0,0,0,0,0,0,0,0,0,0,0,0,0,0,0,0
virus_comp_808_cycle_4_17,0,0,0,0,0,0,0,0,0,0,0,0,0,0,0,0,0,6678,439,0,0,0,0,0,0,2964,281,0,0,0,0,0,0,0,0,0,0,0,0,0,0,0,0,0,0,0,0,0,0,0,0,0,0,0,0,0,0,0,0,0,0,0,0,19,0,0,0,0,0,0,0,30,77,7,0,0,0,0,0,0,0,0,0,0,0,0,0,0,0,0,0,0,0,0,0,0,0,0,0,0,0,0,0,0,0,0,0,0,0,0
virus_comp_808_cycle_4_2,0,0,0,0,0,0,0,0,0,0,0,0,0,0,0,0,0,49086,632,0,0,0,0,0,0,6222,1904,0,0,0,0,0,0,0,0,0,0,0,0,0,0,0,0,0,0,0,0,0,0,0,0,0,0,0,0,0,0,0,0,0,0,0,0,88,0,0,0,0,0,0,0,94,980,17,0,0,0,0,0,0,0,0,0,0,0,0,0,0,0,0,0,0,0,0,0,0,0,0,0,0,0,0,0,0,0,0,0,0,0,0
virus_comp_808_cycle_4_23,0,0,0,0,0,0,0,0,0,0,0,0,0,0,0,0,0,24127,152,0,0,0,0,0,0,2786,756,0,0,0,0,0,0,0,0,0,0,0,0,0,0,0,0,0,0,0,0,0,0,0,0,0,0,0,0,0,0,0,0,0,0,0,0,13,0,0,0,0,0,0,0,73,1035,14,0,0,0,0,0,0,0,0,0,0,0,0,0,0,0,0,0,0,0,0,0,0,0,0,0,0,0,0,0,0,0,0,0,0,0,0
virus_comp_808_cycle_4_24,0,0,0,0,0,0,0,0,0,0,0,0,0,0,0,0,0,65563,1015,0,0,0,0,0,0,7921,2835,0,0,0,0,0,0,0,0,0,0,0,0,0,0,0,0,0,0,0,0,0,0,0,0,0,0,0,0,0,0,0,0,0,0,0,0,63,0,0,0,0,0,0,0,205,2008,26,0,0,0,0,0,0,0,0,0,0,0,0,0,0,0,0,0,0,0,0,0,0,0,0,0,0,0,0,0,0,0,0,0,0,0,0
virus_comp_808_cycle_4_25,0,0,0,0,0,0,0,0,0,0,0,0,0,0,0,0,0,103551,1489,0,0,0,0,0,0,16534,5051,0,0,0,0,0,0,0,0,0,0,0,0,0,0,0,0,0,0,0,0,0,0,0,0,0,0,0,0,0,0,0,0,0,0,0,0,604,0,0,0,0,0,0,0,306,3169,82,0,0,0,0,0,0,0,0,0,0,0,0,0,0,0,0,0,0,0,0,0,0,0,0,0,0,0,0,0,0,0,0,0,0,0,0
virus_comp_808_cycle_4_26,0,0,0,0,0,0,0,0,0,0,0,0,0,0,0,0,0,73522,1104,0,0,0,0,0,0,10794,3223,0,0,0,0,0,0,0,0,0,0,0,0,0,0,0,0,0,0,0,0,0,0,0,0,0,0,0,0,0,0,0,0,0,0,0,0,200,0,0,0,0,0,0,0,210,2951,21,0,0,0,0,0,0,0,0,0,0,0,0,0,0,0,0,0,0,0,0,0,0,0,0,0,0,0,0,0,0,0,0,0,0,0,0
virus_comp_808_cycle_4_27,0,0,0,0,0,0,0,0,0,0,0,0,0,0,0,0,0,23396,539,0,0,0,0,0,0,2123,1609,0,0,0,0,0,0,0,0,0,0,0,0,0,0,0,0,0,0,0,0,0,0,0,0,0,0,0,0,0,0,0,0,0,0,0,0,80,0,0,0,0,0,0,0,131,20426,27,0,0,0,0,0,0,0,0,0,0,0,0,0,0,0,0,0,0,0,0,0,0,0,0,0,0,0,0,0,0,0,0,0,0,0,0
virus_comp_808_cycle_4_29,0,0,0,0,0,0,0,0,0,0,0,0,0,0,0,0,0,37928,1412,0,0,0,0,0,0,6602,2195,0,0,0,0,0,0,0,0,0,0,0,0,0,0,0,0,0,0,0,0,0,0,0,0,0,0,0,0,0,0,0,0,0,0,0,0,262,0,0,0,0,0,0,0,155,1262,22,0,0,0,0,0,0,0,0,0,0,0,0,0,0,0,0,0,0,0,0,0,0,0,0,0,0,0,0,0,0,0,0,0,0,0,0
virus_comp_808_cycle_4_31,0,0,0,0,0,0,0,0,0,0,0,0,0,0,0,0,0,12526,165,0,0,0,0,0,0,1096,468,0,0,0,0,0,0,0,0,0,0,0,0,0,0,0,0,0,0,0,0,0,0,0,0,0,0,0,0,0,0,0,0,0,0,0,0,6,0,0,0,0,0,0,0,31,161,5,0,0,0,0,0,0,0,0,0,0,0,0,0,0,0,0,0,0,0,0,0,0,0,0,0,0,0,0,0,0,0,0,0,0,0,0
virus_comp_808_cycle_4_32,0,0,0,0,0,0,0,0,0,0,0,0,0,0,0,0,0,17266,216,0,0,0,0,0,0,2267,775,0,0,0,0,0,0,0,0,0,0,0,0,0,0,0,0,0,0,0,0,0,0,0,0,0,0,0,0,0,0,0,0,0,0,0,0,7,0,0,0,0,0,0,0,67,268,13,0,0,0,0,0,0,0,0,0,0,0,0,0,0,0,0,0,0,0,0,0,0,0,0,0,0,0,0,0,0,0,0,0,0,0,0
virus_comp_808_cycle_4_33,0,0,0,0,0,0,0,0,0,0,0,0,0,0,0,0,0,43323,686,0,0,0,0,0,0,5707,2247,0,0,0,0,0,0,0,0,0,0,0,0,0,0,0,0,0,0,0,0,0,0,0,0,0,0,0,0,0,0,0,0,0,0,0,0,67,0,0,0,0,0,0,0,140,2661,47,0,0,0,0,0,0,0,0,0,0,0,0,0,0,0,0,0,0,0,0,0,0,0,0,0,0,0,0,0,0,0,0,0,0,0,0
virus_comp_808_cycle_4_34,0,0,0,0,0,0,0,0,0,0,0,0,0,0,0,0,0,40085,673,0,0,0,0,0,0,3761,1784,0,0,0,0,0,0,0,0,0,0,0,0,0,0,0,0,0,0,0,0,0,0,0,0,0,0,0,0,0,0,0,0,0,0,0,0,109,0,0,0,0,0,0,0,66,4608,45,0,0,0,0,0,0,0,0,0,0,0,0,0,0,0,0,0,0,0,0,0,0,0,0,0,0,0,0,0,0,0,0,0,0,0,0
virus_comp_808_cycle_4_39,0,0,0,0,0,0,0,0,0,0,0,0,0,0,0,0,0,28043,1086,0,0,0,0,0,0,2018,1443,0,0,0,0,0,0,0,0,0,0,0,0,0,0,0,0,0,0,0,0,0,0,0,0,0,0,0,0,0,0,0,0,0,0,0,0,71,0,0,0,0,0,0,0,100,480,9,0,0,0,0,0,0,0,0,0,0,0,0,0,0,0,0,0,0,0,0,0,0,0,0,0,0,0,0,0,0,0,0,0,0,0,0
virus_comp_808_cycle_4_40,0,0,0,0,0,0,0,0,0,0,0,0,0,0,0,0,0,48543,1398,0,0,0,0,0,0,4448,5321,0,0,0,0,0,0,0,0,0,0,0,0,0,0,0,0,0,0,0,0,0,0,0,0,0,0,0,0,0,0,0,0,0,0,0,0,83,0,0,0,0,0,0,0,227,1974,25,0,0,0,0,0,0,0,0,0,0,0,0,0,0,0,0,0,0,0,0,0,0,0,0,0,0,0,0,0,0,0,0,0,0,0,0
virus_comp_808_cycle_4_43,0,0,0,0,0,0,0,0,0,0,0,0,0,0,0,0,0,75370,943,0,0,0,0,0,0,22904,2536,0,0,0,0,0,0,0,0,0,0,0,0,0,0,0,0,0,0,0,0,0,0,0,0,0,0,0,0,0,0,0,0,0,0,0,0,83,0,0,0,0,0,0,0,174,1363,40,0,0,0,0,0,0,0,0,0,0,0,0,0,0,0,0,0,0,0,0,0,0,0,0,0,0,0,0,0,0,0,0,0,0,0,0
virus_comp_808_cycle_4_44,0,0,0,0,0,0,0,0,0,0,0,0,0,0,0,0,0,62925,1198,0,0,0,0,0,0,13830,2481,0,0,0,0,0,0,0,0,0,0,0,0,0,0,0,0,0,0,0,0,0,0,0,0,0,0,0,0,0,0,0,0,0,0,0,0,170,0,0,0,0,0,0,0,175,1879,86,0,0,0,0,0,0,0,0,0,0,0,0,0,0,0,0,0,0,0,0,0,0,0,0,0,0,0,0,0,0,0,0,0,0,0,0
virus_comp_808_cycle_4_45,0,0,0,0,0,0,0,0,0,0,0,0,0,0,0,0,0,24386,102,0,0,0,0,0,0,2519,1508,0,0,0,0,0,0,0,0,0,0,0,0,0,0,0,0,0,0,0,0,0,0,0,0,0,0,0,0,0,0,0,0,0,0,0,0,86,0,0,0,0,0,0,0,107,1376,47,0,0,0,0,0,0,0,0,0,0,0,0,0,0,0,0,0,0,0,0,0,0,0,0,0,0,0,0,0,0,0,0,0,0,0,0
virus_comp_808_cycle_4_46,0,0,0,0,0,0,0,0,0,0,0,0,0,0,0,0,0,56271,883,0,0,0,0,0,0,6043,2143,0,0,0,0,0,0,0,0,0,0,0,0,0,0,0,0,0,0,0,0,0,0,0,0,0,0,0,0,0,0,0,0,0,0,0,0,330,0,0,0,0,0,0,0,124,1299,44,0,0,0,0,0,0,0,0,0,0,0,0,0,0,0,0,0,0,0,0,0,0,0,0,0,0,0,0,0,0,0,0,0,0,0,0
virus_comp_808_cycle_4_49,0,0,0,0,0,0,0,0,0,0,0,0,0,0,0,0,0,17087,117,0,0,0,0,0,0,383,274,0,0,0,0,0,0,0,0,0,0,0,0,0,0,0,0,0,0,0,0,0,0,0,0,0,0,0,0,0,0,0,0,0,0,0,0,44,0,0,0,0,0,0,0,22,229,2,0,0,0,0,0,0,0,0,0,0,0,0,0,0,0,0,0,0,0,0,0,0,0,0,0,0,0,0,0,0,0,0,0,0,0,0
virus_comp_808_cycle_4_50,0,0,0,0,0,0,0,0,0,0,0,0,0,0,0,0,0,37844,481,0,0,0,0,0,0,3540,1268,0,0,0,0,0,0,0,0,0,0,0,0,0,0,0,0,0,0,0,0,0,0,0,0,0,0,0,0,0,0,0,0,0,0,0,0,254,0,0,0,0,0,0,0,77,587,11,0,0,0,0,0,0,0,0,0,0,0,0,0,0,0,0,0,0,0,0,0,0,0,0,0,0,0,0,0,0,0,0,0,0,0,0
virus_comp_808_cycle_4_51,0,0,0,0,0,0,0,0,0,0,0,0,0,0,0,0,0,22995,828,0,0,0,0,0,0,2496,1038,0,0,0,0,0,0,0,0,0,0,0,0,0,0,0,0,0,0,0,0,0,0,0,0,0,0,0,0,0,0,0,0,0,0,0,0,41,0,0,0,0,0,0,0,40,212,13,0,0,0,0,0,0,0,0,0,0,0,0,0,0,0,0,0,0,0,0,0,0,0,0,0,0,0,0,0,0,0,0,0,0,0,0
virus_comp_808_cycle_4_8,0,0,0,0,0,0,0,0,0,0,0,0,0,0,0,0,0,4168,49,0,0,0,0,0,0,473,147,0,0,0,0,0,0,0,0,0,0,0,0,0,0,0,0,0,0,0,0,0,0,0,0,0,0,0,0,0,0,0,0,0,0,0,0,4,0,0,0,0,0,0,0,6,24,2,0,0,0,0,0,0,0,0,0,0,0,0,0,0,0,0,0,0,0,0,0,0,0,0,0,0,0,0,0,0,0,0,0,0,0,0
virus_comp_8506_cycle_1_4,0,0,0,0,0,0,0,0,0,0,0,0,0,0,0,0,0,0,0,0,0,0,0,0,0,0,0,0,0,0,0,0,0,0,0,0,0,0,0,0,0,0,0,0,0,0,0,0,0,0,0,0,0,25266,5654,115,9,0,0,0,0,0,0,0,0,0,0,0,0,0,2956,189,175,6,0,0,0,0,0,0,0,0,0,0,0,0,0,0,0,0,0,0,0,0,0,0,0,0,0,0,0,0,0,0,0,0,0,0,0,0
edge_2254_6,0,0,0,0,0,0,0,0,0,0,0,0,0,0,0,0,0,5561,33,0,0,0,0,0,0,723,200,0,0,0,0,0,0,0,0,0,0,0,0,0,0,0,0,0,0,0,0,0,0,0,0,0,0,0,0,0,0,0,0,0,0,0,0,11,0,0,0,0,0,0,0,10,97,2,0,0,0,0,0,0,0,0,0,0,0,0,0,0,0,0,0,0,0,0,0,0,0,0,0,0,0,0,0,0,0,0,0,0,0,0
edge_300_3,0,0,0,0,0,0,13,0,0,0,0,0,0,0,0,0,0,0,0,0,0,0,0,0,0,0,0,0,0,0,0,0,0,0,0,0,0,0,0,0,0,0,0,0,5,0,0,0,0,0,0,0,0,386,26,0,0,0,0,12,0,0,0,0,0,0,0,0,0,0,0,0,0,0,0,0,0,0,15,0,0,0,0,0,0,56,0,0,0,0,0,0,0,0,0,0,0,0,0,0,0,0,0,0,35,0,0,0,0,0
edge_303_12,0,0,0,0,0,0,127,0,0,0,0,0,0,0,0,0,0,0,0,0,0,0,0,0,0,0,0,0,0,0,0,0,0,0,0,0,0,0,0,0,0,0,0,0,0,0,0,0,0,0,0,0,0,2481,524,91,0,0,0,63,0,0,0,0,0,0,0,0,0,0,0,0,0,0,0,0,0,0,96,0,0,0,0,0,0,415,0,0,0,0,0,0,0,0,0,0,0,0,0,0,0,0,0,0,1015,0,0,0,0,0
edge_311_12,0,0,0,0,0,0,71,0,0,0,0,0,0,0,0,0,0,0,0,0,0,0,0,0,0,0,0,0,0,0,0,0,0,0,0,0,0,0,0,0,0,0,0,0,0,0,0,0,0,0,0,0,0,1656,69,251,0,0,0,48,0,0,0,0,0,0,0,0,0,0,0,0,0,0,0,0,0,0,118,0,0,0,0,0,0,241,0,0,0,0,0,0,0,0,0,0,0,0,0,0,0,0,0,0,284,0,0,0,0,0
edge_311_14,0,0,0,0,0,0,105,0,0,0,0,0,0,0,0,0,0,0,0,0,0,0,0,0,0,0,0,0,0,0,0,0,0,0,0,0,0,0,0,0,0,0,0,0,0,0,0,0,0,0,0,0,0,4382,206,380,0,0,0,91,0,0,0,0,0,0,0,0,0,0,0,0,0,0,0,0,0,0,622,0,0,0,0,0,0,523,0,0,0,0,0,0,0,0,0,0,0,0,0,0,0,0,0,0,37,0,0,0,0,0
edge_311_20,0,0,0,0,0,0,0,0,0,0,0,0,0,0,0,0,1030,0,0,0,0,0,0,0,0,0,0,0,0,0,0,0,0,0,0,0,0,0,0,0,0,0,0,0,0,0,0,0,0,0,0,0,0,880,29,75,0,0,0,33,0,0,0,0,0,0,0,0,0,0,0,0,0,0,0,0,0,0,31,0,0,0,0,0,0,157,0,0,0,0,0,0,0,0,0,0,0,0,0,0,0,0,0,0,422,0,0,0,0,0
virus_comp_1102_cycle_1_7,0,0,0,0,0,0,0,0,0,0,0,0,0,0,0,368,0,0,0,0,0,0,0,0,0,0,0,0,0,0,0,0,0,0,0,0,0,171,0,0,0,0,0,0,0,0,0,0,0,0,0,0,0,0,0,0,0,0,0,0,0,0,0,0,0,0,0,0,108,0,0,65,0,0,0,0,0,0,0,0,0,0,0,0,0,0,0,0,0,0,0,0,0,0,0,0,0,0,0,0,0,0,0,797,199,318,0,0,0,0
virus_comp_17808_cycle_1_3,0,0,0,0,0,0,0,0,0,0,0,0,0,0,0,0,827,0,0,0,0,0,0,0,0,0,0,0,0,0,0,0,0,0,0,0,0,0,0,0,0,0,0,0,0,0,0,0,0,0,0,0,0,0,0,0,0,0,0,0,0,0,0,0,0,0,0,0,0,797,0,0,0,0,0,0,0,0,0,196,23573,3448,0,0,0,0,0,0,0,0,0,0,0,0,0,0,0,0,0,0,0,567,496,0,0,0,0,0,0,0
virus_comp_18095_cycle_1_4,0,0,0,0,0,0,206,0,0,0,0,0,308,0,0,0,0,30,0,0,0,0,0,0,0,0,0,0,0,0,0,0,0,0,0,0,0,0,32,0,0,0,0,0,0,0,0,0,0,0,0,0,0,1531,477,7,0,0,0,0,0,0,0,0,0,0,0,0,0,0,0,0,0,0,0,0,0,0,0,0,0,0,0,0,0,0,0,0,0,0,0,0,0,0,0,0,0,0,0,0,0,0,0,0,0,0,0,0,0,0
virus_comp_2396_cycle_1_9,0,0,0,0,0,0,0,0,0,0,0,0,0,0,49,0,7004,5171,286,0,0,0,0,0,0,0,7367,190,1880,0,0,0,0,0,0,0,0,0,0,0,0,0,0,0,0,0,0,0,0,0,0,0,0,0,0,0,0,0,0,0,0,0,0,0,0,0,0,0,0,0,0,0,0,0,0,0,0,0,0,0,0,0,0,0,0,0,0,0,0,0,0,0,0,0,0,0,0,0,0,0,0,0,0,0,0,0,0,0,0,0
virus_comp_2438_cycle_1_14,0,0,0,0,0,0,0,0,0,0,0,0,0,0,1335,0,11700,50692,58173,0,0,0,0,0,0,0,9992,67,1242,0,0,0,0,0,0,0,0,0,0,0,0,0,0,0,0,0,0,0,0,0,0,0,0,0,0,0,0,0,0,0,0,0,0,0,0,0,0,0,0,0,0,0,0,0,0,0,0,0,0,0,0,0,0,0,0,0,0,0,0,0,0,0,0,0,0,0,0,0,0,0,0,0,0,0,0,0,0,0,0,0
virus_comp_250_cycle_1_257,0,0,0,0,0,0,0,0,0,0,0,0,0,0,0,0,0,0,0,0,0,0,0,0,0,0,0,0,0,0,1327,0,0,0,0,0,0,0,0,0,0,0,0,4561,1246,236,1539,0,0,0,0,0,0,0,0,0,0,0,0,0,0,0,0,0,0,0,0,0,0,0,0,23,55,0,0,0,0,0,0,0,0,0,0,0,0,0,0,0,0,0,0,0,0,0,0,0,0,0,0,0,0,0,0,0,0,0,0,0,0,0
virus_comp_36_cycle_2_15,0,0,0,0,0,0,0,0,0,0,0,0,0,0,0,0,0,0,0,0,0,0,0,0,0,0,0,47,912,0,0,0,0,0,0,0,0,0,0,0,0,0,0,0,0,0,0,0,0,0,0,0,0,30,329,0,0,0,0,0,0,0,0,0,0,0,0,0,0,0,0,0,0,0,0,0,0,0,0,39,0,24,0,0,0,0,0,0,0,0,0,0,0,0,0,0,0,0,89,0,0,0,0,0,0,0,0,0,0,0
virus_comp_4442_cycle_1_4,0,0,0,0,0,0,166,0,0,0,0,0,542,0,0,0,0,118,0,0,0,0,0,0,0,0,0,0,0,0,0,0,0,0,0,2180,0,0,576,0,0,0,0,0,0,0,0,0,0,0,0,0,0,2481,190,0,0,0,0,0,0,0,0,0,0,0,0,0,0,0,0,0,0,0,0,0,0,0,0,0,0,0,0,0,0,0,0,0,0,0,0,0,0,0,0,0,0,0,0,0,0,0,0,0,0,0,0,0,0,0
virus_comp_4442_cycle_1_5,0,0,0,0,0,0,54,0,0,0,0,0,232,0,0,0,0,28,0,0,0,0,0,0,0,0,0,0,0,0,0,0,0,0,0,1445,0,0,90,0,0,0,0,0,0,0,0,0,0,0,0,0,0,1519,71,0,0,0,0,0,0,0,0,0,0,0,0,0,0,0,0,0,0,0,0,0,0,0,0,0,0,0,0,0,0,0,0,0,0,0,0,0,0,0,0,0,0,0,0,0,0,0,0,0,0,0,0,0,0,0
virus_comp_6408_cycle_1_2,0,0,0,0,0,0,0,0,0,0,0,0,0,0,48,613,1470,0,0,0,0,0,0,0,0,0,0,0,30,0,0,0,0,0,0,0,0,0,0,0,0,0,0,0,0,0,0,0,0,0,0,0,0,0,0,0,0,0,185,91,0,0,0,0,0,81,0,0,0,0,0,0,0,0,0,0,0,0,0,0,0,0,0,0,0,0,0,0,0,0,0,0,0,0,0,0,0,0,0,0,0,0,0,0,0,0,0,0,0,0
virus_comp_6408_cycle_1_3,0,0,0,0,0,0,0,0,0,0,0,0,0,0,64,978,657,0,0,0,0,0,0,0,0,0,0,0,15,0,0,0,0,0,0,0,0,0,0,0,0,0,0,0,0,0,0,0,0,0,0,0,0,0,0,0,0,0,167,85,18,0,0,0,0,0,0,0,0,0,0,0,0,0,0,0,0,0,0,0,0,0,0,0,0,0,0,0,0,0,0,0,0,0,0,0,0,0,0,0,0,0,0,0,0,0,0,0,0,0
virus_comp_6559_cycle_1_1,0,0,0,0,0,0,0,0,0,0,0,0,0,0,0,0,0,0,0,0,0,0,0,0,0,0,0,0,0,0,0,0,0,0,0,0,0,0,0,0,0,0,0,0,0,0,0,0,0,0,0,0,0,0,0,0,0,0,0,0,0,0,0,0,0,0,0,0,64,0,0,14,13,0,0,0,0,0,0,0,0,0,0,0,0,0,0,0,0,0,0,0,0,0,0,0,0,0,0,0,0,0,6,543,158,200,0,0,0,0
virus_comp_729_cycle_1_15,0,0,0,0,0,0,0,0,0,0,0,0,0,0,5,91,0,2,0,0,0,0,0,0,0,0,0,0,0,0,0,0,0,0,0,0,0,0,0,0,0,0,0,0,0,0,8,0,0,0,0,0,0,0,0,0,0,0,0,1,0,2086,0,0,0,0,0,0,0,0,0,0,0,0,0,84,0,0,0,0,0,0,0,0,0,0,0,0,0,0,0,0,0,0,0,0,0,0,0,0,0,0,0,0,0,0,0,0,0,0
virus_comp_8241_cycle_1_1,0,0,0,0,0,0,0,0,0,0,0,0,0,0,0,2,0,0,0,0,0,0,0,0,0,0,0,0,0,0,0,0,43,0,0,0,0,0,0,0,0,0,0,0,0,0,0,0,0,0,0,0,0,0,0,0,0,26,0,25,0,0,0,0,0,0,0,0,0,0,0,0,0,0,0,0,2,0,0,0,0,5,0,0,0,9,0,0,0,0,0,0,0,0,0,0,0,0,0,0,0,0,0,0,0,0,0,0,0,0
virus_comp_8506_cycle_1_3,0,0,0,0,0,0,0,0,0,0,0,0,0,0,0,0,0,0,0,0,0,0,0,0,0,0,0,0,0,0,0,0,0,0,0,0,0,0,0,0,0,0,0,0,0,0,0,0,0,0,0,0,0,6644,6075,60,0,0,0,0,0,0,0,0,0,0,0,0,0,0,0,40,112,2,0,0,0,0,0,0,0,0,0,0,0,0,0,0,14,0,0,0,0,0,0,0,0,0,0,0,0,0,0,0,0,0,0,0,0,0
edge_61_33,0,0,0,0,0,0,0,0,0,0,0,0,0,0,0,0,0,0,0,0,0,0,0,0,0,0,0,0,0,0,0,0,0,0,0,0,0,0,53,0,0,0,0,0,0,0,0,0,0,0,12,0,304,0,0,0,0,0,0,0,0,0,0,0,0,0,0,0,0,0,0,0,37,0,0,0,0,0,0,0,0,0,0,0,0,0,0,0,0,0,0,0,0,0,0,0,0,0,0,0,0,0,0,26,82,344,0,0,0,0
edge_959_24,0,0,0,0,0,0,0,0,0,0,0,0,0,0,0,0,0,0,0,0,0,0,0,0,0,0,0,0,0,0,1524,0,0,0,0,0,0,0,0,0,0,0,0,5222,1478,283,1887,0,0,0,0,0,0,0,0,0,0,0,0,0,0,0,0,0,0,0,0,0,0,0,0,26,111,0,0,0,0,0,0,0,0,0,0,0,0,0,0,0,0,0,0,0,0,0,0,0,0,0,0,0,0,0,0,0,0,0,0,0,0,0
edge_965_27,0,0,0,0,0,0,0,0,0,0,0,0,0,0,0,0,0,0,0,0,0,0,0,0,0,0,0,0,4,0,0,0,0,0,0,0,0,0,0,0,0,0,0,2959,303,137,881,0,0,0,0,0,0,0,0,0,0,0,0,0,0,0,0,0,0,0,0,0,0,0,0,5,20,0,0,0,0,0,0,0,0,0,0,0,0,0,0,0,0,0,0,0,0,0,0,0,0,0,0,0,0,0,0,0,0,0,0,0,0,0
virus_comp_15100_cycle_1_1,0,0,0,0,0,0,72,0,0,0,0,0,84,0,0,0,0,158,0,0,0,0,0,0,0,0,0,0,0,0,0,0,0,0,0,0,0,0,434,0,0,0,0,0,0,0,0,0,0,0,0,0,0,1906,206,0,0,0,0,0,0,0,0,0,0,0,0,0,0,0,0,0,0,0,0,0,0,0,0,0,0,0,0,0,0,0,0,0,0,0,0,0,0,0,0,0,0,0,0,0,0,0,0,0,0,0,0,0,0,0
virus_comp_17783_cycle_1_6,0,0,0,0,0,0,0,0,0,0,0,0,0,0,9,53,0,0,0,0,0,0,0,0,0,0,0,0,0,0,0,0,0,0,0,0,0,0,0,0,0,0,0,0,0,0,6,0,0,0,0,0,0,0,0,0,0,0,0,0,0,0,0,0,0,0,0,0,0,0,0,0,0,0,0,20,0,3,29,0,0,0,0,0,0,0,0,0,0,0,0,0,0,0,0,0,0,0,0,0,0,0,0,0,0,0,0,0,0,0
virus_comp_17935_cycle_1_22,0,0,0,0,0,0,90,0,0,0,0,0,132,0,0,0,0,145,0,0,0,0,0,0,0,0,0,0,0,0,0,0,0,0,0,0,0,0,47,0,0,0,0,0,0,0,0,0,0,0,0,0,0,1182,209,0,0,0,0,0,0,0,0,0,0,0,0,0,0,0,0,0,0,0,0,0,0,0,0,0,0,0,0,0,0,0,0,0,0,0,0,0,0,0,0,0,0,0,0,0,0,0,0,0,0,0,0,0,0,0
virus_comp_17992_cycle_1_14,0,0,0,0,0,0,0,0,0,0,0,0,0,0,0,0,0,0,0,0,7752,53,31,0,0,0,0,0,0,0,0,0,0,0,0,0,0,0,0,23,0,0,0,0,0,0,0,0,0,0,0,0,0,0,0,0,0,0,0,0,0,2131,0,0,0,0,0,0,0,0,0,0,0,0,0,23893,0,0,0,0,0,0,0,0,0,0,0,0,0,0,0,0,0,0,0,0,0,0,0,0,0,0,0,0,0,0,0,0,0,0
virus_comp_17992_cycle_1_15,0,0,0,0,0,0,0,0,0,0,0,0,0,0,0,0,0,0,0,0,17023,177,53,0,0,0,0,0,0,0,0,0,0,0,0,0,0,0,0,15,0,0,0,0,0,0,0,0,0,0,0,0,0,0,0,0,0,0,0,0,0,9157,0,0,0,0,0,0,0,0,0,0,0,0,0,71925,0,0,0,0,0,0,0,0,0,0,0,0,0,0,0,0,0,0,0,0,0,0,0,0,0,0,0,0,0,0,0,0,0,0
virus_comp_18095_cycle_1_1,0,0,0,0,0,0,85,0,0,0,0,0,380,0,0,0,0,226,0,0,0,0,0,0,0,0,0,0,0,0,0,0,0,0,0,0,0,0,398,0,0,0,0,0,0,0,0,0,0,0,0,0,0,3792,106,0,0,0,0,0,0,0,0,0,0,0,0,0,0,0,0,0,0,0,0,0,0,0,0,0,0,0,0,0,0,0,0,0,0,0,0,0,0,0,0,0,0,0,0,0,0,0,0,0,0,0,0,0,0,0
virus_comp_18095_cycle_1_3,0,0,0,0,0,0,249,0,0,0,0,0,268,0,0,0,0,84,0,0,0,0,0,0,0,0,0,0,0,0,0,0,0,0,0,0,0,0,357,0,0,0,0,0,0,0,0,0,0,0,0,0,0,2360,999,0,0,0,0,0,0,0,0,0,0,0,0,0,0,0,0,0,0,0,0,0,0,0,0,0,0,0,0,0,0,0,0,0,0,0,0,0,0,0,0,0,0,0,0,0,0,0,0,0,0,0,0,0,0,0
virus_comp_18162_cycle_1_10,0,0,0,0,0,0,31,0,0,0,0,0,48,0,0,0,0,12,0,0,0,0,0,0,0,0,0,0,0,0,0,0,0,0,0,0,0,0,23,0,0,0,0,0,0,0,0,0,0,0,0,0,0,645,63,0,0,0,0,0,0,0,0,0,0,0,0,0,0,0,0,0,0,0,0,0,0,0,0,0,0,0,0,0,0,0,0,0,0,0,0,0,0,0,0,0,0,0,0,0,0,0,0,0,0,0,0,0,0,0
virus_comp_18162_cycle_1_5,0,0,0,0,0,0,108,0,0,0,0,0,132,0,0,0,0,169,0,0,0,0,0,0,0,0,0,0,0,0,0,0,0,0,0,0,0,0,158,0,0,0,0,0,0,0,0,0,0,0,0,0,0,441,331,0,0,0,0,0,0,0,0,0,0,0,0,0,0,0,0,0,0,0,0,0,0,0,0,0,0,0,0,0,0,0,0,0,0,0,0,0,0,0,0,0,0,0,0,0,0,0,0,0,0,0,0,0,0,0
virus_comp_18162_cycle_1_7,0,0,0,0,0,0,23,0,0,0,0,0,81,0,0,0,0,90,0,0,0,0,0,0,0,0,0,0,0,0,0,0,0,0,0,0,0,0,89,0,0,0,0,0,0,0,0,0,0,0,0,0,0,1291,129,0,0,0,0,0,0,0,0,0,0,0,0,0,0,0,0,0,0,0,0,0,0,0,0,0,0,0,0,0,0,0,0,0,0,0,0,0,0,0,0,0,0,0,0,0,0,0,0,0,0,0,0,0,0,0
virus_comp_18162_cycle_1_9,0,0,0,0,0,0,39,0,0,0,0,0,109,0,0,0,0,84,0,0,0,0,0,0,0,0,0,0,0,0,0,0,0,0,0,0,0,0,119,0,0,0,0,0,0,0,0,0,0,0,0,0,0,941,66,0,0,0,0,0,0,0,0,0,0,0,0,0,0,0,0,0,0,0,0,0,0,0,0,0,0,0,0,0,0,0,0,0,0,0,0,0,0,0,0,0,0,0,0,0,0,0,0,0,0,0,0,0,0,0
virus_comp_1888_cycle_1_1,0,0,0,0,0,0,120,0,0,0,0,0,510,0,0,0,0,336,0,0,0,0,0,0,0,0,0,0,0,0,0,0,0,0,0,0,0,0,674,0,0,0,0,0,0,0,0,0,0,0,0,0,0,5600,492,0,0,0,0,0,0,0,0,0,0,0,0,0,0,0,0,0,0,0,0,0,0,0,0,0,0,0,0,0,0,0,0,0,0,0,0,0,0,0,0,0,0,0,0,0,0,0,0,0,0,0,0,0,0,0
virus_comp_2986_cycle_1_11,0,0,0,0,0,0,0,0,0,0,0,0,0,0,0,0,0,0,0,0,0,0,0,0,0,0,0,0,0,0,0,0,0,0,0,0,0,0,0,0,0,0,0,0,0,0,0,0,0,0,0,0,0,50,20,1073,0,0,0,0,0,0,0,0,0,0,0,0,0,0,586,21,36,0,0,0,0,0,0,0,0,0,0,0,0,0,0,0,0,0,0,0,0,0,0,0,0,0,0,0,0,0,0,0,0,0,0,0,0,0
virus_comp_4853_cycle_1_7,0,0,0,0,0,0,0,0,0,0,0,0,0,0,0,0,0,0,0,0,0,0,0,0,0,0,0,0,0,0,0,0,41,0,0,0,0,0,0,0,0,0,0,0,0,0,0,0,0,0,0,0,0,0,0,0,0,121,0,0,0,0,0,0,0,0,0,0,0,0,0,0,0,0,0,0,0,3,0,0,0,43,0,0,0,139,0,0,0,0,0,0,0,0,0,0,0,25,0,0,0,0,0,0,0,0,0,0,0,0
virus_comp_9712_cycle_1_1,0,0,0,0,0,0,0,0,0,0,0,0,0,0,27,24,0,0,0,0,0,0,0,0,0,0,0,0,0,0,0,0,13,0,0,0,0,0,0,0,0,0,0,0,0,0,0,0,0,0,0,0,0,0,0,0,0,0,0,0,0,0,0,0,0,0,0,0,0,0,0,0,0,0,0,0,0,73,159,0,0,121,0,0,0,0,0,0,0,0,0,0,0,0,0,0,0,0,0,0,0,0,0,0,0,0,0,0,0,0
edge_61_27,0,0,0,0,0,0,0,0,0,0,0,0,0,0,0,0,0,0,0,0,0,0,0,0,0,0,0,0,0,0,0,0,0,0,0,0,0,0,11,0,0,0,0,0,0,0,0,0,0,0,3,0,24,0,0,0,0,0,0,0,0,0,0,0,0,0,0,0,0,0,0,0,5,0,0,0,0,0,0,0,0,0,0,0,0,0,0,0,0,0,0,0,0,0,0,0,0,0,0,0,0,0,0,6,89,0,0,0,0,0
