"orf_id","effect","component","group","term","estimate","std.error","statistic","p.value","conf.low","conf.high","p.adj"
"edge_1896_46","fixed","cond",NA,"(Intercept)",-225.552494641103,456971.39824069,-0.000493581207728679,0.999606179190841,-895873.035011304,895421.930022022,0.999999792721213
"edge_1896_46","fixed","cond",NA,"onset_timeline_combinedt0-6",29.3431796044867,6220454444.29304,4.71720834342057e-09,0.999999996236212,-12191866648.9433,12191866707.6297,0.999999996236212
"edge_1896_46","fixed","cond",NA,"onset_timeline_combinedt0-12",-0.194289182170795,10253332493.3915,-1.89488814779018e-11,0.999999999984881,-20096162408.7559,20096162408.3673,0.999999999984881
"edge_1896_46","fixed","cond",NA,"onset_timeline_combinedt0-18",-23.7233570838629,921350655856814,-2.57484562832392e-14,0.99999999999998,-1805814102611737,1805814102611690,0.99999999999998
"edge_1896_46","fixed","cond",NA,"onset_timeline_combinedt0-24",230.387329822371,463365.528900044,0.000497204292190819,0.999603288388041,-907949.360991617,908410.135651261,1
"edge_1896_46","fixed","cond",NA,"onset_timeline_combinedt0-36",229.124669103988,448692.145813009,0.000510650055371095,0.999592560222554,-879191.321270387,879649.570608595,1
"edge_1896_46","fixed","cond",NA,"SexMale",63.6597017106243,6220454776.10424,1.02339304764616e-08,0.999999991834505,-12191867264.9648,12191867392.2842,0.999999991834505
"edge_1896_46","fixed","cond",NA,"Age.at.Gluten.Introduction..months.",-0.826996779514558,0.78171069648526,-1.05793202425516,0.290086433921258,-2.35912159095539,0.705128031926272,0.999999564767409
"edge_1896_46","fixed","cond",NA,"HLA.CategoryLow/No Risk",3.13894024415696,2.28155559551642e+29,1.37578950533813e-29,1,-4.47176679593801e+29,4.47176679593801e+29,1
"edge_1896_46","fixed","cond",NA,"feeding_first_yearFormula",-245.911107285535,4.03745591019849e+53,-6.09074409120781e-52,1,-7.91326817315742e+53,7.91326817315742e+53,1
"edge_1896_46","fixed","cond",NA,"feeding_first_yearBreastmilk_and_formula",124.972394015722,6009002.84545393,2.07975261836112e-05,0.999983405974956,-11777304.1876944,11777554.1324824,0.99999999100114
"edge_1896_46","fixed","cond",NA,"Delivery.ModeC-Section",-124.072541132641,6009002.84550587,-2.06477754001124e-05,0.999983525458795,-11777553.2327313,11777305.0876491,0.999999699168681
"edge_1896_46","fixed","cond",NA,"Dx.StatusCELIAC:onset_timeline_combinedt0-12",8.01868906673356,7.95953717914699e+26,1.007431573753e-26,1,-1.56004062047356e+27,1.56004062047356e+27,1
"edge_1896_46","fixed","cond",NA,"Dx.StatusCELIAC:onset_timeline_combinedt0-18",-1.44788545279505,1.16359147533675e+34,-1.24432456191382e-34,1,-2.28059738437785e+34,2.28059738437785e+34,1
"edge_1896_46","fixed","cond",NA,"Dx.StatusCELIAC:onset_timeline_combinedt0-24",-162.394078676376,3.27074879991481e+55,-4.96504282690881e-54,1,-6.41054985031063e+55,6.41054985031063e+55,1
"edge_1896_46","fixed","cond",NA,"Dx.StatusCELIAC:onset_timeline_combinedt0-36",-408.822231696022,6.45069324931574e+113,-6.33764799991673e-112,1,-1.26431264439745e+114,1.26431264439745e+114,1
"edge_965_36","fixed","cond",NA,"(Intercept)",-1.93115274037721,7.29270452191869,-0.264806113366174,0.791158827185747,-16.2245909532302,12.3622854724758,0.999999792721213
"edge_965_36","fixed","cond",NA,"Dx.StatusCELIAC",2.69578556933331,3.09686455507335,0.870488689896694,0.384033397396989,-3.37395742360912,8.76552856227574,0.859287362373968
"edge_965_36","fixed","cond",NA,"onset_timeline_combinedt0-6",0.654792238677163,1.62569321801174,0.402777246913773,0.68711210096678,-2.53150791853688,3.8410923958912,0.999999996236212
"edge_965_36","fixed","cond",NA,"onset_timeline_combinedt0-12",0.550768394438194,1.597583427429,0.344750943820536,0.730281615670018,-2.5804375856207,3.68197437449709,0.999999999984881
"edge_965_36","fixed","cond",NA,"onset_timeline_combinedt0-18",-22.633463601502,83005.6855527825,-0.000272673654229499,0.999782437903849,-162710.787659112,162665.520731909,0.99999999999998
"edge_965_36","fixed","cond",NA,"onset_timeline_combinedt0-24",-21.2799005071865,80316.5979985095,-0.000264950222463126,0.999788600310589,-157438.919338367,157396.359537353,1
"edge_965_36","fixed","cond",NA,"onset_timeline_combinedt0-30",-19.5545419794412,63913.2286519187,-0.000305954532291558,0.999755883606186,-125287.180835413,125248.071751455,1
"edge_965_36","fixed","cond",NA,"onset_timeline_combinedt0-36",-19.5545419794412,63913.2286519086,-0.000305954532291607,0.999755883606185,-125287.180835394,125248.071751435,1
"edge_965_36","fixed","cond",NA,"onset_timeline_combinedt0-over42",-16.8907515024749,47082.3054834354,-0.000358749456489922,0.99971375935361,-92296.5138081485,92262.7323051435,1
"edge_965_36","fixed","cond",NA,"SexMale",-0.495543935034654,3.05777597620763,-0.162060248654725,0.871258409303192,-6.48867472119341,5.4975868511241,0.999999991834505
"edge_965_36","fixed","cond",NA,"Age.at.Gluten.Introduction..months.",-0.30122682280455,0.831687007000798,-0.362187722387084,0.717211753745312,-1.93130340293602,1.32884975732692,0.999999564767409
"edge_965_36","fixed","cond",NA,"HLA.CategoryHigh Risk",-27.1964414324784,485167.193824121,-5.60558128799151e-05,0.999955273932383,-950937.422817074,950883.029934209,0.999999935069241
"edge_965_36","fixed","cond",NA,"HLA.CategoryLow/No Risk",-20.6697979453788,60745.311164596,-0.000340269850447745,0.99972850394506,-119079.291910232,119037.952314342,1
"edge_965_36","fixed","cond",NA,"feeding_first_yearFormula",-1.04537115639591,2.90110900277259,-0.360335015125888,0.718596617258763,-6.73144031705511,4.64069800426328,1
"edge_965_36","fixed","cond",NA,"feeding_first_yearBreastmilk_and_formula",-0.665224296470267,2.93723696979785,-0.226479614450737,0.820828412663878,-6.4221029713336,5.09165437839307,0.99999999100114
"edge_965_36","fixed","cond",NA,"Delivery.ModeC-Section",-2.29772735440913,3.01672285244809,-0.76166338997449,0.446260930816052,-8.21039549654633,3.61494078772807,0.999999699168681
"edge_965_36","fixed","cond",NA,"Dx.StatusCELIAC:onset_timeline_combinedt0-6",-28.2125490724496,331348.470973979,-8.51446484407201e-05,0.999932064399656,-649459.281990486,649402.856892341,0.999999987407339
"edge_965_36","fixed","cond",NA,"Dx.StatusCELIAC:onset_timeline_combinedt0-12",-31.5867885537635,2537242.72641873,-1.24492577020204e-05,0.999990066929486,-4972935.95060547,4972872.77702836,1
"edge_965_36","fixed","cond",NA,"Dx.StatusCELIAC:onset_timeline_combinedt0-18",-0.899965569348253,261133.394230437,-3.4463825356403e-06,0.999997250184584,-511812.947817926,511811.147886787,1
"edge_965_36","fixed","cond",NA,"Dx.StatusCELIAC:onset_timeline_combinedt0-24",-8.45547517429742,1354185.47328019,-6.24395648981231e-06,0.999995018043519,-2654163.21149168,2654146.30054133,1
"edge_965_36","fixed","cond",NA,"Dx.StatusCELIAC:onset_timeline_combinedt0-30",-12.6260837033128,4531913.23995164,-2.7860382656945e-06,0.999997777063082,-8882399.35744915,8882374.10528174,1
"edge_965_36","fixed","cond",NA,"Dx.StatusCELIAC:onset_timeline_combinedt0-36",-12.6260837033128,4531913.23995972,-2.78603826568954e-06,0.999997777063082,-8882399.35746497,8882374.10529756,1
"edge_965_36","fixed","cond",NA,"Dx.StatusCELIAC:onset_timeline_combinedt0-over42",-15.2760063184477,3241057.6303172,-4.71327821373934e-06,0.999996239348082,-6352371.50324676,6352340.95123412,1
"virus_comp_1068_cycle_1_2","fixed","cond",NA,"(Intercept)",-13.7957060188866,44.9096115070979,-0.307188273421296,0.758700070761477,-101.816927132484,74.2255150947109,0.999999792721213
"virus_comp_1068_cycle_1_2","fixed","cond",NA,"Dx.StatusCELIAC",7.43217070818019,9.41017503524472,0.789801537202428,0.429643681186984,-11.0114334491174,25.8757748654778,0.859287362373968
"virus_comp_1068_cycle_1_2","fixed","cond",NA,"onset_timeline_combinedt0-6",-20.8161383606178,2966.34153136247,-0.00701744493698159,0.994400934982427,-5834.73870567644,5793.10642895521,0.999999996236212
"virus_comp_1068_cycle_1_2","fixed","cond",NA,"onset_timeline_combinedt0-12",-13.3352256436937,4714.10234214781,-0.0028287942594004,0.997742951744916,-9252.80603568931,9226.13558440192,0.999999999984881
"virus_comp_1068_cycle_1_2","fixed","cond",NA,"onset_timeline_combinedt0-18",8.37576086963738,6.82586322569131,1.22706251102608,0.219799096831882,-5.00268521611398,21.7542069553887,0.549497742079704
"virus_comp_1068_cycle_1_2","fixed","cond",NA,"onset_timeline_combinedt0-24",9.29311817383637,7.52690920497211,1.23465262045376,0.216959816207919,-5.45935278281197,24.0455891304847,0.813599310779696
"virus_comp_1068_cycle_1_2","fixed","cond",NA,"onset_timeline_combinedt0-30",-15.1331398803808,11596.148168011,-0.00130501436003784,0.998958749486052,-22743.165908572,22712.8996288112,1
"virus_comp_1068_cycle_1_2","fixed","cond",NA,"onset_timeline_combinedt0-36",-15.1331398803808,11596.1481680326,-0.0013050143600354,0.998958749486054,-22743.1659086143,22712.8996288536,1
"virus_comp_1068_cycle_1_2","fixed","cond",NA,"onset_timeline_combinedt0-over42",-6.98909728141522,31536.4519912972,-0.000221619644573332,0.999823173108672,-61817.2992004004,61803.3210058375,1
"virus_comp_1068_cycle_1_2","fixed","cond",NA,"SexMale",2.28872033346429,10.1579046966814,0.225314216052059,0.821734841176439,-17.6204070304215,22.1978476973501,0.999999991834505
"virus_comp_1068_cycle_1_2","fixed","cond",NA,"Age.at.Gluten.Introduction..months.",-2.21825098786839,5.11616625495412,-0.433576798979197,0.664595785699513,-12.2457525864976,7.80925061076085,0.999999564767409
"virus_comp_1068_cycle_1_2","fixed","cond",NA,"HLA.CategoryHigh Risk",13.8040944725688,7.28050394640434,1.89603557311253,0.0579553407904331,-0.465431051685478,28.073619996823,0.270458257022021
"virus_comp_1068_cycle_1_2","fixed","cond",NA,"HLA.CategoryLow/No Risk",-4.40288203871323,302463.816766955,-1.45567231339463e-05,0.999988385415356,-592822.590371793,592813.784607715,1
"virus_comp_1068_cycle_1_2","fixed","cond",NA,"feeding_first_yearFormula",-3.05117775680995,8.86481886733529,-0.344189520673998,0.73070376269696,-20.4259034662583,14.3235479526384,1
"virus_comp_1068_cycle_1_2","fixed","cond",NA,"feeding_first_yearBreastmilk_and_formula",-6.93328452606542,12.8109525466425,-0.541199766435986,0.588369898468736,-32.0422901251364,18.1757210730055,0.99999999100114
"virus_comp_1068_cycle_1_2","fixed","cond",NA,"Delivery.ModeC-Section",11.7907411956016,10.6083715386079,1.11145628268114,0.266371997652588,-9.0012849546897,32.5827673458929,0.979458472733135
"virus_comp_1068_cycle_1_2","fixed","cond",NA,"Dx.StatusCELIAC:onset_timeline_combinedt0-6",-8.37116975161288,22387.5575065631,-0.000373920636458837,0.999701654504156,-43887.1775844346,43870.4352449314,0.999999987407339
"virus_comp_1068_cycle_1_2","fixed","cond",NA,"Dx.StatusCELIAC:onset_timeline_combinedt0-12",-7.5510482398743,5399.89085229357,-0.00139837053126121,0.998884262106451,-10591.1426391826,10576.0405427028,1
"virus_comp_1068_cycle_1_2","fixed","cond",NA,"Dx.StatusCELIAC:onset_timeline_combinedt0-18",-24.4637881558854,14755.4347806899,-0.00165795102072496,0.99867714708404,-28944.5845345378,28895.656958226,1
"virus_comp_1068_cycle_1_2","fixed","cond",NA,"Dx.StatusCELIAC:onset_timeline_combinedt0-24",-20.5033309601406,2014.78078889203,-0.0101764574454851,0.991880501863747,-3969.40111393172,3928.39445201144,1
"virus_comp_1068_cycle_1_2","fixed","cond",NA,"Dx.StatusCELIAC:onset_timeline_combinedt0-30",-1.43033680159888,24944.5429468342,-5.73406698470061e-05,0.999954248764848,-48891.8361234092,48888.975449806,1
"virus_comp_1068_cycle_1_2","fixed","cond",NA,"Dx.StatusCELIAC:onset_timeline_combinedt0-36",-1.43033680159888,24944.5429468361,-5.73406698470017e-05,0.999954248764848,-48891.8361234129,48888.9754498097,1
"virus_comp_1068_cycle_1_2","fixed","cond",NA,"Dx.StatusCELIAC:onset_timeline_combinedt0-over42",-4.56342167312697,31582.223778642,-0.00014449336136403,0.99988471097823,-61904.5845794958,61895.4577361496,1
"virus_comp_1069_cycle_1_2","fixed","cond",NA,"(Intercept)",-13.7957060188866,44.9096115070979,-0.307188273421296,0.758700070761477,-101.816927132484,74.2255150947109,0.999999792721213
"virus_comp_1069_cycle_1_2","fixed","cond",NA,"Dx.StatusCELIAC",7.43217070818019,9.41017503524472,0.789801537202428,0.429643681186984,-11.0114334491174,25.8757748654778,0.859287362373968
"virus_comp_1069_cycle_1_2","fixed","cond",NA,"onset_timeline_combinedt0-6",-20.8161383606178,2966.34153136247,-0.00701744493698159,0.994400934982427,-5834.73870567644,5793.10642895521,0.999999996236212
"virus_comp_1069_cycle_1_2","fixed","cond",NA,"onset_timeline_combinedt0-12",-13.3352256436937,4714.10234214781,-0.0028287942594004,0.997742951744916,-9252.80603568931,9226.13558440192,0.999999999984881
"virus_comp_1069_cycle_1_2","fixed","cond",NA,"onset_timeline_combinedt0-18",8.37576086963738,6.82586322569131,1.22706251102608,0.219799096831882,-5.00268521611398,21.7542069553887,0.549497742079704
"virus_comp_1069_cycle_1_2","fixed","cond",NA,"onset_timeline_combinedt0-24",9.29311817383637,7.52690920497211,1.23465262045376,0.216959816207919,-5.45935278281197,24.0455891304847,0.813599310779696
"virus_comp_1069_cycle_1_2","fixed","cond",NA,"onset_timeline_combinedt0-30",-15.1331398803808,11596.148168011,-0.00130501436003784,0.998958749486052,-22743.165908572,22712.8996288112,1
"virus_comp_1069_cycle_1_2","fixed","cond",NA,"onset_timeline_combinedt0-36",-15.1331398803808,11596.1481680326,-0.0013050143600354,0.998958749486054,-22743.1659086143,22712.8996288536,1
"virus_comp_1069_cycle_1_2","fixed","cond",NA,"onset_timeline_combinedt0-over42",-6.98909728141522,31536.4519912972,-0.000221619644573332,0.999823173108672,-61817.2992004004,61803.3210058375,1
"virus_comp_1069_cycle_1_2","fixed","cond",NA,"SexMale",2.28872033346429,10.1579046966814,0.225314216052059,0.821734841176439,-17.6204070304215,22.1978476973501,0.999999991834505
"virus_comp_1069_cycle_1_2","fixed","cond",NA,"Age.at.Gluten.Introduction..months.",-2.21825098786839,5.11616625495412,-0.433576798979197,0.664595785699513,-12.2457525864976,7.80925061076085,0.999999564767409
"virus_comp_1069_cycle_1_2","fixed","cond",NA,"HLA.CategoryHigh Risk",13.8040944725688,7.28050394640434,1.89603557311253,0.0579553407904331,-0.465431051685478,28.073619996823,0.270458257022021
"virus_comp_1069_cycle_1_2","fixed","cond",NA,"HLA.CategoryLow/No Risk",-4.40288203871323,302463.816766955,-1.45567231339463e-05,0.999988385415356,-592822.590371793,592813.784607715,1
"virus_comp_1069_cycle_1_2","fixed","cond",NA,"feeding_first_yearFormula",-3.05117775680995,8.86481886733529,-0.344189520673998,0.73070376269696,-20.4259034662583,14.3235479526384,1
"virus_comp_1069_cycle_1_2","fixed","cond",NA,"feeding_first_yearBreastmilk_and_formula",-6.93328452606542,12.8109525466425,-0.541199766435986,0.588369898468736,-32.0422901251364,18.1757210730055,0.99999999100114
"virus_comp_1069_cycle_1_2","fixed","cond",NA,"Delivery.ModeC-Section",11.7907411956016,10.6083715386079,1.11145628268114,0.266371997652588,-9.0012849546897,32.5827673458929,0.979458472733135
"virus_comp_1069_cycle_1_2","fixed","cond",NA,"Dx.StatusCELIAC:onset_timeline_combinedt0-6",-8.37116975161288,22387.5575065631,-0.000373920636458837,0.999701654504156,-43887.1775844346,43870.4352449314,0.999999987407339
"virus_comp_1069_cycle_1_2","fixed","cond",NA,"Dx.StatusCELIAC:onset_timeline_combinedt0-12",-7.5510482398743,5399.89085229357,-0.00139837053126121,0.998884262106451,-10591.1426391826,10576.0405427028,1
"virus_comp_1069_cycle_1_2","fixed","cond",NA,"Dx.StatusCELIAC:onset_timeline_combinedt0-18",-24.4637881558854,14755.4347806899,-0.00165795102072496,0.99867714708404,-28944.5845345378,28895.656958226,1
"virus_comp_1069_cycle_1_2","fixed","cond",NA,"Dx.StatusCELIAC:onset_timeline_combinedt0-24",-20.5033309601406,2014.78078889203,-0.0101764574454851,0.991880501863747,-3969.40111393172,3928.39445201144,1
"virus_comp_1069_cycle_1_2","fixed","cond",NA,"Dx.StatusCELIAC:onset_timeline_combinedt0-30",-1.43033680159888,24944.5429468342,-5.73406698470061e-05,0.999954248764848,-48891.8361234092,48888.975449806,1
"virus_comp_1069_cycle_1_2","fixed","cond",NA,"Dx.StatusCELIAC:onset_timeline_combinedt0-36",-1.43033680159888,24944.5429468361,-5.73406698470017e-05,0.999954248764848,-48891.8361234129,48888.9754498097,1
"virus_comp_1069_cycle_1_2","fixed","cond",NA,"Dx.StatusCELIAC:onset_timeline_combinedt0-over42",-4.56342167312697,31582.223778642,-0.00014449336136403,0.99988471097823,-61904.5845794958,61895.4577361496,1
"virus_comp_1133_cycle_1_2","fixed","cond",NA,"(Intercept)",-11.9720926433908,14.3869551018287,-0.832149162811323,0.40532475477293,-40.1700064901698,16.2258212033881,0.999999792721213
"virus_comp_1133_cycle_1_2","fixed","cond",NA,"Dx.StatusCELIAC",1.79500182446206,5.72180063612619,0.313712752088706,0.753739214612755,-9.41952134906364,13.0095249979878,0.959304454961688
"virus_comp_1133_cycle_1_2","fixed","cond",NA,"onset_timeline_combinedt0-6",-11.5313363909698,5.39025798330424,-2.13929211304671,0.0324120180534532,-22.0960479056256,-0.966624876314016,0.421356234694892
"virus_comp_1133_cycle_1_2","fixed","cond",NA,"onset_timeline_combinedt0-12",-37.8822835886898,66124.3447748754,-0.000572894653514715,0.999542896225998,-129639.216543654,129563.451976476,0.999999999984881
"virus_comp_1133_cycle_1_2","fixed","cond",NA,"onset_timeline_combinedt0-18",-39.1132199054796,122319.782537744,-0.00031976201309392,0.999744866830969,-239781.481590656,239703.255150845,0.99999999999998
"virus_comp_1133_cycle_1_2","fixed","cond",NA,"onset_timeline_combinedt0-24",-21.0881611234302,303855.845137184,-6.94018609841432e-05,0.999944625326674,-595567.601121984,595525.424799738,1
"virus_comp_1133_cycle_1_2","fixed","cond",NA,"onset_timeline_combinedt0-30",-23.5034840955714,1033514.67896729,-2.27413161843589e-05,0.999981855054926,-2025675.05175347,2025628.04478528,1
"virus_comp_1133_cycle_1_2","fixed","cond",NA,"onset_timeline_combinedt0-36",-23.5034840955714,1033514.67896539,-2.27413161844009e-05,0.999981855054926,-2025675.05174973,2025628.04478153,1
"virus_comp_1133_cycle_1_2","fixed","cond",NA,"onset_timeline_combinedt0-over42",-21.856534368015,541709.055767028,-4.03473675312064e-05,0.999967807458387,-1061752.09593694,1061708.38286821,1
"virus_comp_1133_cycle_1_2","fixed","cond",NA,"SexMale",0.860720504329592,4.66705111674257,0.184424914747954,0.853680125891807,-8.28653159849328,10.0079726071525,0.999999991834505
"virus_comp_1133_cycle_1_2","fixed","cond",NA,"Age.at.Gluten.Introduction..months.",-0.00160274412764114,1.57986111787093,-0.00101448419073763,0.999190558865875,-3.09807363572985,3.09486814747457,0.999999564767409
"virus_comp_1133_cycle_1_2","fixed","cond",NA,"HLA.CategoryHigh Risk",0.0220600845818021,6.17278661625971,0.00357376432285763,0.997148554692523,-12.0763793675381,12.1204995367017,0.999999935069241
"virus_comp_1133_cycle_1_2","fixed","cond",NA,"HLA.CategoryLow/No Risk",14.0671227472458,7.51998160846992,1.87063259987254,0.0613960227960637,-0.671770369758853,28.8060158642504,0.920940341940956
"virus_comp_1133_cycle_1_2","fixed","cond",NA,"feeding_first_yearFormula",-1.41552699002007,7.51816943239105,-0.18828080462266,0.850656531946083,-16.1508683071765,13.3198143271363,1
"virus_comp_1133_cycle_1_2","fixed","cond",NA,"feeding_first_yearBreastmilk_and_formula",-1.70693240860889,6.88537768181452,-0.247906866912645,0.80420646670199,-15.2020246849212,11.7881598677034,0.99999999100114
"virus_comp_1133_cycle_1_2","fixed","cond",NA,"Delivery.ModeC-Section",2.34320764739493,7.98230520122891,0.293550244988651,0.769101600127077,-13.3018230606205,17.9882383554103,0.999999699168681
"virus_comp_1133_cycle_1_2","fixed","cond",NA,"Dx.StatusCELIAC:onset_timeline_combinedt0-6",2.19660848762243,6.17142540440938,0.355932113519996,0.721891405495211,-9.8991630382955,14.2923800135404,0.999999987407339
"virus_comp_1133_cycle_1_2","fixed","cond",NA,"Dx.StatusCELIAC:onset_timeline_combinedt0-12",29.3377413655996,66124.3447741015,0.000443675343261626,0.999645998305217,-129571.996517183,129630.671999914,1
"virus_comp_1133_cycle_1_2","fixed","cond",NA,"Dx.StatusCELIAC:onset_timeline_combinedt0-18",29.7651990992219,122319.782549986,0.000243339208742121,0.999805843404223,-239712.603195645,239772.133593843,1
"virus_comp_1133_cycle_1_2","fixed","cond",NA,"Dx.StatusCELIAC:onset_timeline_combinedt0-24",-10.6002105551052,645019.495375468,-1.64339382469902e-05,0.9999868876144,-1264225.58047267,1264204.38005156,1
"virus_comp_1133_cycle_1_2","fixed","cond",NA,"Dx.StatusCELIAC:onset_timeline_combinedt0-30",-19.3327130694493,2290921.18417848,-8.43883814203849e-06,0.999993266781335,-4490142.34512273,4490103.67969659,1
"virus_comp_1133_cycle_1_2","fixed","cond",NA,"Dx.StatusCELIAC:onset_timeline_combinedt0-36",-19.3327130694493,2290921.18417181,-8.43883814206306e-06,0.999993266781335,-4490142.34510966,4490103.67968352,1
"virus_comp_1133_cycle_1_2","fixed","cond",NA,"Dx.StatusCELIAC:onset_timeline_combinedt0-over42",-14.749921592666,4736076.4258211,-3.11437575463297e-06,0.999997515087669,-9282553.97256013,9282524.47271694,1
"virus_comp_11451_cycle_1_2","fixed","cond",NA,"(Intercept)",-9.68905620223617,37296379.7934226,-2.59785433757967e-07,0.999999792721213,-73099570.8378919,73099551.4597795,0.999999792721213
"virus_comp_11451_cycle_1_2","fixed","cond",NA,"Dx.StatusCELIAC",-8.23344762001143,52058983.7881748,-1.58156134078853e-07,0.999999873809662,-102033741.530025,102033725.06313,0.999999873809662
"virus_comp_11451_cycle_1_2","fixed","cond",NA,"onset_timeline_combinedt0-6",1.68166526631443,2493156.43746515,6.74512534008584e-07,0.999999461816863,-4886495.14359061,4886498.50692114,0.999999996236212
"virus_comp_11451_cycle_1_2","fixed","cond",NA,"onset_timeline_combinedt0-12",-2.19573356689737,6175449.97363359,-3.55558473677573e-07,0.999999716305383,-12103661.7323842,12103657.3409171,0.999999999984881
"virus_comp_11451_cycle_1_2","fixed","cond",NA,"onset_timeline_combinedt0-18",-2.27695261742638,6503509.94023006,-3.50111345773669e-07,0.999999720651563,-12746647.5329018,12746642.9789965,0.99999999999998
"virus_comp_11451_cycle_1_2","fixed","cond",NA,"onset_timeline_combinedt0-24",-0.491165128440724,3618228.67257898,-1.35747398212572e-07,0.999999891689247,-7091598.3772501,7091597.39491984,1
"virus_comp_11451_cycle_1_2","fixed","cond",NA,"onset_timeline_combinedt0-30",-3.09164334853117,12478831.8595239,-2.47751022157704e-07,0.999999802323284,-24458064.1054412,24458057.9221545,1
"virus_comp_11451_cycle_1_2","fixed","cond",NA,"onset_timeline_combinedt0-36",-3.09164334853117,12478831.8595709,-2.4775102215677e-07,0.999999802323284,-24458064.1055334,24458057.9222467,1
"virus_comp_11451_cycle_1_2","fixed","cond",NA,"onset_timeline_combinedt0-over42",0.00239215404077849,226782457.124676,1.05482323064495e-11,0.999999999991584,-444485448.287471,444485448.292255,1
"virus_comp_11451_cycle_1_2","fixed","cond",NA,"SexMale",2.18528263089596,19347974.2624221,1.12946327158406e-07,0.999999909881869,-37921330.5428727,37921334.9134379,0.999999991834505
"virus_comp_11451_cycle_1_2","fixed","cond",NA,"Age.at.Gluten.Introduction..months.",-3.31010737746121,6068211.86360803,-5.45483159102011e-07,0.999999564767409,-11893480.0133378,11893473.393123,0.999999564767409
"virus_comp_11451_cycle_1_2","fixed","cond",NA,"HLA.CategoryHigh Risk",1.6135968079309,19828260.1906794,8.13786379850611e-08,0.999999935069241,-38862674.2362242,38862677.4634178,0.999999935069241
"virus_comp_11451_cycle_1_2","fixed","cond",NA,"HLA.CategoryLow/No Risk",0.197702228040094,19624602.0566284,1.00742031593613e-08,0.999999991961949,-38463513.04422,38463513.4396245,1
"virus_comp_11451_cycle_1_2","fixed","cond",NA,"feeding_first_yearFormula",1.99688695382325,5647624.89108634,3.53579954818696e-07,0.999999717884013,-11069139.3878342,11069143.3816081,1
"virus_comp_11451_cycle_1_2","fixed","cond",NA,"feeding_first_yearBreastmilk_and_formula",-10.0255648186236,888917436.728373,-1.12783982003124e-08,0.99999999100114,-1742246171.24284,1742246151.19171,0.99999999100114
"virus_comp_11451_cycle_1_2","fixed","cond",NA,"Delivery.ModeC-Section",-8.30200756033402,22019129.1098503,-3.77036145204312e-07,0.999999699168681,-43156708.3282517,43156691.7242366,0.999999699168681
"virus_comp_11451_cycle_1_2","fixed","cond",NA,"Dx.StatusCELIAC:onset_timeline_combinedt0-6",0.821759294525545,52067553.3861877,1.57825601758261e-08,0.999999987407339,-102050528.578285,102050530.221804,0.999999987407339
"virus_comp_11451_cycle_1_2","fixed","cond",NA,"Dx.StatusCELIAC:onset_timeline_combinedt0-12",-1.73559891345515,25567515865.6584,-6.78829700380225e-11,0.999999999945837,-50111410272.5824,50111410269.1112,1
"virus_comp_11451_cycle_1_2","fixed","cond",NA,"Dx.StatusCELIAC:onset_timeline_combinedt0-18",-2.05280406847805,31197564297.9785,-6.58001390387729e-11,0.999999999947499,-61146102431.4633,61146102427.3577,1
"virus_comp_11451_cycle_1_2","fixed","cond",NA,"Dx.StatusCELIAC:onset_timeline_combinedt0-24",0.454434116654484,38467923902.6775,1.18133257673116e-11,0.999999999990574,-75395745408.821,75395745409.7298,1
"virus_comp_11451_cycle_1_2","fixed","cond",NA,"Dx.StatusCELIAC:onset_timeline_combinedt0-30",-2.30360541832846,571726417980.756,-4.02920933138689e-12,0.999999999996785,-1120563188254.68,1120563188250.07,1
"virus_comp_11451_cycle_1_2","fixed","cond",NA,"Dx.StatusCELIAC:onset_timeline_combinedt0-36",-2.30360541832846,571726417981.768,-4.02920933137975e-12,0.999999999996785,-1120563188256.66,1120563188252.05,1
"virus_comp_11451_cycle_1_2","fixed","cond",NA,"Dx.StatusCELIAC:onset_timeline_combinedt0-over42",0.0290492184139416,37043425400.5682,7.8419363489792e-13,0.999999999999374,-72603779649.0809,72603779649.139,1
"virus_comp_1392_cycle_1_1","fixed","cond",NA,"(Intercept)",8.77212995894636,6713.85222313344,0.00130657179625147,0.998957506832802,-13150.1364249068,13167.6806848247,0.999999792721213
"virus_comp_1392_cycle_1_1","fixed","cond",NA,"Dx.StatusCELIAC",8.57029483598116,17.4393485097361,0.491434346368874,0.623119276800002,-25.6102001569439,42.7507898289062,0.959304454961688
"virus_comp_1392_cycle_1_1","fixed","cond",NA,"onset_timeline_combinedt0-6",10.0156212417601,8.43919318986403,1.18679843160712,0.235307137641055,-6.52489346894906,26.5561359524693,0.999999996236212
"virus_comp_1392_cycle_1_1","fixed","cond",NA,"onset_timeline_combinedt0-12",9.16170609637604,7.62264688403653,1.20190614044613,0.229399895118884,-5.77840726320203,24.1018194559541,0.999999999984881
"virus_comp_1392_cycle_1_1","fixed","cond",NA,"onset_timeline_combinedt0-18",9.84240567698158,7.78213479022669,1.26474366511132,0.205963231728326,-5.41029823469889,25.095109588662,0.549497742079704
"virus_comp_1392_cycle_1_1","fixed","cond",NA,"onset_timeline_combinedt0-24",-3.75820164872424,5261.32637027266,-0.000714306884659101,0.999430065613522,-10315.768398294,10308.2519949965,1
"virus_comp_1392_cycle_1_1","fixed","cond",NA,"onset_timeline_combinedt0-30",-13.6189289321069,751413.879871972,-1.81244042689594e-05,0.999985538817661,-1472757.7609615,1472730.52310364,1
"virus_comp_1392_cycle_1_1","fixed","cond",NA,"onset_timeline_combinedt0-36",-13.6189289321069,751413.885494111,-1.81244041333512e-05,0.999985538817769,-1472757.77198069,1472730.53412283,1
"virus_comp_1392_cycle_1_1","fixed","cond",NA,"onset_timeline_combinedt0-over42",-1.68901426092656,43325.8456446458,-3.89839883283453e-05,0.999968895277602,-84918.7860775082,84915.4080489863,1
"virus_comp_1392_cycle_1_1","fixed","cond",NA,"SexMale",-2.57321409248046,12.4948990995347,-0.205941166229689,0.836836868606005,-27.0627663180304,21.9163381330694,0.999999991834505
"virus_comp_1392_cycle_1_1","fixed","cond",NA,"Age.at.Gluten.Introduction..months.",-7.28613730571168,8.91905689828278,-0.816917908340119,0.413975342889813,-24.7671676024094,10.1948929909861,0.999999564767409
"virus_comp_1392_cycle_1_1","fixed","cond",NA,"HLA.CategoryHigh Risk",-0.822279586644818,17.8180160436193,-0.0461487735015976,0.963191671759714,-35.7449493080954,34.1003901348058,0.999999935069241
"virus_comp_1392_cycle_1_1","fixed","cond",NA,"HLA.CategoryLow/No Risk",-2.67536880284546,4035621.7258259,-6.62938447804579e-07,0.999999471051648,-7909675.91321494,7909670.56247734,1
"virus_comp_1392_cycle_1_1","fixed","cond",NA,"feeding_first_yearFormula",19.0344154512976,6713.67595026617,0.00283517041815861,0.997737864326687,-13139.5286509431,13177.5974818457,1
"virus_comp_1392_cycle_1_1","fixed","cond",NA,"feeding_first_yearBreastmilk_and_formula",18.9516483930376,6713.66126414518,0.00282284846485334,0.997747695783646,-13139.5826337332,13177.4859305192,0.99999999100114
"virus_comp_1392_cycle_1_1","fixed","cond",NA,"Delivery.ModeC-Section",-4.20305103560297,13.7537831440137,-0.305592358959967,0.759915039005932,-31.1599706490439,22.7538685778379,0.999999699168681
"virus_comp_1392_cycle_1_1","fixed","cond",NA,"Dx.StatusCELIAC:onset_timeline_combinedt0-6",-21.2822478439018,1483.83149973101,-0.0143427659055356,0.9885565208752,-2929.53854644274,2886.97405075494,0.999999987407339
"virus_comp_1392_cycle_1_1","fixed","cond",NA,"Dx.StatusCELIAC:onset_timeline_combinedt0-12",-34.4781910420412,2061.90782685694,-0.0167214996679061,0.986658795303557,-4075.74327112289,4006.78688903881,1
"virus_comp_1392_cycle_1_1","fixed","cond",NA,"Dx.StatusCELIAC:onset_timeline_combinedt0-18",-35.715148574207,2723.0599812647,-0.0131158141281997,0.98953539443384,-5372.81463959534,5301.38434244693,1
"virus_comp_1392_cycle_1_1","fixed","cond",NA,"Dx.StatusCELIAC:onset_timeline_combinedt0-24",0.0213755017396455,3552246.19045713,6.01746066955306e-09,0.999999995198761,-6962274.57614008,6962274.61889108,1
"virus_comp_1392_cycle_1_1","fixed","cond",NA,"Dx.StatusCELIAC:onset_timeline_combinedt0-30",-11.2128136378847,751415.622089643,-1.49222524901764e-05,0.999988093765126,-1472758.7695301,1472736.34390282,1
"virus_comp_1392_cycle_1_1","fixed","cond",NA,"Dx.StatusCELIAC:onset_timeline_combinedt0-36",-11.2128136378847,751415.62771242,-1.49222523785145e-05,0.999988093765215,-1472758.78055054,1472736.35492326,1
"virus_comp_1392_cycle_1_1","fixed","cond",NA,"Dx.StatusCELIAC:onset_timeline_combinedt0-over42",-0.558773487398476,10723184.1775592,-5.2108914492753e-08,0.999999958423102,-21017055.3463793,21017054.2288324,1
"virus_comp_16189_cycle_1_2","fixed","cond",NA,"(Intercept)",-17.8298325429395,17.908168337556,-0.995625694758953,0.319432045465065,-52.9291975136298,17.2695324277508,0.999999792721213
"virus_comp_16189_cycle_1_2","fixed","cond",NA,"Dx.StatusCELIAC",3.57809995591815,11.0779584925744,0.322992720934688,0.746700754726812,-18.1342997117573,25.2904996235936,0.959304454961688
"virus_comp_16189_cycle_1_2","fixed","cond",NA,"onset_timeline_combinedt0-6",-24.7605756701796,28043.3013131181,-0.000882940827604955,0.999295515237086,-54988.6211569864,54939.100005646,0.999999996236212
"virus_comp_16189_cycle_1_2","fixed","cond",NA,"onset_timeline_combinedt0-12",6.79744143438953,6.37345427671202,1.0665239192547,0.286186871968401,-5.6942994050788,19.2891822738579,0.999999999984881
"virus_comp_16189_cycle_1_2","fixed","cond",NA,"onset_timeline_combinedt0-18",-15.77320858525,7973.14308434834,-0.00197829242726292,0.998421552045114,-15642.8464974926,15611.3000803221,0.99999999999998
"virus_comp_16189_cycle_1_2","fixed","cond",NA,"onset_timeline_combinedt0-24",-18.7456781028565,1556297.56647825,-1.20450474938903e-05,0.999990389442571,-3050305.92520281,3050268.4338466,1
"virus_comp_16189_cycle_1_2","fixed","cond",NA,"onset_timeline_combinedt0-30",-17.3459332515228,815802.9089154,-2.12624067185345e-05,0.999983035053955,-1598961.66589045,1598926.97402394,1
"virus_comp_16189_cycle_1_2","fixed","cond",NA,"onset_timeline_combinedt0-36",-17.3459332515228,815802.908911893,-2.12624067186259e-05,0.999983035053955,-1598961.66588357,1598926.97401707,1
"virus_comp_16189_cycle_1_2","fixed","cond",NA,"onset_timeline_combinedt0-over42",-14.696386078816,316574.714655118,-4.64231203519414e-05,0.99996295970902,-620489.735526154,620460.342753996,1
"virus_comp_16189_cycle_1_2","fixed","cond",NA,"SexMale",0.665862538324229,7.24868372090761,0.091859786405587,0.926809442121793,-13.5412964899765,14.8730215666249,0.999999991834505
"virus_comp_16189_cycle_1_2","fixed","cond",NA,"Age.at.Gluten.Introduction..months.",0.256047883004934,1.91806028536495,0.133493136247392,0.893803392170796,-3.50328119648698,4.01537696249685,0.999999564767409
"virus_comp_16189_cycle_1_2","fixed","cond",NA,"HLA.CategoryHigh Risk",2.86518369820725,14.7762073211548,0.193905217755386,0.846250098064808,-26.0956504793532,31.8260178757677,0.999999935069241
"virus_comp_16189_cycle_1_2","fixed","cond",NA,"HLA.CategoryLow/No Risk",-17.9058438458437,1080248.21093337,-1.65756755388398e-05,0.999986774524403,-2117265.49363708,2117229.68194939,1
"virus_comp_16189_cycle_1_2","fixed","cond",NA,"feeding_first_yearFormula",-1.472229301793,7.25311002156469,-0.202979038979943,0.839151415647431,-15.6880637199663,12.7436051163803,1
"virus_comp_16189_cycle_1_2","fixed","cond",NA,"feeding_first_yearBreastmilk_and_formula",-1.50220568767281,6.50212534743355,-0.23103302495787,0.817289145761587,-14.2461371916076,11.2417258162619,0.99999999100114
"virus_comp_16189_cycle_1_2","fixed","cond",NA,"Delivery.ModeC-Section",0.756909780304375,5.92793205344022,0.127685299608842,0.898398024072258,-10.861623547239,12.3754431078478,0.999999699168681
"virus_comp_16189_cycle_1_2","fixed","cond",NA,"Dx.StatusCELIAC:onset_timeline_combinedt0-6",5.395729822761,77110.2638795266,6.99742103229089e-05,0.999944168657975,-151127.944312429,151138.735772075,0.999999987407339
"virus_comp_16189_cycle_1_2","fixed","cond",NA,"Dx.StatusCELIAC:onset_timeline_combinedt0-12",-27.2975793857325,2929.96346623171,-0.00931669616373768,0.992566459512995,-5769.92044921802,5715.32529044655,1
"virus_comp_16189_cycle_1_2","fixed","cond",NA,"Dx.StatusCELIAC:onset_timeline_combinedt0-18",-0.923781964923163,23181.962370784,-3.98491702362262e-05,0.999968204962316,-45436.7351196644,45434.8875557345,1
"virus_comp_16189_cycle_1_2","fixed","cond",NA,"Dx.StatusCELIAC:onset_timeline_combinedt0-24",-10.3394365789228,1570986.7739283,-6.58149180535031e-06,0.999994748729301,-3079087.83652482,3079067.15765166,1
"virus_comp_16189_cycle_1_2","fixed","cond",NA,"Dx.StatusCELIAC:onset_timeline_combinedt0-30",-9.9132341069775,820326.518014773,-1.20844979276886e-05,0.999990357965679,-1607820.34410621,1607800.517638,1
"virus_comp_16189_cycle_1_2","fixed","cond",NA,"Dx.StatusCELIAC:onset_timeline_combinedt0-36",-9.91323410697752,820326.518012761,-1.20844979277182e-05,0.999990357965679,-1607820.34410227,1607800.51763405,1
"virus_comp_16189_cycle_1_2","fixed","cond",NA,"Dx.StatusCELIAC:onset_timeline_combinedt0-over42",-12.3979797748867,321493.272907685,-3.85637300051583e-05,0.99996923059523,-630127.634150745,630102.838191195,1
"virus_comp_17861_cycle_1_1","fixed","cond",NA,"(Intercept)",-8.85190651349173,11.6495881908918,-0.759847160984845,0.447345948909368,-31.6846798023629,13.9808667753794,0.999999792721213
"virus_comp_17861_cycle_1_1","fixed","cond",NA,"Dx.StatusCELIAC",-0.57406499224046,5.00544792306734,-0.114688036128578,0.908692397137322,-10.3845626479433,9.23643266346233,0.999999873809662
"virus_comp_17861_cycle_1_1","fixed","cond",NA,"onset_timeline_combinedt0-6",-34.4531160660844,2887303.95441334,-1.19326252483469e-05,0.999990479142545,-5659046.21618629,5658977.30995416,0.999999996236212
"virus_comp_17861_cycle_1_1","fixed","cond",NA,"onset_timeline_combinedt0-12",-27.9005551242254,148804.294965419,-0.00018749831871929,0.999850397987194,-291678.95943222,291623.158321972,0.999999999984881
"virus_comp_17861_cycle_1_1","fixed","cond",NA,"onset_timeline_combinedt0-18",-23.5194009613204,16651.5771078494,-0.00141244284604331,0.998873034034841,-32660.0108181377,32612.9720162151,0.99999999999998
"virus_comp_17861_cycle_1_1","fixed","cond",NA,"onset_timeline_combinedt0-24",-23.6996674634457,18224.0353018231,-0.00130046211340882,0.998962381650272,-35742.1525120232,35694.7531770964,1
"virus_comp_17861_cycle_1_1","fixed","cond",NA,"onset_timeline_combinedt0-30",-18.2322520959291,39117.7844918222,-0.000466086010053577,0.999628117182036,-76687.6810110669,76651.2165068751,1
"virus_comp_17861_cycle_1_1","fixed","cond",NA,"onset_timeline_combinedt0-36",-18.2322520959291,39117.7844917552,-0.000466086010054375,0.999628117182036,-76687.6810109356,76651.2165067437,1
"virus_comp_17861_cycle_1_1","fixed","cond",NA,"onset_timeline_combinedt0-over42",-17.5810622563896,32800.4229790038,-0.000536001083511744,0.99957233303137,-64305.2287787838,64270.066654271,1
"virus_comp_17861_cycle_1_1","fixed","cond",NA,"SexMale",-0.149257496963582,5.09290698657557,-0.0293069355786412,0.97661979548779,-10.1311717672641,9.83265677333695,0.999999991834505
"virus_comp_17861_cycle_1_1","fixed","cond",NA,"Age.at.Gluten.Introduction..months.",0.0185873115444716,1.51861914457144,0.01223961360616,0.990234445100666,-2.95785151804857,2.99502614113751,0.999999564767409
"virus_comp_17861_cycle_1_1","fixed","cond",NA,"HLA.CategoryHigh Risk",-12.2952533669173,1513.82607507644,-0.00812197224591762,0.993519674989112,-2979.33983937437,2954.74933264053,0.999999935069241
"virus_comp_17861_cycle_1_1","fixed","cond",NA,"HLA.CategoryLow/No Risk",18.3004045634365,2887409.06398671,6.33800204885718e-06,0.999994943006019,-5659199.47364389,5659236.07445302,1
"virus_comp_17861_cycle_1_1","fixed","cond",NA,"feeding_first_yearFormula",0.667447912688906,7.3907100964464,0.0903090371532538,0.928041638888617,-13.8180776965226,15.1529735219004,1
"virus_comp_17861_cycle_1_1","fixed","cond",NA,"feeding_first_yearBreastmilk_and_formula",-0.153557121125133,5.75506804940891,-0.0266820687100137,0.978713315137456,-11.4332832265438,11.1261689842935,0.99999999100114
"virus_comp_17861_cycle_1_1","fixed","cond",NA,"Delivery.ModeC-Section",-0.653892751831539,5.67943665886534,-0.115133382253827,0.908339400619261,-11.7853840556841,10.477598552021,0.999999699168681
"virus_comp_17861_cycle_1_1","fixed","cond",NA,"Dx.StatusCELIAC:onset_timeline_combinedt0-6",3.16134382292266,3028336.36825687,1.04392096467882e-06,0.99999916707158,-5935427.05351247,5935433.37620011,0.999999987407339
"virus_comp_17861_cycle_1_1","fixed","cond",NA,"Dx.StatusCELIAC:onset_timeline_combinedt0-12",-3.80323470732249,1132400.88711122,-3.35855857286074e-06,0.999997320257968,-2219468.75803391,2219461.15156449,1
"virus_comp_17861_cycle_1_1","fixed","cond",NA,"Dx.StatusCELIAC:onset_timeline_combinedt0-18",1.1143999967592,595033.52819127,1.87283563692058e-06,0.99999850569336,-1166243.17044869,1166245.39924868,1
"virus_comp_17861_cycle_1_1","fixed","cond",NA,"Dx.StatusCELIAC:onset_timeline_combinedt0-24",0.258316138560521,1194811.57257283,2.1619822279113e-07,0.999999827498776,-2341787.39223827,2341787.90887055,1
"virus_comp_17861_cycle_1_1","fixed","cond",NA,"Dx.StatusCELIAC:onset_timeline_combinedt0-30",-3.07459246771046,345707.810260217,-8.89361586999204e-06,0.999992903921208,-677577.931876699,677571.782691763,1
"virus_comp_17861_cycle_1_1","fixed","cond",NA,"Dx.StatusCELIAC:onset_timeline_combinedt0-36",-3.07459246771046,345707.810259845,-8.89361587000159e-06,0.999992903921208,-677577.931875971,677571.782691036,1
"virus_comp_17861_cycle_1_1","fixed","cond",NA,"Dx.StatusCELIAC:onset_timeline_combinedt0-over42",-6.04492616469869,1275244.86347989,-4.74020820456653e-06,0.999996217861059,-2499440.04881644,2499427.95896411,1
"virus_comp_17861_cycle_1_9","fixed","cond",NA,"(Intercept)",-4.05896483928148,5.66518861945597,-0.716474792267598,0.47369822717462,-15.1625304990414,7.0446008204784,0.999999792721213
"virus_comp_17861_cycle_1_9","fixed","cond",NA,"Dx.StatusCELIAC",-0.71960470278289,2.19640632712336,-0.32762822338313,0.743192779574319,-5.02448199936057,3.58527259379479,0.959304454961688
"virus_comp_17861_cycle_1_9","fixed","cond",NA,"onset_timeline_combinedt0-6",-1.16781981721564,1.55307685573849,-0.751939488957444,0.452087449197663,-4.21179451968579,1.87615488525452,0.999999996236212
"virus_comp_17861_cycle_1_9","fixed","cond",NA,"onset_timeline_combinedt0-12",-26.6367430331718,601011.071239338,-4.43198874494017e-05,0.999964637846079,-1177986.69068197,1177933.41719591,0.999999999984881
"virus_comp_17861_cycle_1_9","fixed","cond",NA,"onset_timeline_combinedt0-18",-24.1561550561675,191337.784478927,-0.000126248744449259,0.999899268076251,-375039.32261544,374991.010305328,0.99999999999998
"virus_comp_17861_cycle_1_9","fixed","cond",NA,"onset_timeline_combinedt0-24",-24.7720323858881,278126.471664939,-8.90675103221788e-05,0.999928934408739,-545142.639642866,545093.095578094,1
"virus_comp_17861_cycle_1_9","fixed","cond",NA,"onset_timeline_combinedt0-30",-20.3772282525202,64670.9625987801,-0.00031509084500475,0.99974859388368,-126773.134767398,126732.380310893,1
"virus_comp_17861_cycle_1_9","fixed","cond",NA,"onset_timeline_combinedt0-36",-20.3772282525201,64670.9625987765,-0.000315090845004767,0.99974859388368,-126773.134767391,126732.380310886,1
"virus_comp_17861_cycle_1_9","fixed","cond",NA,"onset_timeline_combinedt0-over42",-19.6392648757242,61154.5197717731,-0.000321141674385104,0.999743766020582,-119880.295509394,119841.016979642,1
"virus_comp_17861_cycle_1_9","fixed","cond",NA,"SexMale",1.07861445335762,2.12444012911121,0.507717039693126,0.611651796776621,-3.08521168701197,5.24244059372722,0.999999991834505
"virus_comp_17861_cycle_1_9","fixed","cond",NA,"Age.at.Gluten.Introduction..months.",-0.044485298600582,0.634561655651585,-0.0701039815507026,0.944110897682518,-1.2882032896478,1.19923269244663,0.999999564767409
"virus_comp_17861_cycle_1_9","fixed","cond",NA,"HLA.CategoryHigh Risk",-24.8816993810696,253553.310288473,-9.81320234106238e-05,0.999921701973726,-496980.238025697,496930.474626935,0.999999935069241
"virus_comp_17861_cycle_1_9","fixed","cond",NA,"HLA.CategoryLow/No Risk",3.29009229908882,5.57357153186851,0.590302336711168,0.554987973074584,-7.63390716863119,14.2140917668088,1
"virus_comp_17861_cycle_1_9","fixed","cond",NA,"feeding_first_yearFormula",-0.105655705311963,2.59575145704174,-0.0407033212002409,0.96753241385664,-5.19323507393114,4.98192366330721,1
"virus_comp_17861_cycle_1_9","fixed","cond",NA,"feeding_first_yearBreastmilk_and_formula",-0.264050738268257,2.3818845794229,-0.110857906612852,0.911729025446518,-4.93245872926846,4.40435725273195,0.99999999100114
"virus_comp_17861_cycle_1_9","fixed","cond",NA,"Delivery.ModeC-Section",-0.351469744261004,2.21610957029399,-0.158597638389503,0.873985889538148,-4.69496468783175,3.99202519930975,0.999999699168681
"virus_comp_17861_cycle_1_9","fixed","cond",NA,"Dx.StatusCELIAC:onset_timeline_combinedt0-6",-20.8334273776263,35919.3839165394,-0.000580005142238348,0.999537222877769,-70421.5322506621,70379.8653959068,0.999999987407339
"virus_comp_17861_cycle_1_9","fixed","cond",NA,"Dx.StatusCELIAC:onset_timeline_combinedt0-12",28.2060228294998,601011.071240089,4.69309538197045e-05,0.999962554516537,-1177931.84791758,1177988.25996324,1
"virus_comp_17861_cycle_1_9","fixed","cond",NA,"Dx.StatusCELIAC:onset_timeline_combinedt0-18",-2.01812221174983,2207288.57590069,-9.14299214784966e-07,0.999999270494773,-4326208.13037427,4326204.09412985,1
"virus_comp_17861_cycle_1_9","fixed","cond",NA,"Dx.StatusCELIAC:onset_timeline_combinedt0-24",-0.621071468932657,1996649.20493154,-3.11056878393394e-07,0.999999751812519,-3913361.15249783,3913359.91035489,1
"virus_comp_17861_cycle_1_9","fixed","cond",NA,"Dx.StatusCELIAC:onset_timeline_combinedt0-30",-3.72492116840548,845239.344128369,-4.40694247644932e-06,0.999996483768638,-1656642.39772903,1656634.94788669,1
"virus_comp_17861_cycle_1_9","fixed","cond",NA,"Dx.StatusCELIAC:onset_timeline_combinedt0-36",-3.72492116840547,845239.344128322,-4.40694247644957e-06,0.999996483768638,-1656642.39772894,1656634.9478866,1
"virus_comp_17861_cycle_1_9","fixed","cond",NA,"Dx.StatusCELIAC:onset_timeline_combinedt0-over42",-5.00006323586242,1284501.38545709,-3.89261023185518e-06,0.999996894146395,-2517581.45365093,2517571.45352446,1
"virus_comp_2475_cycle_5_4","fixed","cond",NA,"(Intercept)",-0.101486337522834,53.7474681586912,-0.00188820684954299,0.998493429802383,-105.444588188771,105.241615513725,0.999999792721213
"virus_comp_2475_cycle_5_4","fixed","cond",NA,"Dx.StatusCELIAC",-0.796803123039752,21.6737987468254,-0.0367634272306078,0.970673635165272,-43.2766680749868,41.6830618289073,0.999999873809662
"virus_comp_2475_cycle_5_4","fixed","cond",NA,"onset_timeline_combinedt0-6",-10.4591432453863,1294.67694817214,-0.00807857377869654,0.993554300820072,-2547.97933327701,2527.06104678624,0.999999996236212
"virus_comp_2475_cycle_5_4","fixed","cond",NA,"onset_timeline_combinedt0-12",-0.670177160778437,2.07560115539368,-0.322883401291672,0.746783547456084,-4.73828067161978,3.39792635006291,0.999999999984881
"virus_comp_2475_cycle_5_4","fixed","cond",NA,"onset_timeline_combinedt0-18",0.240250294118789,5.77556735285033,0.0415976958523774,0.966819410097083,-11.0796537077532,11.5601542959908,0.99999999999998
"virus_comp_2475_cycle_5_4","fixed","cond",NA,"onset_timeline_combinedt0-24",0.404804140897591,14.7528259530387,0.0274390914788913,0.97810951948511,-28.510203397246,29.3198116790412,1
"virus_comp_2475_cycle_5_4","fixed","cond",NA,"onset_timeline_combinedt0-30",-27.0695079653371,32938.729142256,-0.000821813976138212,0.999344287390396,-64585.7923233071,64531.6533073764,1
"virus_comp_2475_cycle_5_4","fixed","cond",NA,"onset_timeline_combinedt0-36",-27.0695079653371,32938.7291423133,-0.000821813976136784,0.999344287390397,-64585.7923234193,64531.6533074886,1
"virus_comp_2475_cycle_5_4","fixed","cond",NA,"onset_timeline_combinedt0-over42",-1.46898303262587,6608217.32611246,-2.22296416738772e-07,0.999999822633121,-12951869.430177,12951866.492211,1
"virus_comp_2475_cycle_5_4","fixed","cond",NA,"SexMale",5.72170147992543,14.4069732090775,0.397148061351312,0.691258280215751,-22.5154471361,33.9588500959508,0.999999991834505
"virus_comp_2475_cycle_5_4","fixed","cond",NA,"Age.at.Gluten.Introduction..months.",-2.43295119888733,7.18501716543573,-0.338614528381546,0.734900136478143,-16.5153260714434,11.6494236736688,0.999999564767409
"virus_comp_2475_cycle_5_4","fixed","cond",NA,"HLA.CategoryHigh Risk",6.88918020483707,8.09231949352962,0.851323308520561,0.394589780541196,-8.97147455387239,22.7498349635465,0.789179561082392
"virus_comp_2475_cycle_5_4","fixed","cond",NA,"HLA.CategoryLow/No Risk",-9.21632065163409,1100.35879676907,-0.0083757413297331,0.993317203444238,-2165.87993239084,2147.44729108757,1
"virus_comp_2475_cycle_5_4","fixed","cond",NA,"feeding_first_yearFormula",-13.7264889863671,675.591685287156,-0.0203177293109117,0.983789912761279,-1337.86186040391,1310.40888243118,1
"virus_comp_2475_cycle_5_4","fixed","cond",NA,"feeding_first_yearBreastmilk_and_formula",5.84922320241562,10.1444745893114,0.576592030560025,0.564215084062365,-14.0335816347164,25.7320280395477,0.99999999100114
"virus_comp_2475_cycle_5_4","fixed","cond",NA,"Delivery.ModeC-Section",-6.39336988032538,10.4964017129772,-0.609101104850146,0.542457425306415,-26.9659392050252,14.1791994443745,0.999999699168681
"virus_comp_2475_cycle_5_4","fixed","cond",NA,"Dx.StatusCELIAC:onset_timeline_combinedt0-6",-2.4683786947412,1294.70021385043,-0.00190652528541744,0.99847881383153,-2540.03416861788,2535.0974112284,0.999999987407339
"virus_comp_2475_cycle_5_4","fixed","cond",NA,"Dx.StatusCELIAC:onset_timeline_combinedt0-12",-33.1482447701711,2764.69857916709,-0.0119898223336005,0.990433735074874,-5451.85788804673,5385.56139850639,1
"virus_comp_2475_cycle_5_4","fixed","cond",NA,"Dx.StatusCELIAC:onset_timeline_combinedt0-18",-23.9658689980246,1240.58568679424,-0.0193181891852663,0.984587273764504,-2455.46913485062,2407.53739685457,1
"virus_comp_2475_cycle_5_4","fixed","cond",NA,"Dx.StatusCELIAC:onset_timeline_combinedt0-24",-4.86872472130711,3250.8968717453,-0.00149765585110464,0.998805043965717,-6376.50951079602,6366.7720613534,1
"virus_comp_2475_cycle_5_4","fixed","cond",NA,"Dx.StatusCELIAC:onset_timeline_combinedt0-30",-0.411253229752902,9323606.24205651,-4.41088157388972e-08,0.999999964806257,-18273932.8517168,18273932.0292104,1
"virus_comp_2475_cycle_5_4","fixed","cond",NA,"Dx.StatusCELIAC:onset_timeline_combinedt0-36",-0.4112532297529,9323606.24205619,-4.41088157388985e-08,0.999999964806257,-18273932.8517162,18273932.0292097,1
"virus_comp_2475_cycle_5_4","fixed","cond",NA,"Dx.StatusCELIAC:onset_timeline_combinedt0-over42",-1.31608089703633,6608247.20007067,-1.99157334341587e-07,0.999999841095438,-12951927.829157,12951925.1969953,1
"virus_comp_4442_cycle_1_4","fixed","cond",NA,"(Intercept)",-1.55829977971528,3.1079014154392,-0.501399359701075,0.61609009034066,-7.64967462147716,4.53307506204661,0.999999792721213
"virus_comp_4442_cycle_1_4","fixed","cond",NA,"Dx.StatusCELIAC",-1.05314098090665,1.31761872451416,-0.799275967556525,0.424130410809562,-3.63562622630999,1.5293442644967,0.859287362373968
"virus_comp_4442_cycle_1_4","fixed","cond",NA,"onset_timeline_combinedt0-12",0.65678476333501,1.08922808206457,0.602981849393847,0.546520763926219,-1.47806304846119,2.79163257513121,0.999999999984881
"virus_comp_4442_cycle_1_4","fixed","cond",NA,"onset_timeline_combinedt0-18",1.50483245509016,1.14291352897221,1.31666343685984,0.187951464635964,-0.735236899138953,3.74490180931926,0.549497742079704
"virus_comp_4442_cycle_1_4","fixed","cond",NA,"onset_timeline_combinedt0-24",-300.889768049818,5.19248364086936e+65,-5.79471768926827e-64,1,-1.01770809264174e+66,1.01770809264174e+66,1
"virus_comp_4442_cycle_1_4","fixed","cond",NA,"onset_timeline_combinedt0-30",-291.257879602067,4.33975870006533e+63,-6.71138419741361e-62,1,-8.50577075372241e+63,8.50577075372241e+63,1
"virus_comp_4442_cycle_1_4","fixed","cond",NA,"onset_timeline_combinedt0-36",-291.257879602067,4.33975870006387e+63,-6.71138419741587e-62,1,-8.50577075371954e+63,8.50577075371954e+63,1
"virus_comp_4442_cycle_1_4","fixed","cond",NA,"onset_timeline_combinedt0-over42",-320.455134757871,1.4815353370179e+70,-2.16299352942129e-68,1,-2.90375590237849e+70,2.90375590237849e+70,1
"virus_comp_4442_cycle_1_4","fixed","cond",NA,"SexMale",2.26889502541989,1.25187315709852,1.81240009225737,0.0699243986076132,-0.184731275705664,4.72252132654544,0.524432989557099
"virus_comp_4442_cycle_1_4","fixed","cond",NA,"Age.at.Gluten.Introduction..months.",-0.208918159052413,0.379937841070567,-0.549874575440381,0.582405403707743,-0.953582643914627,0.535746325809801,0.999999564767409
"virus_comp_4442_cycle_1_4","fixed","cond",NA,"HLA.CategoryHigh Risk",1.64926444794006,1.3178273780753,1.25150264395692,0.210751149641666,-0.933629750928379,4.2321586468085,0.491752682497221
"virus_comp_4442_cycle_1_4","fixed","cond",NA,"HLA.CategoryLow/No Risk",-502.445428915436,1.85309121535303e+109,-2.71139070086043e-107,1,-3.6319920421595e+109,3.6319920421595e+109,1
"virus_comp_4442_cycle_1_4","fixed","cond",NA,"feeding_first_yearFormula",-1.51962445136605,1.59272299475616,-0.954104672544578,0.340030661157337,-4.6413041584369,1.60205525570481,1
"virus_comp_4442_cycle_1_4","fixed","cond",NA,"feeding_first_yearBreastmilk_and_formula",-1.58466556895623,1.24710845782699,-1.27067181608038,0.203845426181194,-4.02895323111243,0.859622093199964,0.99999999100114
"virus_comp_4442_cycle_1_4","fixed","cond",NA,"Delivery.ModeC-Section",1.15426785604939,1.17636450060299,0.981216158306147,0.326486157577712,-1.15136419782391,3.45989990992269,0.979458472733135
"virus_comp_4442_cycle_1_4","fixed","cond",NA,"Dx.StatusCELIAC:onset_timeline_combinedt0-12",-327.101292887421,1.13845417502416e+71,-2.8732056156804e-69,1,-2.2313291810966e+71,2.2313291810966e+71,1
"virus_comp_4442_cycle_1_4","fixed","cond",NA,"Dx.StatusCELIAC:onset_timeline_combinedt0-18",-591.657661668959,2.40359765674157e+128,-2.46155033480536e-126,1,-4.71096484053835e+128,4.71096484053835e+128,1
"virus_comp_4442_cycle_1_4","fixed","cond",NA,"Dx.StatusCELIAC:onset_timeline_combinedt0-24",-59.3783830689782,5.16954858390661e+78,-1.14861833882033e-77,1,-1.0132129040787e+79,1.0132129040787e+79,1
"virus_comp_4442_cycle_1_4","fixed","cond",NA,"Dx.StatusCELIAC:onset_timeline_combinedt0-30",-54.8330029289566,4.96510744513987e+75,-1.10436689507354e-74,1,-9.73143177184583e+75,9.73143177184583e+75,1
"virus_comp_4442_cycle_1_4","fixed","cond",NA,"Dx.StatusCELIAC:onset_timeline_combinedt0-36",-54.8330029289566,4.96510744513858e+75,-1.10436689507383e-74,1,-9.73143177184329e+75,9.73143177184329e+75,1
"virus_comp_4442_cycle_1_4","fixed","cond",NA,"Dx.StatusCELIAC:onset_timeline_combinedt0-over42",-131.38992120943,3.98451343468996e+98,-3.29751482490995e-97,1,-7.80950282790831e+98,7.80950282790831e+98,1
"virus_comp_4442_cycle_1_5","fixed","cond",NA,"(Intercept)",-1.55829977971528,3.1079014154392,-0.501399359701075,0.61609009034066,-7.64967462147716,4.53307506204661,0.999999792721213
"virus_comp_4442_cycle_1_5","fixed","cond",NA,"Dx.StatusCELIAC",-1.05314098090665,1.31761872451416,-0.799275967556525,0.424130410809562,-3.63562622630999,1.5293442644967,0.859287362373968
"virus_comp_4442_cycle_1_5","fixed","cond",NA,"onset_timeline_combinedt0-12",0.65678476333501,1.08922808206457,0.602981849393847,0.546520763926219,-1.47806304846119,2.79163257513121,0.999999999984881
"virus_comp_4442_cycle_1_5","fixed","cond",NA,"onset_timeline_combinedt0-18",1.50483245509016,1.14291352897221,1.31666343685984,0.187951464635964,-0.735236899138953,3.74490180931926,0.549497742079704
"virus_comp_4442_cycle_1_5","fixed","cond",NA,"onset_timeline_combinedt0-24",-300.889768049818,5.19248364086936e+65,-5.79471768926827e-64,1,-1.01770809264174e+66,1.01770809264174e+66,1
"virus_comp_4442_cycle_1_5","fixed","cond",NA,"onset_timeline_combinedt0-30",-291.257879602067,4.33975870006533e+63,-6.71138419741361e-62,1,-8.50577075372241e+63,8.50577075372241e+63,1
"virus_comp_4442_cycle_1_5","fixed","cond",NA,"onset_timeline_combinedt0-36",-291.257879602067,4.33975870006387e+63,-6.71138419741587e-62,1,-8.50577075371954e+63,8.50577075371954e+63,1
"virus_comp_4442_cycle_1_5","fixed","cond",NA,"onset_timeline_combinedt0-over42",-320.455134757871,1.4815353370179e+70,-2.16299352942129e-68,1,-2.90375590237849e+70,2.90375590237849e+70,1
"virus_comp_4442_cycle_1_5","fixed","cond",NA,"SexMale",2.26889502541989,1.25187315709852,1.81240009225737,0.0699243986076132,-0.184731275705664,4.72252132654544,0.524432989557099
"virus_comp_4442_cycle_1_5","fixed","cond",NA,"Age.at.Gluten.Introduction..months.",-0.208918159052413,0.379937841070567,-0.549874575440381,0.582405403707743,-0.953582643914627,0.535746325809801,0.999999564767409
"virus_comp_4442_cycle_1_5","fixed","cond",NA,"HLA.CategoryHigh Risk",1.64926444794006,1.3178273780753,1.25150264395692,0.210751149641666,-0.933629750928379,4.2321586468085,0.491752682497221
"virus_comp_4442_cycle_1_5","fixed","cond",NA,"HLA.CategoryLow/No Risk",-502.445428915436,1.85309121535303e+109,-2.71139070086043e-107,1,-3.6319920421595e+109,3.6319920421595e+109,1
"virus_comp_4442_cycle_1_5","fixed","cond",NA,"feeding_first_yearFormula",-1.51962445136605,1.59272299475616,-0.954104672544578,0.340030661157337,-4.6413041584369,1.60205525570481,1
"virus_comp_4442_cycle_1_5","fixed","cond",NA,"feeding_first_yearBreastmilk_and_formula",-1.58466556895623,1.24710845782699,-1.27067181608038,0.203845426181194,-4.02895323111243,0.859622093199964,0.99999999100114
"virus_comp_4442_cycle_1_5","fixed","cond",NA,"Delivery.ModeC-Section",1.15426785604939,1.17636450060299,0.981216158306147,0.326486157577712,-1.15136419782391,3.45989990992269,0.979458472733135
"virus_comp_4442_cycle_1_5","fixed","cond",NA,"Dx.StatusCELIAC:onset_timeline_combinedt0-12",-327.101292887421,1.13845417502416e+71,-2.8732056156804e-69,1,-2.2313291810966e+71,2.2313291810966e+71,1
"virus_comp_4442_cycle_1_5","fixed","cond",NA,"Dx.StatusCELIAC:onset_timeline_combinedt0-18",-591.657661668959,2.40359765674157e+128,-2.46155033480536e-126,1,-4.71096484053835e+128,4.71096484053835e+128,1
"virus_comp_4442_cycle_1_5","fixed","cond",NA,"Dx.StatusCELIAC:onset_timeline_combinedt0-24",-59.3783830689782,5.16954858390661e+78,-1.14861833882033e-77,1,-1.0132129040787e+79,1.0132129040787e+79,1
"virus_comp_4442_cycle_1_5","fixed","cond",NA,"Dx.StatusCELIAC:onset_timeline_combinedt0-30",-54.8330029289566,4.96510744513987e+75,-1.10436689507354e-74,1,-9.73143177184583e+75,9.73143177184583e+75,1
"virus_comp_4442_cycle_1_5","fixed","cond",NA,"Dx.StatusCELIAC:onset_timeline_combinedt0-36",-54.8330029289566,4.96510744513858e+75,-1.10436689507383e-74,1,-9.73143177184329e+75,9.73143177184329e+75,1
"virus_comp_4442_cycle_1_5","fixed","cond",NA,"Dx.StatusCELIAC:onset_timeline_combinedt0-over42",-131.38992120943,3.98451343468996e+98,-3.29751482490995e-97,1,-7.80950282790831e+98,7.80950282790831e+98,1
"virus_comp_4658_cycle_1_3","fixed","cond",NA,"(Intercept)",-13.7957060188866,44.9096115070979,-0.307188273421296,0.758700070761477,-101.816927132484,74.2255150947109,0.999999792721213
"virus_comp_4658_cycle_1_3","fixed","cond",NA,"Dx.StatusCELIAC",7.43217070818019,9.41017503524472,0.789801537202428,0.429643681186984,-11.0114334491174,25.8757748654778,0.859287362373968
"virus_comp_4658_cycle_1_3","fixed","cond",NA,"onset_timeline_combinedt0-6",-20.8161383606178,2966.34153136247,-0.00701744493698159,0.994400934982427,-5834.73870567644,5793.10642895521,0.999999996236212
"virus_comp_4658_cycle_1_3","fixed","cond",NA,"onset_timeline_combinedt0-12",-13.3352256436937,4714.10234214781,-0.0028287942594004,0.997742951744916,-9252.80603568931,9226.13558440192,0.999999999984881
"virus_comp_4658_cycle_1_3","fixed","cond",NA,"onset_timeline_combinedt0-18",8.37576086963738,6.82586322569131,1.22706251102608,0.219799096831882,-5.00268521611398,21.7542069553887,0.549497742079704
"virus_comp_4658_cycle_1_3","fixed","cond",NA,"onset_timeline_combinedt0-24",9.29311817383637,7.52690920497211,1.23465262045376,0.216959816207919,-5.45935278281197,24.0455891304847,0.813599310779696
"virus_comp_4658_cycle_1_3","fixed","cond",NA,"onset_timeline_combinedt0-30",-15.1331398803808,11596.148168011,-0.00130501436003784,0.998958749486052,-22743.165908572,22712.8996288112,1
"virus_comp_4658_cycle_1_3","fixed","cond",NA,"onset_timeline_combinedt0-36",-15.1331398803808,11596.1481680326,-0.0013050143600354,0.998958749486054,-22743.1659086143,22712.8996288536,1
"virus_comp_4658_cycle_1_3","fixed","cond",NA,"onset_timeline_combinedt0-over42",-6.98909728141522,31536.4519912972,-0.000221619644573332,0.999823173108672,-61817.2992004004,61803.3210058375,1
"virus_comp_4658_cycle_1_3","fixed","cond",NA,"SexMale",2.28872033346429,10.1579046966814,0.225314216052059,0.821734841176439,-17.6204070304215,22.1978476973501,0.999999991834505
"virus_comp_4658_cycle_1_3","fixed","cond",NA,"Age.at.Gluten.Introduction..months.",-2.21825098786839,5.11616625495412,-0.433576798979197,0.664595785699513,-12.2457525864976,7.80925061076085,0.999999564767409
"virus_comp_4658_cycle_1_3","fixed","cond",NA,"HLA.CategoryHigh Risk",13.8040944725688,7.28050394640434,1.89603557311253,0.0579553407904331,-0.465431051685478,28.073619996823,0.270458257022021
"virus_comp_4658_cycle_1_3","fixed","cond",NA,"HLA.CategoryLow/No Risk",-4.40288203871323,302463.816766955,-1.45567231339463e-05,0.999988385415356,-592822.590371793,592813.784607715,1
"virus_comp_4658_cycle_1_3","fixed","cond",NA,"feeding_first_yearFormula",-3.05117775680995,8.86481886733529,-0.344189520673998,0.73070376269696,-20.4259034662583,14.3235479526384,1
"virus_comp_4658_cycle_1_3","fixed","cond",NA,"feeding_first_yearBreastmilk_and_formula",-6.93328452606542,12.8109525466425,-0.541199766435986,0.588369898468736,-32.0422901251364,18.1757210730055,0.99999999100114
"virus_comp_4658_cycle_1_3","fixed","cond",NA,"Delivery.ModeC-Section",11.7907411956016,10.6083715386079,1.11145628268114,0.266371997652588,-9.0012849546897,32.5827673458929,0.979458472733135
"virus_comp_4658_cycle_1_3","fixed","cond",NA,"Dx.StatusCELIAC:onset_timeline_combinedt0-6",-8.37116975161288,22387.5575065631,-0.000373920636458837,0.999701654504156,-43887.1775844346,43870.4352449314,0.999999987407339
"virus_comp_4658_cycle_1_3","fixed","cond",NA,"Dx.StatusCELIAC:onset_timeline_combinedt0-12",-7.5510482398743,5399.89085229357,-0.00139837053126121,0.998884262106451,-10591.1426391826,10576.0405427028,1
"virus_comp_4658_cycle_1_3","fixed","cond",NA,"Dx.StatusCELIAC:onset_timeline_combinedt0-18",-24.4637881558854,14755.4347806899,-0.00165795102072496,0.99867714708404,-28944.5845345378,28895.656958226,1
"virus_comp_4658_cycle_1_3","fixed","cond",NA,"Dx.StatusCELIAC:onset_timeline_combinedt0-24",-20.5033309601406,2014.78078889203,-0.0101764574454851,0.991880501863747,-3969.40111393172,3928.39445201144,1
"virus_comp_4658_cycle_1_3","fixed","cond",NA,"Dx.StatusCELIAC:onset_timeline_combinedt0-30",-1.43033680159888,24944.5429468342,-5.73406698470061e-05,0.999954248764848,-48891.8361234092,48888.975449806,1
"virus_comp_4658_cycle_1_3","fixed","cond",NA,"Dx.StatusCELIAC:onset_timeline_combinedt0-36",-1.43033680159888,24944.5429468361,-5.73406698470017e-05,0.999954248764848,-48891.8361234129,48888.9754498097,1
"virus_comp_4658_cycle_1_3","fixed","cond",NA,"Dx.StatusCELIAC:onset_timeline_combinedt0-over42",-4.56342167312697,31582.223778642,-0.00014449336136403,0.99988471097823,-61904.5845794958,61895.4577361496,1
"virus_comp_54_cycle_1_1","fixed","cond",NA,"(Intercept)",6.65085997556956,4.63136811042624,1.43604650224131,0.150989109401126,-2.4264547200132,15.7281746711523,0.999999792721213
"virus_comp_54_cycle_1_1","fixed","cond",NA,"Dx.StatusCELIAC",-2.49008132983112,2.14406795907787,-1.16138171800397,0.245486700366897,-6.69237731003004,1.71221465036779,0.859287362373968
"virus_comp_54_cycle_1_1","fixed","cond",NA,"onset_timeline_combinedt0-6",-1.22371766029832,1.32266542627073,-0.925190630973552,0.354866756097585,-3.81609425938526,1.36865893878863,0.999999996236212
"virus_comp_54_cycle_1_1","fixed","cond",NA,"onset_timeline_combinedt0-12",-26.1774773314697,388874.343680021,-6.73160308899405e-05,0.999946289578299,-762205.885601824,762153.530647161,0.999999999984881
"virus_comp_54_cycle_1_1","fixed","cond",NA,"onset_timeline_combinedt0-18",-26.1036084841548,414206.801891981,-6.30207142058528e-05,0.999949716745158,-811856.517468284,811804.310251316,0.99999999999998
"virus_comp_54_cycle_1_1","fixed","cond",NA,"onset_timeline_combinedt0-24",2.15188896203042,1.53771198834072,1.39940962829615,0.161690181255554,-0.86197115371287,5.16574907777371,0.813599310779696
"virus_comp_54_cycle_1_1","fixed","cond",NA,"onset_timeline_combinedt0-30",1.21903206998933,1.60784303291969,0.758178531753613,0.448344111417079,-1.93228236732692,4.37034650730557,1
"virus_comp_54_cycle_1_1","fixed","cond",NA,"onset_timeline_combinedt0-36",1.21903844683182,1.60784318813815,0.758182424645179,0.448341781245175,-1.93227629470701,4.37035318837065,1
"virus_comp_54_cycle_1_1","fixed","cond",NA,"onset_timeline_combinedt0-over42",-19.4055234401958,78385.6485684343,-0.000247564749346353,0.999802471910715,-153652.453622385,153613.642575505,1
"virus_comp_54_cycle_1_1","fixed","cond",NA,"SexMale",-0.269772287244344,1.71710277966207,-0.1571089922162,0.875158950830728,-3.63523189313562,3.09568731864693,0.999999991834505
"virus_comp_54_cycle_1_1","fixed","cond",NA,"Age.at.Gluten.Introduction..months.",-1.23134231012415,0.706956747802415,-1.74175055822268,0.0815521015144706,-2.61695207444445,0.15426745419615,0.999999564767409
"virus_comp_54_cycle_1_1","fixed","cond",NA,"HLA.CategoryHigh Risk",3.78095549124274,2.18028615622695,1.73415562009795,0.0828904749500403,-0.492326850953358,8.05423783343883,0.290116662325141
"virus_comp_54_cycle_1_1","fixed","cond",NA,"HLA.CategoryLow/No Risk",2.39129863644414,2.7734898105803,0.862198457453069,0.388578318402638,-3.04464150378206,7.82723877667034,1
"virus_comp_54_cycle_1_1","fixed","cond",NA,"feeding_first_yearFormula",-1.67448714869256,1.60452257394424,-1.0436046060582,0.296668360987358,-4.81929360600476,1.47031930861965,1
"virus_comp_54_cycle_1_1","fixed","cond",NA,"feeding_first_yearBreastmilk_and_formula",-2.59788843736001,1.8169254324275,-1.42982666816937,0.152766773051995,-6.15899684751278,0.963219972792763,0.99999999100114
"virus_comp_54_cycle_1_1","fixed","cond",NA,"Delivery.ModeC-Section",-0.156210598475776,1.26385904274658,-0.123598117505497,0.901633483071085,-2.63332880379434,2.32090760684279,0.999999699168681
"virus_comp_54_cycle_1_1","fixed","cond",NA,"Dx.StatusCELIAC:onset_timeline_combinedt0-6",-20.5420842706396,41228.4904055908,-0.000498249731400643,0.99960245424834,-80826.8984161837,80785.8142476424,0.999999987407339
"virus_comp_54_cycle_1_1","fixed","cond",NA,"Dx.StatusCELIAC:onset_timeline_combinedt0-12",28.0822452609172,388874.343686434,7.22141887652045e-05,0.999942381413763,-762151.625891801,762207.790382323,1
"virus_comp_54_cycle_1_1","fixed","cond",NA,"Dx.StatusCELIAC:onset_timeline_combinedt0-18",27.947190280152,414206.80189842,6.74715870238312e-05,0.999946165462462,-811802.466682139,811858.3610627,1
"virus_comp_54_cycle_1_1","fixed","cond",NA,"Dx.StatusCELIAC:onset_timeline_combinedt0-24",-18.9087961865654,28739.7323608414,-0.000657932229470901,0.999475046069924,-56347.7491487559,56309.9315563828,1
"virus_comp_54_cycle_1_1","fixed","cond",NA,"Dx.StatusCELIAC:onset_timeline_combinedt0-30",2.8095927521266,3.26606380314821,0.860238170919499,0.389657767446944,-3.59177467325381,9.21096017750702,1
"virus_comp_54_cycle_1_1","fixed","cond",NA,"Dx.StatusCELIAC:onset_timeline_combinedt0-36",-17.8795301355622,19917.8462820407,-0.000897663827824778,0.999283767987177,-39056.1408925404,39020.3818322693,1
"virus_comp_54_cycle_1_1","fixed","cond",NA,"Dx.StatusCELIAC:onset_timeline_combinedt0-over42",-3.21450085249018,676742.04328376,-4.74996475302824e-06,0.999996210076459,-1326393.24616107,1326386.81715936,1
