crassus_id	contig	sample	length	length/ref	ref	DTR	coding	family	subfamily	genus	species	evidence_family	evidence_genus	notes	discard
sample-1_1_194036	virus_comp_250_cycle_1	sample-1	194036	2.03	Jahgtovirus gastrointestinalis	False	11	Intestiviridae	Churivirinae	Jahgtovirus	Jahgtovirus gastrointestinalis	phylogenies, shared_prots	ani, shared_prots, phylogenies		False
sample-1_2_180874	virus_comp_121_cycle_1	sample-1	180874	0.989	Zeta_3_1	True	11	Zeta	Zeta	Zeta_3	Zeta_3_1	phylogenies, shared_prots	ani, shared_prots, phylogenies		False
sample-1_3_171347	virus_comp_126_cycle_1	sample-1	171347	0.981	Zeta_9_1	False	TGA	Zeta	Zeta	Zeta_9	Zeta_9_1	phylogenies, shared_prots	ani, shared_prots, phylogenies		False
sample-1_4_157545	virus_comp_155_cycle_1	sample-1	157545	1.049	Epsilon_2_2	True	11	Epsilon	Epsilon	Epsilon_2	Epsilon_2_2	phylogenies, shared_prots	ani, shared_prots, phylogenies		False
sample-1_5_155540	virus_comp_150_cycle_1	sample-1	155540	1.03	Epsilon_2	True	11	Epsilon	Epsilon	Epsilon_2	species__82	phylogenies, shared_prots	ani, shared_prots, phylogenies		False
sample-1_6_155389	virus_comp_162_cycle_1	sample-1	155389	1.034	Epsilon_2_2	False	11	Epsilon	Epsilon	Epsilon_2	Epsilon_2_2	phylogenies, shared_prots	ani, shared_prots, phylogenies		False
sample-1_7_152939	virus_comp_155_cycle_2	sample-1	152939	1.004	Epsilon_2_3	False	11	Epsilon	Epsilon	Epsilon_2	Epsilon_2_3	phylogenies, shared_prots	ani, shared_prots, phylogenies		False
sample-1_9_104613	virus_comp_195_cycle_1	sample-1	104613	1.036	Blohavirus	False	TAG	Suoliviridae	Loutivirinae	Blohavirus	species__38	phylogenies, shared_prots	ani, shared_prots, phylogenies		False
sample-1_10_102032	virus_comp_196_cycle_1	sample-1	102032	1.011	Blohavirus	False	TAG	Suoliviridae	Loutivirinae	Blohavirus	species__38	phylogenies, shared_prots	ani, shared_prots, phylogenies		False
sample-1_11_101626	virus_comp_238_cycle_1	sample-1	101626	1.018	Suoliviridae	False	TAG	Suoliviridae	unknown	genus__44	species__51	phylogenies, shared_prots	ani, shared_prots		False
sample-1_12_101623	virus_comp_193_cycle_1	sample-1	101623	1.003	Buchavirus	True	TAG	Suoliviridae	Loutivirinae	Buchavirus	species__100	phylogenies, shared_prots	ani, shared_prots, phylogenies		False
sample-1_13_99291	virus_comp_229_cycle_1	sample-1	99291	0.982	Loutivirinae	False	TAG	Suoliviridae	Loutivirinae	genus__52	species__111	phylogenies, shared_prots	ani		False
sample-1_15_98423	virus_comp_245_cycle_1	sample-1	98423	0.99	Kolpuevirus hominis	False	11	Steigviridae	Asinivirinae	Kolpuevirus	Kolpuevirus hominis	phylogenies, shared_prots	ani, shared_prots, phylogenies		False
sample-1_16_98401	virus_comp_230_cycle_1	sample-1	98401	0.988	Aurodevirus hiberniae	False	TAG	Suoliviridae	Uncouvirinae	Aurodevirus	Aurodevirus hiberniae	phylogenies, shared_prots	ani, shared_prots, phylogenies		False
sample-1_17_96846	virus_comp_257_cycle_1	sample-1	96846	1.005	Jahgtovirus intestinalis	False	11	Intestiviridae	Churivirinae	Jahgtovirus	Jahgtovirus intestinalis	phylogenies, shared_prots	ani, shared_prots, phylogenies		False
sample-1_18_96565	virus_comp_197_cycle_1	sample-1	96565	0.958	Blohavirus americanus	False	TAG	Suoliviridae	Loutivirinae	Blohavirus	Blohavirus americanus	phylogenies, shared_prots	ani, shared_prots, phylogenies		False
sample-1_19_96211	virus_comp_262_cycle_1	sample-1	96211	1.013	Junduvirus communis	False	11	Crevaviridae	Coarsevirinae	Junduvirus	Junduvirus communis	phylogenies, shared_prots	ani, shared_prots, phylogenies		False
sample-1_20_95736	virus_comp_230_cycle_2	sample-1	95736	0.962	Aurodevirus hiberniae	False	TAG	Suoliviridae	Uncouvirinae	Aurodevirus	Aurodevirus hiberniae	phylogenies, shared_prots	ani, shared_prots, phylogenies		False
sample-1_21_95604	virus_comp_233_cycle_1	sample-1	95604	0.96	Aurodevirus hiberniae	False	TAG	Suoliviridae	Uncouvirinae	Aurodevirus	Aurodevirus hiberniae	phylogenies, shared_prots	ani, shared_prots, phylogenies		False
sample-1_22_93708	virus_comp_230_cycle_3	sample-1	93708	0.941	Aurodevirus hiberniae	False	TAG	Suoliviridae	Uncouvirinae	Aurodevirus	Aurodevirus hiberniae	phylogenies, shared_prots	ani, shared_prots, phylogenies		False
sample-1_23_92914	virus_comp_284_cycle_1	sample-1	92914	0.935	Asinivirinae	True	11	Steigviridae	Asinivirinae			phylogenies, shared_prots			False
sample-1_24_92306	virus_comp_285_cycle_1	sample-1	92306	0.607	Epsilon	False	11	Epsilon	Epsilon	genus__67	species__126	phylogenies, shared_prots	ani		False
sample-1_30_80291	edge_959	sample-1	80291	0.839	Jahgtovirus	False	11	Intestiviridae	Churivirinae	Jahgtovirus	species__55	phylogenies, shared_prots	ani, shared_prots, phylogenies		False
sample-1_41_65330	virus_comp_391_cycle_1	sample-1	65330			False	11					phylogenies, shared_prots		no signals meeting cutoffs	True
sample-1_241_22966	virus_comp_280_cycle_1	sample-1	22966	0.242	Jahgtovirus secundus	False	11	Intestiviridae	Churivirinae	Jahgtovirus	Jahgtovirus secundus	phylogenies, shared_prots	ani, shared_prots, phylogenies		False
sample-1_273_20403	virus_comp_1001_cycle_1	sample-1	20403	0.207	Afonbuvirus coli	False	TAG	Suoliviridae	Bearivirinae	Afonbuvirus	Afonbuvirus coli	phylogenies, shared_prots	ani, shared_prots, phylogenies		False
sample-1_309_18290	virus_comp_1039_cycle_1	sample-1	18290	0.185	Culoivirus americanus	False	11	Suoliviridae	Boorivirinae	Culoivirus	Culoivirus americanus	phylogenies, shared_prots	ani, shared_prots, phylogenies		False
sample-1_347_16656	virus_comp_1115_cycle_1	sample-1	16656	0.167	Kolpuevirus	False	11	Steigviridae	Asinivirinae	Kolpuevirus	species__130	phylogenies, shared_prots	ani, shared_prots		False
sample-1_352_16508	virus_comp_1118_cycle_1	sample-1	16508	0.183	Endlipuvirus intestinihominis	False	11	Intestiviridae	Crudevirinae	Endlipuvirus	Endlipuvirus intestinihominis	phylogenies, shared_prots	ani, shared_prots, phylogenies		False
sample-1_516_11797	virus_comp_1390_cycle_1	sample-1	11797	0.119	Asinivirinae	False	11	Steigviridae	Asinivirinae	genus__73	species__131	phylogenies, shared_prots	ani		False
sample-1_1093_6313	virus_comp_2198_cycle_1	sample-1	6313	0.035	Zeta_4_1	False	11	Zeta	Zeta	Zeta_4	Zeta_4_1	phylogenies, shared_prots	ani, shared_prots, phylogenies		False
sample-1_1971_3823	virus_comp_3418_cycle_1	sample-1	3823	0.021	Zeta_4	False	11	Zeta	unknown	Zeta_4	species__132	shared_prots	ani, shared_prots	Discordance in the taxonomy prediction	False
sample-1_2023_3705	virus_comp_3510_cycle_1	sample-1	3705	0.038	Bohxovirus	False	TAG	Suoliviridae	Oafivirinae	Bohxovirus	species__133	phylogenies, shared_prots	ani, shared_prots		False
sample-1_2087_3578	virus_comp_198_cycle_1	sample-1	3578	0.036	Blohavirus americanus	False	TAG	Suoliviridae	Loutivirinae	Blohavirus	Blohavirus americanus	shared_prots	ani, shared_prots		False
sample-1_2370_3154	virus_comp_4064_cycle_1	sample-1	3154	0.032	Asinivirinae	False	11	Steigviridae	Asinivirinae	genus__74	species__134	phylogenies, shared_prots	ani		False
sample-1_2468_3000	virus_comp_200_cycle_1	sample-1	3000	0.03	Blohavirus	False	TAG	Suoliviridae	Loutivirinae	Blohavirus	species__38	phylogenies, shared_prots	ani	multiple families by shared prots	False
sample-1_2475_2996	virus_comp_4280_cycle_1	sample-1	2996			False	11					phylogenies, shared_prots		no signals meeting cutoffs	True
sample-1_2496_2968	virus_comp_199_cycle_1	sample-1	2968	0.029	Birpovirus	False	TAG	Suoliviridae	Uncouvirinae	Birpovirus	species__40	shared_prots	ani, shared_prots		False
sample-1_2557_2904	virus_comp_201_cycle_1	sample-1	2904	0.029	Blohavirus	False	TAG	Suoliviridae	Loutivirinae	Blohavirus	species__52	phylogenies, shared_prots	ani	multiple families by shared prots	False
sample-1_2809_2618	virus_comp_4930_cycle_1	sample-1	2618	0.026	Steigviridae	False	11	Steigviridae		genus__76	species__136	shared_prots	ani		False
sample-1_2895_2535	virus_comp_6037_cycle_1	sample-1	2535	0.025	Buchavirus hiberniae	False	TAG	Suoliviridae	Loutivirinae	Buchavirus	Buchavirus hiberniae	shared_prots	ani, shared_prots		False
sample-1_3125_2250	virus_comp_160_cycle_1	sample-1	2250	0.015	Epsilon_2_3	False	11	Epsilon	Epsilon	Epsilon_2	Epsilon_2_3	phylogenies, shared_prots	ani, shared_prots, phylogenies		False
sample-1_3157_2206	virus_comp_6050_cycle_1	sample-1	2206	0.022	Canhaevirus	False	11	Suoliviridae	Boorivirinae	Canhaevirus	species__4	phylogenies, shared_prots	ani, shared_prots	multiple families by shared prots	False
sample-1_3406_1938	virus_comp_7125_cycle_1	sample-1	1938	0.02	Cacepaovirus	False	TAG	Suoliviridae	Oafivirinae	Cacepaovirus	species__138	phylogenies, shared_prots	ani, shared_prots	multiple families by shared prots	False
sample-1_3423_1921	virus_comp_221_cycle_1	sample-1	1921	0.019	Cohcovirus splanchnicus	False	11	Suoliviridae	Boorivirinae	Cohcovirus	Cohcovirus splanchnicus	shared_prots	ani, shared_prots		False
sample-1_3596_1751	virus_comp_8074_cycle_1	sample-1	1751			False	11					phylogenies, shared_prots		no signals meeting cutoffs	True
sample-1_3635_1721	virus_comp_8246_cycle_1	sample-1	1721	0.017	Bohxovirus	False	TAG	Suoliviridae	Oafivirinae	Bohxovirus	species__141	phylogenies, shared_prots	ani, shared_prots		False
sample-1_3643_1714	virus_comp_8258_cycle_1	sample-1	1714	0.017	Aurodevirus	False	11	Suoliviridae	Uncouvirinae	Aurodevirus	species__51	shared_prots	ani, shared_prots		False
sample-1_3684_1680	virus_comp_8536_cycle_1	sample-1	1680			False	11					shared_prots		multiple families by shared prots	True
sample-1_3983_1483	virus_comp_10110_cycle_1	sample-1	1483			False	11	outgroup				shared_prots			False
sample-1_4061_1441	virus_comp_10511_cycle_1	sample-1	1441	0.015	Kahnovirus	False	11	Steigviridae	Asinivirinae	Kahnovirus	species__144	phylogenies, shared_prots	ani, shared_prots	multiple families by shared prots	False
sample-1_4226_1355	virus_comp_11451_cycle_1	sample-1	1355	0.014	Bohxovirus	False	TAG	Suoliviridae	Oafivirinae	Bohxovirus	species__145	phylogenies, shared_prots	ani, shared_prots	multiple families by shared prots	False
sample-1_4390_1275	virus_comp_12451_cycle_1	sample-1	1275			False	11					shared_prots		multiple families by shared prots	True
sample-1_4409_1266	virus_comp_12582_cycle_1	sample-1	1266			False	11					shared_prots		multiple families by shared prots	True
sample-1_4411_1265	virus_comp_12604_cycle_1	sample-1	1265			False	TAG					shared_prots		multiple families by shared prots	True
sample-1_4677_1147	virus_comp_14463_cycle_1	sample-1	1147			False	11							no signals meeting cutoffs	True
sample-1_4798_1110	virus_comp_15200_cycle_1	sample-1	1110			False	11					phylogenies, shared_prots		no signals meeting cutoffs	True
sample-1_4954_1063	virus_comp_16201_cycle_1	sample-1	1063			False	TAG					shared_prots		multiple families by shared prots	True
sample-1_4981_1057	virus_comp_124_cycle_1	sample-1	1057			False	11					shared_prots		multiple families by shared prots	True
sample-1_5191_1012	virus_comp_17665_cycle_1	sample-1	1012	0.01	Mahstovirus faecalis	True	11	Steigviridae	Asinivirinae	Mahstovirus	Mahstovirus faecalis	phylogenies, shared_prots	ani, shared_prots	multiple families by shared prots	False
