"contig_id","gene","timepoint","estimate","std.error","p.value","conf.low","conf.high","model","p.adj","n_tests_gene"
"edge_187","edge_187","t0-6",-50.7397188248386,NA,NA,NA,NA,"abundance_nbinom",NA,6
"edge_187","edge_187","t0-12",82.8403530849577,NA,NA,NA,NA,"abundance_nbinom",NA,6
"edge_187","edge_187","t0-18",-7.85639833159235,NA,NA,NA,NA,"abundance_nbinom",NA,6
"edge_187","edge_187","t0-24",-33.1699314350248,NA,NA,NA,NA,"abundance_nbinom",NA,6
"edge_187","edge_187","t0-30",-20.0505560688634,NA,NA,NA,NA,"abundance_nbinom",NA,6
"edge_187","edge_187","t0-36",-28.069474322882,NA,NA,NA,NA,"abundance_nbinom",NA,6
"edge_1980","edge_1980","t0-6",-83.0553723015792,NA,NA,NA,NA,"abundance_nbinom",NA,6
"edge_1980","edge_1980","t0-12",-3.84073722435813,NA,NA,NA,NA,"abundance_nbinom",NA,6
"edge_1980","edge_1980","t0-18",-1.12388117777917,NA,NA,NA,NA,"abundance_nbinom",NA,6
"edge_1980","edge_1980","t0-24",-0.238067962843991,NA,NA,NA,NA,"abundance_nbinom",NA,6
"edge_1980","edge_1980","t0-30",-3.46355227950458,NA,NA,NA,NA,"abundance_nbinom",NA,6
"edge_1980","edge_1980","t0-36",-3.43998114594244,NA,NA,NA,NA,"abundance_nbinom",NA,6
"edge_1986","edge_1986","t0-6",-356.741113135727,NA,NA,NA,NA,"abundance_nbinom",NA,6
"edge_1986","edge_1986","t0-12",-12.0912163623571,NA,NA,NA,NA,"abundance_nbinom",NA,6
"edge_1986","edge_1986","t0-18",-1.20259021874741,NA,NA,NA,NA,"abundance_nbinom",NA,6
"edge_1986","edge_1986","t0-24",-1.46162962932937,NA,NA,NA,NA,"abundance_nbinom",NA,6
"edge_1986","edge_1986","t0-30",-11.9064459338646,NA,NA,NA,NA,"abundance_nbinom",NA,6
"edge_1986","edge_1986","t0-36",-5.53358878135045,NA,NA,NA,NA,"abundance_nbinom",NA,6
"edge_2104","edge_2104","t0-6",1.39847563283796,NA,NA,NA,NA,"abundance_nbinom",NA,6
"edge_2104","edge_2104","t0-12",-73.7906543074051,NA,NA,NA,NA,"abundance_nbinom",NA,6
"edge_2104","edge_2104","t0-18",-49.460331272463,NA,NA,NA,NA,"abundance_nbinom",NA,6
"edge_2104","edge_2104","t0-24",0.138898497423454,NA,NA,NA,NA,"abundance_nbinom",NA,6
"edge_2104","edge_2104","t0-30",175.244371472024,NA,NA,NA,NA,"abundance_nbinom",NA,6
"edge_2104","edge_2104","t0-36",-0.777440855733474,NA,NA,NA,NA,"abundance_nbinom",NA,6
"edge_2381","edge_2381","t0-6",-4.89232585989704,NA,NA,NA,NA,"abundance_nbinom",NA,6
"edge_2381","edge_2381","t0-12",-5.01911621981475,NA,NA,NA,NA,"abundance_nbinom",NA,6
"edge_2381","edge_2381","t0-18",-3.06604826050273,NA,NA,NA,NA,"abundance_nbinom",NA,6
"edge_2381","edge_2381","t0-24",-3.0404225599604,NA,NA,NA,NA,"abundance_nbinom",NA,6
"edge_2381","edge_2381","t0-30",-3.4939332789147,NA,NA,NA,NA,"abundance_nbinom",NA,6
"edge_2381","edge_2381","t0-36",-2.96180712093644,NA,NA,NA,NA,"abundance_nbinom",NA,6
"edge_263","edge_263","t0-6",-96.5542824869546,NA,NA,NA,NA,"abundance_nbinom",NA,6
"edge_263","edge_263","t0-12",-85.835822370423,NA,NA,NA,NA,"abundance_nbinom",NA,6
"edge_263","edge_263","t0-18",-9.77114586533891,NA,NA,NA,NA,"abundance_nbinom",NA,6
"edge_263","edge_263","t0-24",0.753206370899733,NA,NA,NA,NA,"abundance_nbinom",NA,6
"edge_263","edge_263","t0-30",39.1719346043305,NA,NA,NA,NA,"abundance_nbinom",NA,6
"edge_263","edge_263","t0-36",-0.867350609673965,NA,NA,NA,NA,"abundance_nbinom",NA,6
"edge_2636","edge_2636","t0-6",-3.85598500224454,NA,NA,NA,NA,"abundance_nbinom",NA,6
"edge_2636","edge_2636","t0-12",-1.04967016668915,NA,NA,NA,NA,"abundance_nbinom",NA,6
"edge_2636","edge_2636","t0-18",2.1453740999387,NA,NA,NA,NA,"abundance_nbinom",NA,6
"edge_2636","edge_2636","t0-24",3.44040679667642,NA,NA,NA,NA,"abundance_nbinom",NA,6
"edge_2636","edge_2636","t0-30",-4.98381982348882,NA,NA,NA,NA,"abundance_nbinom",NA,6
"edge_2636","edge_2636","t0-36",-2.3623010884228,NA,NA,NA,NA,"abundance_nbinom",NA,6
"edge_300","edge_300","t0-6",78.3526812567583,NA,NA,NA,NA,"abundance_nbinom",NA,6
"edge_300","edge_300","t0-12",-13.0296522960899,NA,NA,NA,NA,"abundance_nbinom",NA,6
"edge_300","edge_300","t0-18",-26.0190604230102,NA,NA,NA,NA,"abundance_nbinom",NA,6
"edge_300","edge_300","t0-24",-43.6197498614961,NA,NA,NA,NA,"abundance_nbinom",NA,6
"edge_300","edge_300","t0-30",60.915089177549,NA,NA,NA,NA,"abundance_nbinom",NA,6
"edge_300","edge_300","t0-36",-7.7551213251362,NA,NA,NA,NA,"abundance_nbinom",NA,6
"edge_303","edge_303","t0-6",66.2222389706221,NA,NA,NA,NA,"abundance_nbinom",NA,6
"edge_303","edge_303","t0-12",-23.9646767903543,NA,NA,NA,NA,"abundance_nbinom",NA,6
"edge_303","edge_303","t0-18",-17.5213415927197,NA,NA,NA,NA,"abundance_nbinom",NA,6
"edge_303","edge_303","t0-24",-23.9731534920801,NA,NA,NA,NA,"abundance_nbinom",NA,6
"edge_303","edge_303","t0-30",55.2768157170704,NA,NA,NA,NA,"abundance_nbinom",NA,6
"edge_303","edge_303","t0-36",-1.9179584427612,NA,NA,NA,NA,"abundance_nbinom",NA,6
"edge_305","edge_305","t0-6",103.619155151469,NA,NA,NA,NA,"abundance_nbinom",NA,6
"edge_305","edge_305","t0-12",-28.2885229589575,NA,NA,NA,NA,"abundance_nbinom",NA,6
"edge_305","edge_305","t0-18",-30.3689384081966,NA,NA,NA,NA,"abundance_nbinom",NA,6
"edge_305","edge_305","t0-24",-77.055195538806,NA,NA,NA,NA,"abundance_nbinom",NA,6
"edge_305","edge_305","t0-30",156.134362896138,NA,NA,NA,NA,"abundance_nbinom",NA,6
"edge_305","edge_305","t0-36",-11.216883589846,NA,NA,NA,NA,"abundance_nbinom",NA,6
"edge_306","edge_306","t0-6",101.646070247838,NA,NA,NA,NA,"abundance_nbinom",NA,6
"edge_306","edge_306","t0-12",-26.4807967170658,NA,NA,NA,NA,"abundance_nbinom",NA,6
"edge_306","edge_306","t0-18",-5.78571495900397,NA,NA,NA,NA,"abundance_nbinom",NA,6
"edge_306","edge_306","t0-24",-0.774392932027039,NA,NA,NA,NA,"abundance_nbinom",NA,6
"edge_306","edge_306","t0-30",-5.79794697803974,NA,NA,NA,NA,"abundance_nbinom",NA,6
"edge_306","edge_306","t0-36",-1.52268003197149,NA,NA,NA,NA,"abundance_nbinom",NA,6
"edge_311","edge_311","t0-6",32.8501484808368,NA,NA,NA,NA,"abundance_nbinom",NA,6
"edge_311","edge_311","t0-12",-17.8774463720767,NA,NA,NA,NA,"abundance_nbinom",NA,6
"edge_311","edge_311","t0-18",-10.7647475009337,NA,NA,NA,NA,"abundance_nbinom",NA,6
"edge_311","edge_311","t0-24",0.127644626459333,NA,NA,NA,NA,"abundance_nbinom",NA,6
"edge_311","edge_311","t0-30",52.8849319188555,NA,NA,NA,NA,"abundance_nbinom",NA,6
"edge_311","edge_311","t0-36",-1.2402873982333,NA,NA,NA,NA,"abundance_nbinom",NA,6
"edge_48666","edge_48666","t0-6",34.7003105625735,NA,NA,NA,NA,"abundance_nbinom",NA,6
"edge_48666","edge_48666","t0-12",-19.7352618375552,NA,NA,NA,NA,"abundance_nbinom",NA,6
"edge_48666","edge_48666","t0-18",-25.1120610516246,NA,NA,NA,NA,"abundance_nbinom",NA,6
"edge_48666","edge_48666","t0-24",-10.5372125982668,NA,NA,NA,NA,"abundance_nbinom",NA,6
"edge_48666","edge_48666","t0-30",99.1694648322516,NA,NA,NA,NA,"abundance_nbinom",NA,6
"edge_48666","edge_48666","t0-36",-6.42047186229223,NA,NA,NA,NA,"abundance_nbinom",NA,6
"edge_48806","edge_48806","t0-6",-28.6727123587236,NA,NA,NA,NA,"abundance_nbinom",NA,6
"edge_48806","edge_48806","t0-12",-45.3773424163583,NA,NA,NA,NA,"abundance_nbinom",NA,6
"edge_48806","edge_48806","t0-18",-14.1496398273849,NA,NA,NA,NA,"abundance_nbinom",NA,6
"edge_48806","edge_48806","t0-24",0.140141077001058,NA,NA,NA,NA,"abundance_nbinom",NA,6
"edge_48806","edge_48806","t0-30",-18.8422358328501,NA,NA,NA,NA,"abundance_nbinom",NA,6
"edge_48806","edge_48806","t0-36",-4.08345538514479,NA,NA,NA,NA,"abundance_nbinom",NA,6
"edge_957","edge_957","t0-6",-18.0335274957348,NA,NA,NA,NA,"abundance_nbinom",NA,6
"edge_957","edge_957","t0-12",-3.96263120721173,NA,NA,NA,NA,"abundance_nbinom",NA,6
"edge_957","edge_957","t0-18",-0.313643691018778,NA,NA,NA,NA,"abundance_nbinom",NA,6
"edge_957","edge_957","t0-24",-0.211105717077896,NA,NA,NA,NA,"abundance_nbinom",NA,6
"edge_957","edge_957","t0-30",-1.91058432251862,NA,NA,NA,NA,"abundance_nbinom",NA,6
"edge_957","edge_957","t0-36",-0.694572553293,NA,NA,NA,NA,"abundance_nbinom",NA,6
"edge_959","edge_959","t0-6",0.0674471615349445,NA,NA,NA,NA,"abundance_nbinom",NA,6
"edge_959","edge_959","t0-12",-4.70381591780954,NA,NA,NA,NA,"abundance_nbinom",NA,6
"edge_959","edge_959","t0-18",-0.306821795485597,NA,NA,NA,NA,"abundance_nbinom",NA,6
"edge_959","edge_959","t0-24",-0.139604716658332,NA,NA,NA,NA,"abundance_nbinom",NA,6
"edge_959","edge_959","t0-30",-1.95212379458961,NA,NA,NA,NA,"abundance_nbinom",NA,6
"edge_959","edge_959","t0-36",-0.9710104767073,NA,NA,NA,NA,"abundance_nbinom",NA,6
"edge_965","edge_965","t0-6",-41.8965832344963,NA,NA,NA,NA,"abundance_nbinom",NA,6
"edge_965","edge_965","t0-12",-60.5358477125298,NA,NA,NA,NA,"abundance_nbinom",NA,6
"edge_965","edge_965","t0-18",0.0408745658830161,NA,NA,NA,NA,"abundance_nbinom",NA,6
"edge_965","edge_965","t0-24",-0.0374981889341648,NA,NA,NA,NA,"abundance_nbinom",NA,6
"edge_965","edge_965","t0-30",1.01669537975249,NA,NA,NA,NA,"abundance_nbinom",NA,6
"edge_965","edge_965","t0-36",2.99691374984975,NA,NA,NA,NA,"abundance_nbinom",NA,6
"edge_967","edge_967","t0-6",1.6054071388552,NA,NA,NA,NA,"abundance_nbinom",NA,6
"edge_967","edge_967","t0-12",-7.08735290417248,NA,NA,NA,NA,"abundance_nbinom",NA,6
"edge_967","edge_967","t0-18",0.128874393189598,NA,NA,NA,NA,"abundance_nbinom",NA,6
"edge_967","edge_967","t0-24",-0.178033479569569,NA,NA,NA,NA,"abundance_nbinom",NA,6
"edge_967","edge_967","t0-30",-1.83674450221863,NA,NA,NA,NA,"abundance_nbinom",NA,6
"edge_967","edge_967","t0-36",-1.64699623546532,NA,NA,NA,NA,"abundance_nbinom",NA,6
"virus_comp_10080_cycle_1","virus_comp_10080_cycle_1","t0-6",-19.2379856934302,NA,NA,NA,NA,"abundance_nbinom",NA,6
"virus_comp_10080_cycle_1","virus_comp_10080_cycle_1","t0-12",-3.23234215338639,NA,NA,NA,NA,"abundance_nbinom",NA,6
"virus_comp_10080_cycle_1","virus_comp_10080_cycle_1","t0-18",-6.07092425237353,NA,NA,NA,NA,"abundance_nbinom",NA,6
"virus_comp_10080_cycle_1","virus_comp_10080_cycle_1","t0-24",-7.67575669086479,NA,NA,NA,NA,"abundance_nbinom",NA,6
"virus_comp_10080_cycle_1","virus_comp_10080_cycle_1","t0-30",-1.97235303564804,NA,NA,NA,NA,"abundance_nbinom",NA,6
"virus_comp_10080_cycle_1","virus_comp_10080_cycle_1","t0-36",0.439426699918413,NA,NA,NA,NA,"abundance_nbinom",NA,6
"virus_comp_103_cycle_1","virus_comp_103_cycle_1","t0-6",52.1628924702804,NA,NA,NA,NA,"abundance_nbinom",NA,6
"virus_comp_103_cycle_1","virus_comp_103_cycle_1","t0-12",-7.82023768418437,NA,NA,NA,NA,"abundance_nbinom",NA,6
"virus_comp_103_cycle_1","virus_comp_103_cycle_1","t0-18",-47.9430532422613,NA,NA,NA,NA,"abundance_nbinom",NA,6
"virus_comp_103_cycle_1","virus_comp_103_cycle_1","t0-24",-8.96955489020964,NA,NA,NA,NA,"abundance_nbinom",NA,6
"virus_comp_103_cycle_1","virus_comp_103_cycle_1","t0-30",-69.3174625776,NA,NA,NA,NA,"abundance_nbinom",NA,6
"virus_comp_103_cycle_1","virus_comp_103_cycle_1","t0-36",-9.59323951875562,NA,NA,NA,NA,"abundance_nbinom",NA,6
"virus_comp_105_cycle_1","virus_comp_105_cycle_1","t0-6",-21.4936240640903,NA,NA,NA,NA,"abundance_nbinom",NA,6
"virus_comp_105_cycle_1","virus_comp_105_cycle_1","t0-12",-24.6392037976733,NA,NA,NA,NA,"abundance_nbinom",NA,6
"virus_comp_105_cycle_1","virus_comp_105_cycle_1","t0-18",-142.183069813952,NA,NA,NA,NA,"abundance_nbinom",NA,6
"virus_comp_105_cycle_1","virus_comp_105_cycle_1","t0-24",-47.1045701537956,NA,NA,NA,NA,"abundance_nbinom",NA,6
"virus_comp_105_cycle_1","virus_comp_105_cycle_1","t0-30",-166.978084260956,NA,NA,NA,NA,"abundance_nbinom",NA,6
"virus_comp_105_cycle_1","virus_comp_105_cycle_1","t0-36",-16.1482694453223,NA,NA,NA,NA,"abundance_nbinom",NA,6
"virus_comp_1069_cycle_1","virus_comp_1069_cycle_1","t0-6",-20.9803016733418,NA,NA,NA,NA,"abundance_nbinom",NA,6
"virus_comp_1069_cycle_1","virus_comp_1069_cycle_1","t0-12",-2.06972564656646,NA,NA,NA,NA,"abundance_nbinom",NA,6
"virus_comp_1069_cycle_1","virus_comp_1069_cycle_1","t0-18",-13.8410799563334,NA,NA,NA,NA,"abundance_nbinom",NA,6
"virus_comp_1069_cycle_1","virus_comp_1069_cycle_1","t0-24",-25.1894256349185,NA,NA,NA,NA,"abundance_nbinom",NA,6
"virus_comp_1069_cycle_1","virus_comp_1069_cycle_1","t0-30",-1.49202406573562,NA,NA,NA,NA,"abundance_nbinom",NA,6
"virus_comp_1069_cycle_1","virus_comp_1069_cycle_1","t0-36",-0.928550940330506,NA,NA,NA,NA,"abundance_nbinom",NA,6
"virus_comp_10904_cycle_1","virus_comp_10904_cycle_1","t0-6",-1.71627001068543,NA,NA,NA,NA,"abundance_nbinom",NA,6
"virus_comp_10904_cycle_1","virus_comp_10904_cycle_1","t0-12",-54.3922172198002,NA,NA,NA,NA,"abundance_nbinom",NA,6
"virus_comp_10904_cycle_1","virus_comp_10904_cycle_1","t0-18",-42.6778555174724,NA,NA,NA,NA,"abundance_nbinom",NA,6
"virus_comp_10904_cycle_1","virus_comp_10904_cycle_1","t0-24",0.192269423337202,NA,NA,NA,NA,"abundance_nbinom",NA,6
"virus_comp_10904_cycle_1","virus_comp_10904_cycle_1","t0-30",151.106986202285,NA,NA,NA,NA,"abundance_nbinom",NA,6
"virus_comp_10904_cycle_1","virus_comp_10904_cycle_1","t0-36",-10.8784555116682,NA,NA,NA,NA,"abundance_nbinom",NA,6
"virus_comp_1105_cycle_1","virus_comp_1105_cycle_1","t0-6",31.0492728434711,NA,NA,NA,NA,"abundance_nbinom",NA,6
"virus_comp_1105_cycle_1","virus_comp_1105_cycle_1","t0-12",-11.6915509505647,NA,NA,NA,NA,"abundance_nbinom",NA,6
"virus_comp_1105_cycle_1","virus_comp_1105_cycle_1","t0-18",-7.51929527839507,NA,NA,NA,NA,"abundance_nbinom",NA,6
"virus_comp_1105_cycle_1","virus_comp_1105_cycle_1","t0-24",-1.37427181703204,NA,NA,NA,NA,"abundance_nbinom",NA,6
"virus_comp_1105_cycle_1","virus_comp_1105_cycle_1","t0-30",-6.66317025853531,NA,NA,NA,NA,"abundance_nbinom",NA,6
"virus_comp_1105_cycle_1","virus_comp_1105_cycle_1","t0-36",-3.11891987057579,NA,NA,NA,NA,"abundance_nbinom",NA,6
"virus_comp_1133_cycle_1","virus_comp_1133_cycle_1","t0-6",-1.03141169938282,NA,NA,NA,NA,"abundance_nbinom",NA,6
"virus_comp_1133_cycle_1","virus_comp_1133_cycle_1","t0-12",8.87729009114031,NA,NA,NA,NA,"abundance_nbinom",NA,6
"virus_comp_1133_cycle_1","virus_comp_1133_cycle_1","t0-18",33.475322751768,NA,NA,NA,NA,"abundance_nbinom",NA,6
"virus_comp_1133_cycle_1","virus_comp_1133_cycle_1","t0-24",0.0362648927634205,NA,NA,NA,NA,"abundance_nbinom",NA,6
"virus_comp_1133_cycle_1","virus_comp_1133_cycle_1","t0-30",-22.1346283727562,NA,NA,NA,NA,"abundance_nbinom",NA,6
"virus_comp_1133_cycle_1","virus_comp_1133_cycle_1","t0-36",-14.9545327515466,NA,NA,NA,NA,"abundance_nbinom",NA,6
"virus_comp_1146_cycle_3","virus_comp_1146_cycle_3","t0-6",18.6680107289757,NA,NA,NA,NA,"abundance_nbinom",NA,6
"virus_comp_1146_cycle_3","virus_comp_1146_cycle_3","t0-12",-93.8210750045265,NA,NA,NA,NA,"abundance_nbinom",NA,6
"virus_comp_1146_cycle_3","virus_comp_1146_cycle_3","t0-18",-2.64301990427156,NA,NA,NA,NA,"abundance_nbinom",NA,6
"virus_comp_1146_cycle_3","virus_comp_1146_cycle_3","t0-24",1.51116587351563,NA,NA,NA,NA,"abundance_nbinom",NA,6
"virus_comp_1146_cycle_3","virus_comp_1146_cycle_3","t0-30",-54.44508793557,NA,NA,NA,NA,"abundance_nbinom",NA,6
"virus_comp_1146_cycle_3","virus_comp_1146_cycle_3","t0-36",-13.2084490098132,NA,NA,NA,NA,"abundance_nbinom",NA,6
"virus_comp_1147_cycle_1","virus_comp_1147_cycle_1","t0-6",-2.75697264753614,NA,NA,NA,NA,"abundance_nbinom",NA,6
"virus_comp_1147_cycle_1","virus_comp_1147_cycle_1","t0-12",-105.275318472761,NA,NA,NA,NA,"abundance_nbinom",NA,6
"virus_comp_1147_cycle_1","virus_comp_1147_cycle_1","t0-18",-5.85291316239756,NA,NA,NA,NA,"abundance_nbinom",NA,6
"virus_comp_1147_cycle_1","virus_comp_1147_cycle_1","t0-24",-1.99100977605012,NA,NA,NA,NA,"abundance_nbinom",NA,6
"virus_comp_1147_cycle_1","virus_comp_1147_cycle_1","t0-30",-40.2125022213491,NA,NA,NA,NA,"abundance_nbinom",NA,6
"virus_comp_1147_cycle_1","virus_comp_1147_cycle_1","t0-36",3.61812190955987,NA,NA,NA,NA,"abundance_nbinom",NA,6
"virus_comp_12586_cycle_1","virus_comp_12586_cycle_1","t0-6",-6.07176323768451,NA,NA,NA,NA,"abundance_nbinom",NA,6
"virus_comp_12586_cycle_1","virus_comp_12586_cycle_1","t0-12",-14.1543548511552,NA,NA,NA,NA,"abundance_nbinom",NA,6
"virus_comp_12586_cycle_1","virus_comp_12586_cycle_1","t0-18",-27.4379141224344,NA,NA,NA,NA,"abundance_nbinom",NA,6
"virus_comp_12586_cycle_1","virus_comp_12586_cycle_1","t0-24",0.21340928542548,NA,NA,NA,NA,"abundance_nbinom",NA,6
"virus_comp_12586_cycle_1","virus_comp_12586_cycle_1","t0-30",141.614425611285,NA,NA,NA,NA,"abundance_nbinom",NA,6
"virus_comp_12586_cycle_1","virus_comp_12586_cycle_1","t0-36",-36.1672878433376,NA,NA,NA,NA,"abundance_nbinom",NA,6
"virus_comp_12691_cycle_1","virus_comp_12691_cycle_1","t0-6",-13.0386339983147,NA,NA,NA,NA,"abundance_nbinom",NA,6
"virus_comp_12691_cycle_1","virus_comp_12691_cycle_1","t0-12",21.1574664343722,NA,NA,NA,NA,"abundance_nbinom",NA,6
"virus_comp_12691_cycle_1","virus_comp_12691_cycle_1","t0-18",-7.53188065290239,NA,NA,NA,NA,"abundance_nbinom",NA,6
"virus_comp_12691_cycle_1","virus_comp_12691_cycle_1","t0-24",-0.425707108444572,NA,NA,NA,NA,"abundance_nbinom",NA,6
"virus_comp_12691_cycle_1","virus_comp_12691_cycle_1","t0-30",7.61744995989806,NA,NA,NA,NA,"abundance_nbinom",NA,6
"virus_comp_12691_cycle_1","virus_comp_12691_cycle_1","t0-36",-3.17388832187794,NA,NA,NA,NA,"abundance_nbinom",NA,6
"virus_comp_13158_cycle_1","virus_comp_13158_cycle_1","t0-6",-11.5218233988394,NA,NA,NA,NA,"abundance_nbinom",NA,6
"virus_comp_13158_cycle_1","virus_comp_13158_cycle_1","t0-12",-36.4842295396374,NA,NA,NA,NA,"abundance_nbinom",NA,6
"virus_comp_13158_cycle_1","virus_comp_13158_cycle_1","t0-18",-9.21818878370197,NA,NA,NA,NA,"abundance_nbinom",NA,6
"virus_comp_13158_cycle_1","virus_comp_13158_cycle_1","t0-24",-1.45668298082036,NA,NA,NA,NA,"abundance_nbinom",NA,6
"virus_comp_13158_cycle_1","virus_comp_13158_cycle_1","t0-30",50.5496587878553,NA,NA,NA,NA,"abundance_nbinom",NA,6
"virus_comp_13158_cycle_1","virus_comp_13158_cycle_1","t0-36",-11.9212974025652,NA,NA,NA,NA,"abundance_nbinom",NA,6
"virus_comp_13180_cycle_1","virus_comp_13180_cycle_1","t0-6",50.8997508103889,NA,NA,NA,NA,"abundance_nbinom",NA,6
"virus_comp_13180_cycle_1","virus_comp_13180_cycle_1","t0-12",7.63037586960107,NA,NA,NA,NA,"abundance_nbinom",NA,6
"virus_comp_13180_cycle_1","virus_comp_13180_cycle_1","t0-18",-1.93929841234424,NA,NA,NA,NA,"abundance_nbinom",NA,6
"virus_comp_13180_cycle_1","virus_comp_13180_cycle_1","t0-24",-8.6798521636284,NA,NA,NA,NA,"abundance_nbinom",NA,6
"virus_comp_13180_cycle_1","virus_comp_13180_cycle_1","t0-30",-54.635555224358,NA,NA,NA,NA,"abundance_nbinom",NA,6
"virus_comp_13180_cycle_1","virus_comp_13180_cycle_1","t0-36",-9.78725307226572,NA,NA,NA,NA,"abundance_nbinom",NA,6
"virus_comp_13210_cycle_1","virus_comp_13210_cycle_1","t0-6",-8.47981912944645,NA,NA,NA,NA,"abundance_nbinom",NA,6
"virus_comp_13210_cycle_1","virus_comp_13210_cycle_1","t0-12",-81.059489318059,NA,NA,NA,NA,"abundance_nbinom",NA,6
"virus_comp_13210_cycle_1","virus_comp_13210_cycle_1","t0-18",-47.4272338456765,NA,NA,NA,NA,"abundance_nbinom",NA,6
"virus_comp_13210_cycle_1","virus_comp_13210_cycle_1","t0-24",-0.0821557556138174,NA,NA,NA,NA,"abundance_nbinom",NA,6
"virus_comp_13210_cycle_1","virus_comp_13210_cycle_1","t0-30",431.043200894027,NA,NA,NA,NA,"abundance_nbinom",NA,6
"virus_comp_13210_cycle_1","virus_comp_13210_cycle_1","t0-36",-35.0020080460618,NA,NA,NA,NA,"abundance_nbinom",NA,6
"virus_comp_13432_cycle_1","virus_comp_13432_cycle_1","t0-6",-1.68715371683628,NA,NA,NA,NA,"abundance_nbinom",NA,6
"virus_comp_13432_cycle_1","virus_comp_13432_cycle_1","t0-12",-27.0005552215692,NA,NA,NA,NA,"abundance_nbinom",NA,6
"virus_comp_13432_cycle_1","virus_comp_13432_cycle_1","t0-18",-21.8798438160294,NA,NA,NA,NA,"abundance_nbinom",NA,6
"virus_comp_13432_cycle_1","virus_comp_13432_cycle_1","t0-24",-9.1635322653748,NA,NA,NA,NA,"abundance_nbinom",NA,6
"virus_comp_13432_cycle_1","virus_comp_13432_cycle_1","t0-30",-13.981680108034,NA,NA,NA,NA,"abundance_nbinom",NA,6
"virus_comp_13432_cycle_1","virus_comp_13432_cycle_1","t0-36",-7.79452768073334,NA,NA,NA,NA,"abundance_nbinom",NA,6
"virus_comp_138_cycle_1","virus_comp_138_cycle_1","t0-6",39.618571350654,NA,NA,NA,NA,"abundance_nbinom",NA,6
"virus_comp_138_cycle_1","virus_comp_138_cycle_1","t0-12",-25.534608407007,NA,NA,NA,NA,"abundance_nbinom",NA,6
"virus_comp_138_cycle_1","virus_comp_138_cycle_1","t0-18",-11.1154535656131,NA,NA,NA,NA,"abundance_nbinom",NA,6
"virus_comp_138_cycle_1","virus_comp_138_cycle_1","t0-24",0.0156081529687814,NA,NA,NA,NA,"abundance_nbinom",NA,6
"virus_comp_138_cycle_1","virus_comp_138_cycle_1","t0-30",-20.2060726308829,NA,NA,NA,NA,"abundance_nbinom",NA,6
"virus_comp_138_cycle_1","virus_comp_138_cycle_1","t0-36",-30.6328674979976,NA,NA,NA,NA,"abundance_nbinom",NA,6
"virus_comp_13909_cycle_1","virus_comp_13909_cycle_1","t0-6",-6.65950242727351,NA,NA,NA,NA,"abundance_nbinom",NA,6
"virus_comp_13909_cycle_1","virus_comp_13909_cycle_1","t0-12",-8.98100848842433,NA,NA,NA,NA,"abundance_nbinom",NA,6
"virus_comp_13909_cycle_1","virus_comp_13909_cycle_1","t0-18",-11.1801194238683,NA,NA,NA,NA,"abundance_nbinom",NA,6
"virus_comp_13909_cycle_1","virus_comp_13909_cycle_1","t0-24",-0.453500854836934,NA,NA,NA,NA,"abundance_nbinom",NA,6
"virus_comp_13909_cycle_1","virus_comp_13909_cycle_1","t0-30",107.342377050969,NA,NA,NA,NA,"abundance_nbinom",NA,6
"virus_comp_13909_cycle_1","virus_comp_13909_cycle_1","t0-36",-51.8109794441809,NA,NA,NA,NA,"abundance_nbinom",NA,6
"virus_comp_14513_cycle_1","virus_comp_14513_cycle_1","t0-6",32.6399597785028,NA,NA,NA,NA,"abundance_nbinom",NA,6
"virus_comp_14513_cycle_1","virus_comp_14513_cycle_1","t0-12",-25.2463966219361,NA,NA,NA,NA,"abundance_nbinom",NA,6
"virus_comp_14513_cycle_1","virus_comp_14513_cycle_1","t0-18",-14.7627397950795,NA,NA,NA,NA,"abundance_nbinom",NA,6
"virus_comp_14513_cycle_1","virus_comp_14513_cycle_1","t0-24",-33.3161891509429,NA,NA,NA,NA,"abundance_nbinom",NA,6
"virus_comp_14513_cycle_1","virus_comp_14513_cycle_1","t0-30",83.7603737412316,NA,NA,NA,NA,"abundance_nbinom",NA,6
"virus_comp_14513_cycle_1","virus_comp_14513_cycle_1","t0-36",-4.56922404704224,NA,NA,NA,NA,"abundance_nbinom",NA,6
"virus_comp_14666_cycle_1","virus_comp_14666_cycle_1","t0-6",-50.5379824130274,NA,NA,NA,NA,"abundance_nbinom",NA,6
"virus_comp_14666_cycle_1","virus_comp_14666_cycle_1","t0-12",59.2553335149636,NA,NA,NA,NA,"abundance_nbinom",NA,6
"virus_comp_14666_cycle_1","virus_comp_14666_cycle_1","t0-18",-6.83530495182823,NA,NA,NA,NA,"abundance_nbinom",NA,6
"virus_comp_14666_cycle_1","virus_comp_14666_cycle_1","t0-24",-387.995671440304,NA,NA,NA,NA,"abundance_nbinom",NA,6
"virus_comp_14666_cycle_1","virus_comp_14666_cycle_1","t0-30",-345.826503894332,NA,NA,NA,NA,"abundance_nbinom",NA,6
"virus_comp_14666_cycle_1","virus_comp_14666_cycle_1","t0-36",-262.80567524377,NA,NA,NA,NA,"abundance_nbinom",NA,6
"virus_comp_14703_cycle_1","virus_comp_14703_cycle_1","t0-6",-5.86897687415529,NA,NA,NA,NA,"abundance_nbinom",NA,6
"virus_comp_14703_cycle_1","virus_comp_14703_cycle_1","t0-12",-18.3386265017132,NA,NA,NA,NA,"abundance_nbinom",NA,6
"virus_comp_14703_cycle_1","virus_comp_14703_cycle_1","t0-18",-17.0893673097323,NA,NA,NA,NA,"abundance_nbinom",NA,6
"virus_comp_14703_cycle_1","virus_comp_14703_cycle_1","t0-24",0.8149701210538,NA,NA,NA,NA,"abundance_nbinom",NA,6
"virus_comp_14703_cycle_1","virus_comp_14703_cycle_1","t0-30",135.001600857732,NA,NA,NA,NA,"abundance_nbinom",NA,6
"virus_comp_14703_cycle_1","virus_comp_14703_cycle_1","t0-36",-45.9295012751219,NA,NA,NA,NA,"abundance_nbinom",NA,6
"virus_comp_15056_cycle_1","virus_comp_15056_cycle_1","t0-6",-1.5908215569985,NA,NA,NA,NA,"abundance_nbinom",NA,6
"virus_comp_15056_cycle_1","virus_comp_15056_cycle_1","t0-12",-33.1796006469686,NA,NA,NA,NA,"abundance_nbinom",NA,6
"virus_comp_15056_cycle_1","virus_comp_15056_cycle_1","t0-18",-10.4868140656719,NA,NA,NA,NA,"abundance_nbinom",NA,6
"virus_comp_15056_cycle_1","virus_comp_15056_cycle_1","t0-24",-8.30312335300401,NA,NA,NA,NA,"abundance_nbinom",NA,6
"virus_comp_15056_cycle_1","virus_comp_15056_cycle_1","t0-30",10.8630996092343,NA,NA,NA,NA,"abundance_nbinom",NA,6
"virus_comp_15056_cycle_1","virus_comp_15056_cycle_1","t0-36",-35.1899014159918,NA,NA,NA,NA,"abundance_nbinom",NA,6
"virus_comp_15100_cycle_1","virus_comp_15100_cycle_1","t0-6",-20.818712053297,NA,NA,NA,NA,"abundance_nbinom",NA,6
"virus_comp_15100_cycle_1","virus_comp_15100_cycle_1","t0-12",-101.177675017723,NA,NA,NA,NA,"abundance_nbinom",NA,6
"virus_comp_15100_cycle_1","virus_comp_15100_cycle_1","t0-18",-49.409357417303,NA,NA,NA,NA,"abundance_nbinom",NA,6
"virus_comp_15100_cycle_1","virus_comp_15100_cycle_1","t0-24",0.280206047203633,NA,NA,NA,NA,"abundance_nbinom",NA,6
"virus_comp_15100_cycle_1","virus_comp_15100_cycle_1","t0-30",-18.0886086014342,NA,NA,NA,NA,"abundance_nbinom",NA,6
"virus_comp_15100_cycle_1","virus_comp_15100_cycle_1","t0-36",-9.09842892717491,NA,NA,NA,NA,"abundance_nbinom",NA,6
"virus_comp_15228_cycle_1","virus_comp_15228_cycle_1","t0-6",43.8618194415724,NA,NA,NA,NA,"abundance_nbinom",NA,6
"virus_comp_15228_cycle_1","virus_comp_15228_cycle_1","t0-12",2.29577152053918,NA,NA,NA,NA,"abundance_nbinom",NA,6
"virus_comp_15228_cycle_1","virus_comp_15228_cycle_1","t0-18",-32.0785695913566,NA,NA,NA,NA,"abundance_nbinom",NA,6
"virus_comp_15228_cycle_1","virus_comp_15228_cycle_1","t0-24",-5.16779984243208,NA,NA,NA,NA,"abundance_nbinom",NA,6
"virus_comp_15228_cycle_1","virus_comp_15228_cycle_1","t0-30",-29.4036628748403,NA,NA,NA,NA,"abundance_nbinom",NA,6
"virus_comp_15228_cycle_1","virus_comp_15228_cycle_1","t0-36",-7.53687948043683,NA,NA,NA,NA,"abundance_nbinom",NA,6
"virus_comp_1533_cycle_1","virus_comp_1533_cycle_1","t0-6",0.814838903758723,NA,NA,NA,NA,"abundance_nbinom",NA,6
"virus_comp_1533_cycle_1","virus_comp_1533_cycle_1","t0-12",-33.1008134816087,NA,NA,NA,NA,"abundance_nbinom",NA,6
"virus_comp_1533_cycle_1","virus_comp_1533_cycle_1","t0-18",-0.557126946918133,NA,NA,NA,NA,"abundance_nbinom",NA,6
"virus_comp_1533_cycle_1","virus_comp_1533_cycle_1","t0-24",0.0615925519667079,NA,NA,NA,NA,"abundance_nbinom",NA,6
"virus_comp_1533_cycle_1","virus_comp_1533_cycle_1","t0-30",-10.4602504830839,NA,NA,NA,NA,"abundance_nbinom",NA,6
"virus_comp_1533_cycle_1","virus_comp_1533_cycle_1","t0-36",-4.89581431733062,NA,NA,NA,NA,"abundance_nbinom",NA,6
"virus_comp_16041_cycle_1","virus_comp_16041_cycle_1","t0-6",0.41521221871275,NA,NA,NA,NA,"abundance_nbinom",NA,6
"virus_comp_16041_cycle_1","virus_comp_16041_cycle_1","t0-12",1.75018663309855,NA,NA,NA,NA,"abundance_nbinom",NA,6
"virus_comp_16041_cycle_1","virus_comp_16041_cycle_1","t0-18",1.84837353638167,NA,NA,NA,NA,"abundance_nbinom",NA,6
"virus_comp_16041_cycle_1","virus_comp_16041_cycle_1","t0-24",1.44729675951248,NA,NA,NA,NA,"abundance_nbinom",NA,6
"virus_comp_16041_cycle_1","virus_comp_16041_cycle_1","t0-30",-2.27699401692213,NA,NA,NA,NA,"abundance_nbinom",NA,6
"virus_comp_16041_cycle_1","virus_comp_16041_cycle_1","t0-36",-0.55062293618592,NA,NA,NA,NA,"abundance_nbinom",NA,6
"virus_comp_16189_cycle_1","virus_comp_16189_cycle_1","t0-6",-0.152602550834267,NA,NA,NA,NA,"abundance_nbinom",NA,6
"virus_comp_16189_cycle_1","virus_comp_16189_cycle_1","t0-12",72.3387024955212,NA,NA,NA,NA,"abundance_nbinom",NA,6
"virus_comp_16189_cycle_1","virus_comp_16189_cycle_1","t0-18",-13.0673995344483,NA,NA,NA,NA,"abundance_nbinom",NA,6
"virus_comp_16189_cycle_1","virus_comp_16189_cycle_1","t0-24",0.0862217563270101,NA,NA,NA,NA,"abundance_nbinom",NA,6
"virus_comp_16189_cycle_1","virus_comp_16189_cycle_1","t0-30",119.224920749216,NA,NA,NA,NA,"abundance_nbinom",NA,6
"virus_comp_16189_cycle_1","virus_comp_16189_cycle_1","t0-36",-14.9974770573252,NA,NA,NA,NA,"abundance_nbinom",NA,6
"virus_comp_16215_cycle_1","virus_comp_16215_cycle_1","t0-6",-7.34686745508249,NA,NA,NA,NA,"abundance_nbinom",NA,6
"virus_comp_16215_cycle_1","virus_comp_16215_cycle_1","t0-12",-11.5061117991412,NA,NA,NA,NA,"abundance_nbinom",NA,6
"virus_comp_16215_cycle_1","virus_comp_16215_cycle_1","t0-18",-13.7277567846375,NA,NA,NA,NA,"abundance_nbinom",NA,6
"virus_comp_16215_cycle_1","virus_comp_16215_cycle_1","t0-24",-0.121027268540462,NA,NA,NA,NA,"abundance_nbinom",NA,6
"virus_comp_16215_cycle_1","virus_comp_16215_cycle_1","t0-30",128.154235993365,NA,NA,NA,NA,"abundance_nbinom",NA,6
"virus_comp_16215_cycle_1","virus_comp_16215_cycle_1","t0-36",-56.1233959244363,NA,NA,NA,NA,"abundance_nbinom",NA,6
"virus_comp_16477_cycle_1","virus_comp_16477_cycle_1","t0-6",0.318865902336169,NA,NA,NA,NA,"abundance_nbinom",NA,6
"virus_comp_16477_cycle_1","virus_comp_16477_cycle_1","t0-12",-13.9746368448988,NA,NA,NA,NA,"abundance_nbinom",NA,6
"virus_comp_16477_cycle_1","virus_comp_16477_cycle_1","t0-18",0.0829285013926199,NA,NA,NA,NA,"abundance_nbinom",NA,6
"virus_comp_16477_cycle_1","virus_comp_16477_cycle_1","t0-24",0.172614837530171,NA,NA,NA,NA,"abundance_nbinom",NA,6
"virus_comp_16477_cycle_1","virus_comp_16477_cycle_1","t0-30",-4.71161130152471,NA,NA,NA,NA,"abundance_nbinom",NA,6
"virus_comp_16477_cycle_1","virus_comp_16477_cycle_1","t0-36",-6.72960845678969,NA,NA,NA,NA,"abundance_nbinom",NA,6
"virus_comp_16559_cycle_1","virus_comp_16559_cycle_1","t0-6",118.756987522487,NA,NA,NA,NA,"abundance_nbinom",NA,6
"virus_comp_16559_cycle_1","virus_comp_16559_cycle_1","t0-12",-7.34826888087972,NA,NA,NA,NA,"abundance_nbinom",NA,6
"virus_comp_16559_cycle_1","virus_comp_16559_cycle_1","t0-18",-4.13498520853667,NA,NA,NA,NA,"abundance_nbinom",NA,6
"virus_comp_16559_cycle_1","virus_comp_16559_cycle_1","t0-24",-7.91761960750932,NA,NA,NA,NA,"abundance_nbinom",NA,6
"virus_comp_16559_cycle_1","virus_comp_16559_cycle_1","t0-30",-169.628507082503,NA,NA,NA,NA,"abundance_nbinom",NA,6
"virus_comp_16559_cycle_1","virus_comp_16559_cycle_1","t0-36",-18.7470003982406,NA,NA,NA,NA,"abundance_nbinom",NA,6
"virus_comp_16586_cycle_1","virus_comp_16586_cycle_1","t0-6",-37.4324167020419,NA,NA,NA,NA,"abundance_nbinom",NA,6
"virus_comp_16586_cycle_1","virus_comp_16586_cycle_1","t0-12",0.469142436918888,NA,NA,NA,NA,"abundance_nbinom",NA,6
"virus_comp_16586_cycle_1","virus_comp_16586_cycle_1","t0-18",-6.90595214325291,NA,NA,NA,NA,"abundance_nbinom",NA,6
"virus_comp_16586_cycle_1","virus_comp_16586_cycle_1","t0-24",-0.78449708431126,NA,NA,NA,NA,"abundance_nbinom",NA,6
"virus_comp_16586_cycle_1","virus_comp_16586_cycle_1","t0-30",-3.47449575021571,NA,NA,NA,NA,"abundance_nbinom",NA,6
"virus_comp_16586_cycle_1","virus_comp_16586_cycle_1","t0-36",-0.854431902801237,NA,NA,NA,NA,"abundance_nbinom",NA,6
"virus_comp_16658_cycle_1","virus_comp_16658_cycle_1","t0-6",-25.6524440460659,NA,NA,NA,NA,"abundance_nbinom",NA,6
"virus_comp_16658_cycle_1","virus_comp_16658_cycle_1","t0-12",-4.21856026566015,NA,NA,NA,NA,"abundance_nbinom",NA,6
"virus_comp_16658_cycle_1","virus_comp_16658_cycle_1","t0-18",-0.966702846120102,NA,NA,NA,NA,"abundance_nbinom",NA,6
"virus_comp_16658_cycle_1","virus_comp_16658_cycle_1","t0-24",-31.21491242186,NA,NA,NA,NA,"abundance_nbinom",NA,6
"virus_comp_16658_cycle_1","virus_comp_16658_cycle_1","t0-30",-2.87520066057783,NA,NA,NA,NA,"abundance_nbinom",NA,6
"virus_comp_16658_cycle_1","virus_comp_16658_cycle_1","t0-36",-2.04195756031169,NA,NA,NA,NA,"abundance_nbinom",NA,6
"virus_comp_16682_cycle_1","virus_comp_16682_cycle_1","t0-6",1.37642614372013,NA,NA,NA,NA,"abundance_nbinom",NA,6
"virus_comp_16682_cycle_1","virus_comp_16682_cycle_1","t0-12",1.48296928474462,NA,NA,NA,NA,"abundance_nbinom",NA,6
"virus_comp_16682_cycle_1","virus_comp_16682_cycle_1","t0-18",1.03061744369568,NA,NA,NA,NA,"abundance_nbinom",NA,6
"virus_comp_16682_cycle_1","virus_comp_16682_cycle_1","t0-24",0.992554868309244,NA,NA,NA,NA,"abundance_nbinom",NA,6
"virus_comp_16682_cycle_1","virus_comp_16682_cycle_1","t0-30",-1.08851057860076,NA,NA,NA,NA,"abundance_nbinom",NA,6
"virus_comp_16682_cycle_1","virus_comp_16682_cycle_1","t0-36",-0.408858861389144,NA,NA,NA,NA,"abundance_nbinom",NA,6
"virus_comp_16865_cycle_1","virus_comp_16865_cycle_1","t0-6",-53.3836503833762,NA,NA,NA,NA,"abundance_nbinom",NA,6
"virus_comp_16865_cycle_1","virus_comp_16865_cycle_1","t0-12",-2.87705686673403,NA,NA,NA,NA,"abundance_nbinom",NA,6
"virus_comp_16865_cycle_1","virus_comp_16865_cycle_1","t0-18",-3.43329305433871,NA,NA,NA,NA,"abundance_nbinom",NA,6
"virus_comp_16865_cycle_1","virus_comp_16865_cycle_1","t0-24",-0.200779268587517,NA,NA,NA,NA,"abundance_nbinom",NA,6
"virus_comp_16865_cycle_1","virus_comp_16865_cycle_1","t0-30",-3.51676416689505,NA,NA,NA,NA,"abundance_nbinom",NA,6
"virus_comp_16865_cycle_1","virus_comp_16865_cycle_1","t0-36",-0.492066713164146,NA,NA,NA,NA,"abundance_nbinom",NA,6
"virus_comp_16893_cycle_1","virus_comp_16893_cycle_1","t0-6",-2.57885067305147,NA,NA,NA,NA,"abundance_nbinom",NA,6
"virus_comp_16893_cycle_1","virus_comp_16893_cycle_1","t0-12",-14.5119741410537,NA,NA,NA,NA,"abundance_nbinom",NA,6
"virus_comp_16893_cycle_1","virus_comp_16893_cycle_1","t0-18",-7.08112605096232,NA,NA,NA,NA,"abundance_nbinom",NA,6
"virus_comp_16893_cycle_1","virus_comp_16893_cycle_1","t0-24",-0.0657468198893632,NA,NA,NA,NA,"abundance_nbinom",NA,6
"virus_comp_16893_cycle_1","virus_comp_16893_cycle_1","t0-30",24.130428226903,NA,NA,NA,NA,"abundance_nbinom",NA,6
"virus_comp_16893_cycle_1","virus_comp_16893_cycle_1","t0-36",-0.727312024646569,NA,NA,NA,NA,"abundance_nbinom",NA,6
"virus_comp_169_cycle_1","virus_comp_169_cycle_1","t0-6",31.9789649161742,NA,NA,NA,NA,"abundance_nbinom",NA,6
"virus_comp_169_cycle_1","virus_comp_169_cycle_1","t0-12",-28.2289385258704,NA,NA,NA,NA,"abundance_nbinom",NA,6
"virus_comp_169_cycle_1","virus_comp_169_cycle_1","t0-18",-12.4855470217608,NA,NA,NA,NA,"abundance_nbinom",NA,6
"virus_comp_169_cycle_1","virus_comp_169_cycle_1","t0-24",0.005302787141985,NA,NA,NA,NA,"abundance_nbinom",NA,6
"virus_comp_169_cycle_1","virus_comp_169_cycle_1","t0-30",-21.9962438983382,NA,NA,NA,NA,"abundance_nbinom",NA,6
"virus_comp_169_cycle_1","virus_comp_169_cycle_1","t0-36",-33.5368355725065,NA,NA,NA,NA,"abundance_nbinom",NA,6
"virus_comp_17302_cycle_1","virus_comp_17302_cycle_1","t0-6",-0.419928224520399,NA,NA,NA,NA,"abundance_nbinom",NA,6
"virus_comp_17302_cycle_1","virus_comp_17302_cycle_1","t0-12",50.6152581195669,NA,NA,NA,NA,"abundance_nbinom",NA,6
"virus_comp_17302_cycle_1","virus_comp_17302_cycle_1","t0-18",-0.807846552525573,NA,NA,NA,NA,"abundance_nbinom",NA,6
"virus_comp_17302_cycle_1","virus_comp_17302_cycle_1","t0-24",-0.146897506721649,NA,NA,NA,NA,"abundance_nbinom",NA,6
"virus_comp_17302_cycle_1","virus_comp_17302_cycle_1","t0-30",-18.4603316099372,NA,NA,NA,NA,"abundance_nbinom",NA,6
"virus_comp_17302_cycle_1","virus_comp_17302_cycle_1","t0-36",-14.4986436368748,NA,NA,NA,NA,"abundance_nbinom",NA,6
"virus_comp_174_cycle_1","virus_comp_174_cycle_1","t0-6",31.7657029227502,NA,NA,NA,NA,"abundance_nbinom",NA,6
"virus_comp_174_cycle_1","virus_comp_174_cycle_1","t0-12",-25.4291747563126,NA,NA,NA,NA,"abundance_nbinom",NA,6
"virus_comp_174_cycle_1","virus_comp_174_cycle_1","t0-18",-11.2651624673048,NA,NA,NA,NA,"abundance_nbinom",NA,6
"virus_comp_174_cycle_1","virus_comp_174_cycle_1","t0-24",0.0199447853304006,NA,NA,NA,NA,"abundance_nbinom",NA,6
"virus_comp_174_cycle_1","virus_comp_174_cycle_1","t0-30",-18.3521382942404,NA,NA,NA,NA,"abundance_nbinom",NA,6
"virus_comp_174_cycle_1","virus_comp_174_cycle_1","t0-36",-28.0944167949881,NA,NA,NA,NA,"abundance_nbinom",NA,6
"virus_comp_17782_cycle_1","virus_comp_17782_cycle_1","t0-6",50.592621396356,NA,NA,NA,NA,"abundance_nbinom",NA,6
"virus_comp_17782_cycle_1","virus_comp_17782_cycle_1","t0-12",-2.99396640978552,NA,NA,NA,NA,"abundance_nbinom",NA,6
"virus_comp_17782_cycle_1","virus_comp_17782_cycle_1","t0-18",-0.27677720109917,NA,NA,NA,NA,"abundance_nbinom",NA,6
"virus_comp_17782_cycle_1","virus_comp_17782_cycle_1","t0-24",-0.055245556325875,NA,NA,NA,NA,"abundance_nbinom",NA,6
"virus_comp_17782_cycle_1","virus_comp_17782_cycle_1","t0-30",-26.857128578338,NA,NA,NA,NA,"abundance_nbinom",NA,6
"virus_comp_17782_cycle_1","virus_comp_17782_cycle_1","t0-36",-2.0037840920571,NA,NA,NA,NA,"abundance_nbinom",NA,6
"virus_comp_178_cycle_1","virus_comp_178_cycle_1","t0-6",0.681703972031597,NA,NA,NA,NA,"abundance_nbinom",NA,6
"virus_comp_178_cycle_1","virus_comp_178_cycle_1","t0-12",-0.261646397234672,NA,NA,NA,NA,"abundance_nbinom",NA,6
"virus_comp_178_cycle_1","virus_comp_178_cycle_1","t0-18",-25.6246444620197,NA,NA,NA,NA,"abundance_nbinom",NA,6
"virus_comp_178_cycle_1","virus_comp_178_cycle_1","t0-24",-0.216869563366073,NA,NA,NA,NA,"abundance_nbinom",NA,6
"virus_comp_178_cycle_1","virus_comp_178_cycle_1","t0-30",-19.2993883145028,NA,NA,NA,NA,"abundance_nbinom",NA,6
"virus_comp_178_cycle_1","virus_comp_178_cycle_1","t0-36",0.0258454764534209,NA,NA,NA,NA,"abundance_nbinom",NA,6
"virus_comp_17808_cycle_1","virus_comp_17808_cycle_1","t0-6",-2.48360591499619,NA,NA,NA,NA,"abundance_nbinom",NA,6
"virus_comp_17808_cycle_1","virus_comp_17808_cycle_1","t0-12",4.51166999201931,NA,NA,NA,NA,"abundance_nbinom",NA,6
"virus_comp_17808_cycle_1","virus_comp_17808_cycle_1","t0-18",-32.2448659583887,NA,NA,NA,NA,"abundance_nbinom",NA,6
"virus_comp_17808_cycle_1","virus_comp_17808_cycle_1","t0-24",-0.209542483888481,NA,NA,NA,NA,"abundance_nbinom",NA,6
"virus_comp_17808_cycle_1","virus_comp_17808_cycle_1","t0-30",-23.5791865309196,NA,NA,NA,NA,"abundance_nbinom",NA,6
"virus_comp_17808_cycle_1","virus_comp_17808_cycle_1","t0-36",-1.09556136923872,NA,NA,NA,NA,"abundance_nbinom",NA,6
"virus_comp_17809_cycle_1","virus_comp_17809_cycle_1","t0-6",-0.0712994390249342,NA,NA,NA,NA,"abundance_nbinom",NA,6
"virus_comp_17809_cycle_1","virus_comp_17809_cycle_1","t0-12",-14.2915530696034,NA,NA,NA,NA,"abundance_nbinom",NA,6
"virus_comp_17809_cycle_1","virus_comp_17809_cycle_1","t0-18",-0.585331474942982,NA,NA,NA,NA,"abundance_nbinom",NA,6
"virus_comp_17809_cycle_1","virus_comp_17809_cycle_1","t0-24",-0.0732523629817361,NA,NA,NA,NA,"abundance_nbinom",NA,6
"virus_comp_17809_cycle_1","virus_comp_17809_cycle_1","t0-30",-2.43893953443971,NA,NA,NA,NA,"abundance_nbinom",NA,6
"virus_comp_17809_cycle_1","virus_comp_17809_cycle_1","t0-36",0.0152671807718627,NA,NA,NA,NA,"abundance_nbinom",NA,6
"virus_comp_17896_cycle_1","virus_comp_17896_cycle_1","t0-6",-3.33735630189627,NA,NA,NA,NA,"abundance_nbinom",NA,6
"virus_comp_17896_cycle_1","virus_comp_17896_cycle_1","t0-12",0.0668615063407085,NA,NA,NA,NA,"abundance_nbinom",NA,6
"virus_comp_17896_cycle_1","virus_comp_17896_cycle_1","t0-18",2.54864748819545,NA,NA,NA,NA,"abundance_nbinom",NA,6
"virus_comp_17896_cycle_1","virus_comp_17896_cycle_1","t0-24",3.09810344302453,NA,NA,NA,NA,"abundance_nbinom",NA,6
"virus_comp_17896_cycle_1","virus_comp_17896_cycle_1","t0-30",-5.74756253686222,NA,NA,NA,NA,"abundance_nbinom",NA,6
"virus_comp_17896_cycle_1","virus_comp_17896_cycle_1","t0-36",-2.64702819483909,NA,NA,NA,NA,"abundance_nbinom",NA,6
"virus_comp_17903_cycle_1","virus_comp_17903_cycle_1","t0-6",-4.97185973555124,NA,NA,NA,NA,"abundance_nbinom",NA,6
"virus_comp_17903_cycle_1","virus_comp_17903_cycle_1","t0-12",-35.1288000198492,NA,NA,NA,NA,"abundance_nbinom",NA,6
"virus_comp_17903_cycle_1","virus_comp_17903_cycle_1","t0-18",-0.791211015478608,NA,NA,NA,NA,"abundance_nbinom",NA,6
"virus_comp_17903_cycle_1","virus_comp_17903_cycle_1","t0-24",-0.040448533376525,NA,NA,NA,NA,"abundance_nbinom",NA,6
"virus_comp_17903_cycle_1","virus_comp_17903_cycle_1","t0-30",-22.87380524195,NA,NA,NA,NA,"abundance_nbinom",NA,6
"virus_comp_17903_cycle_1","virus_comp_17903_cycle_1","t0-36",-20.3030347986894,NA,NA,NA,NA,"abundance_nbinom",NA,6
"virus_comp_18095_cycle_1","virus_comp_18095_cycle_1","t0-6",-73.0469589977586,NA,NA,NA,NA,"abundance_nbinom",NA,6
"virus_comp_18095_cycle_1","virus_comp_18095_cycle_1","t0-12",-194.439722370569,NA,NA,NA,NA,"abundance_nbinom",NA,6
"virus_comp_18095_cycle_1","virus_comp_18095_cycle_1","t0-18",-101.219651278446,NA,NA,NA,NA,"abundance_nbinom",NA,6
"virus_comp_18095_cycle_1","virus_comp_18095_cycle_1","t0-24",0.680968346689081,NA,NA,NA,NA,"abundance_nbinom",NA,6
"virus_comp_18095_cycle_1","virus_comp_18095_cycle_1","t0-30",-13.3688223923755,NA,NA,NA,NA,"abundance_nbinom",NA,6
"virus_comp_18095_cycle_1","virus_comp_18095_cycle_1","t0-36",-12.7577134159496,NA,NA,NA,NA,"abundance_nbinom",NA,6
"virus_comp_18166_cycle_1","virus_comp_18166_cycle_1","t0-6",-0.0557478587692162,NA,NA,NA,NA,"abundance_nbinom",NA,6
"virus_comp_18166_cycle_1","virus_comp_18166_cycle_1","t0-12",-17.4232462783899,NA,NA,NA,NA,"abundance_nbinom",NA,6
"virus_comp_18166_cycle_1","virus_comp_18166_cycle_1","t0-18",-0.761332255743465,NA,NA,NA,NA,"abundance_nbinom",NA,6
"virus_comp_18166_cycle_1","virus_comp_18166_cycle_1","t0-24",-0.0102783016898174,NA,NA,NA,NA,"abundance_nbinom",NA,6
"virus_comp_18166_cycle_1","virus_comp_18166_cycle_1","t0-30",48.8626901417592,NA,NA,NA,NA,"abundance_nbinom",NA,6
"virus_comp_18166_cycle_1","virus_comp_18166_cycle_1","t0-36",-13.0370057294438,NA,NA,NA,NA,"abundance_nbinom",NA,6
"virus_comp_18182_cycle_1","virus_comp_18182_cycle_1","t0-6",-23.4240685694399,NA,NA,NA,NA,"abundance_nbinom",NA,6
"virus_comp_18182_cycle_1","virus_comp_18182_cycle_1","t0-12",5.65715943037936,NA,NA,NA,NA,"abundance_nbinom",NA,6
"virus_comp_18182_cycle_1","virus_comp_18182_cycle_1","t0-18",-32.2219151765636,NA,NA,NA,NA,"abundance_nbinom",NA,6
"virus_comp_18182_cycle_1","virus_comp_18182_cycle_1","t0-24",0.0289050838778954,NA,NA,NA,NA,"abundance_nbinom",NA,6
"virus_comp_18182_cycle_1","virus_comp_18182_cycle_1","t0-30",-15.3219952741912,NA,NA,NA,NA,"abundance_nbinom",NA,6
"virus_comp_18182_cycle_1","virus_comp_18182_cycle_1","t0-36",-15.8551869332695,NA,NA,NA,NA,"abundance_nbinom",NA,6
"virus_comp_18240_cycle_1","virus_comp_18240_cycle_1","t0-6",-6.04848089221207,NA,NA,NA,NA,"abundance_nbinom",NA,6
"virus_comp_18240_cycle_1","virus_comp_18240_cycle_1","t0-12",40.1988327046854,NA,NA,NA,NA,"abundance_nbinom",NA,6
"virus_comp_18240_cycle_1","virus_comp_18240_cycle_1","t0-18",-0.436074984334522,NA,NA,NA,NA,"abundance_nbinom",NA,6
"virus_comp_18240_cycle_1","virus_comp_18240_cycle_1","t0-24",-0.063265227832498,NA,NA,NA,NA,"abundance_nbinom",NA,6
"virus_comp_18240_cycle_1","virus_comp_18240_cycle_1","t0-30",-14.2807082818199,NA,NA,NA,NA,"abundance_nbinom",NA,6
"virus_comp_18240_cycle_1","virus_comp_18240_cycle_1","t0-36",-23.6556173463337,NA,NA,NA,NA,"abundance_nbinom",NA,6
"virus_comp_18253_cycle_1","virus_comp_18253_cycle_1","t0-6",0.177679026394589,NA,NA,NA,NA,"abundance_nbinom",NA,6
"virus_comp_18253_cycle_1","virus_comp_18253_cycle_1","t0-12",-1.21841751155046,NA,NA,NA,NA,"abundance_nbinom",NA,6
"virus_comp_18253_cycle_1","virus_comp_18253_cycle_1","t0-18",-0.101736530386818,NA,NA,NA,NA,"abundance_nbinom",NA,6
"virus_comp_18253_cycle_1","virus_comp_18253_cycle_1","t0-24",-0.131787912578851,NA,NA,NA,NA,"abundance_nbinom",NA,6
"virus_comp_18253_cycle_1","virus_comp_18253_cycle_1","t0-30",-1.18522499467277,NA,NA,NA,NA,"abundance_nbinom",NA,6
"virus_comp_18253_cycle_1","virus_comp_18253_cycle_1","t0-36",0.169688685561739,NA,NA,NA,NA,"abundance_nbinom",NA,6
"virus_comp_18276_cycle_1","virus_comp_18276_cycle_1","t0-6",4.657576590203,NA,NA,NA,NA,"abundance_nbinom",NA,6
"virus_comp_18276_cycle_1","virus_comp_18276_cycle_1","t0-12",107.770079721135,NA,NA,NA,NA,"abundance_nbinom",NA,6
"virus_comp_18276_cycle_1","virus_comp_18276_cycle_1","t0-18",-218.1222859815,NA,NA,NA,NA,"abundance_nbinom",NA,6
"virus_comp_18276_cycle_1","virus_comp_18276_cycle_1","t0-24",70.4448240674215,NA,NA,NA,NA,"abundance_nbinom",NA,6
"virus_comp_18276_cycle_1","virus_comp_18276_cycle_1","t0-30",-25.3144632910472,NA,NA,NA,NA,"abundance_nbinom",NA,6
"virus_comp_18276_cycle_1","virus_comp_18276_cycle_1","t0-36",-19.6583191150918,NA,NA,NA,NA,"abundance_nbinom",NA,6
"virus_comp_18547_cycle_1","virus_comp_18547_cycle_1","t0-6",-1.98788148788889,NA,NA,NA,NA,"abundance_nbinom",NA,6
"virus_comp_18547_cycle_1","virus_comp_18547_cycle_1","t0-12",-7.28420438831178,NA,NA,NA,NA,"abundance_nbinom",NA,6
"virus_comp_18547_cycle_1","virus_comp_18547_cycle_1","t0-18",-0.438302130320374,NA,NA,NA,NA,"abundance_nbinom",NA,6
"virus_comp_18547_cycle_1","virus_comp_18547_cycle_1","t0-24",0.0102191021192108,NA,NA,NA,NA,"abundance_nbinom",NA,6
"virus_comp_18547_cycle_1","virus_comp_18547_cycle_1","t0-30",-2.66017772766252,NA,NA,NA,NA,"abundance_nbinom",NA,6
"virus_comp_18547_cycle_1","virus_comp_18547_cycle_1","t0-36",-2.3864044076079,NA,NA,NA,NA,"abundance_nbinom",NA,6
"virus_comp_1888_cycle_1","virus_comp_1888_cycle_1","t0-6",-42.6792781740731,NA,NA,NA,NA,"abundance_nbinom",NA,6
"virus_comp_1888_cycle_1","virus_comp_1888_cycle_1","t0-12",-103.904331590089,NA,NA,NA,NA,"abundance_nbinom",NA,6
"virus_comp_1888_cycle_1","virus_comp_1888_cycle_1","t0-18",-62.7073146668159,NA,NA,NA,NA,"abundance_nbinom",NA,6
"virus_comp_1888_cycle_1","virus_comp_1888_cycle_1","t0-24",-0.0682269448338746,NA,NA,NA,NA,"abundance_nbinom",NA,6
"virus_comp_1888_cycle_1","virus_comp_1888_cycle_1","t0-30",-4.08438192051757,NA,NA,NA,NA,"abundance_nbinom",NA,6
"virus_comp_1888_cycle_1","virus_comp_1888_cycle_1","t0-36",-4.51133625197118,NA,NA,NA,NA,"abundance_nbinom",NA,6
"virus_comp_2033_cycle_1","virus_comp_2033_cycle_1","t0-6",-1.50670965734762,32349.0145555987,0.999962837187182,-63404.4101739928,63401.396754678,"abundance_nbinom",0.999996475970535,6
"virus_comp_2033_cycle_1","virus_comp_2033_cycle_1","t0-12",0.0944427301202332,17.9281956727486,0.995796897294903,-35.0441750962539,35.2330605564944,"abundance_nbinom",0.999996475970535,6
"virus_comp_2033_cycle_1","virus_comp_2033_cycle_1","t0-18",0.350590125670712,23.468865188718,0.988081228365246,-45.6475404022423,46.3487206535837,"abundance_nbinom",0.999996475970535,6
"virus_comp_2033_cycle_1","virus_comp_2033_cycle_1","t0-24",-0.31114593250177,70447.3495840034,0.999996475970535,-138074.579136882,138073.956845017,"abundance_nbinom",0.999996475970535,6
"virus_comp_2033_cycle_1","virus_comp_2033_cycle_1","t0-30",3.38513949712123,33.7806193903344,0.920177991890665,-62.8236578833895,69.5939368776319,"abundance_nbinom",0.999996475970535,6
"virus_comp_2033_cycle_1","virus_comp_2033_cycle_1","t0-36",-0.097609945358951,484.730238254373,0.999839330287838,-950.151419141449,949.956199250731,"abundance_nbinom",0.999996475970535,6
"virus_comp_2097_cycle_1","virus_comp_2097_cycle_1","t0-6",-5.07618584614839,NA,NA,NA,NA,"abundance_nbinom",NA,6
"virus_comp_2097_cycle_1","virus_comp_2097_cycle_1","t0-12",-5.36317384823217,NA,NA,NA,NA,"abundance_nbinom",NA,6
"virus_comp_2097_cycle_1","virus_comp_2097_cycle_1","t0-18",-1.9707639320439,NA,NA,NA,NA,"abundance_nbinom",NA,6
"virus_comp_2097_cycle_1","virus_comp_2097_cycle_1","t0-24",-0.0171754759519968,NA,NA,NA,NA,"abundance_nbinom",NA,6
"virus_comp_2097_cycle_1","virus_comp_2097_cycle_1","t0-30",-2.02311322100292,NA,NA,NA,NA,"abundance_nbinom",NA,6
"virus_comp_2097_cycle_1","virus_comp_2097_cycle_1","t0-36",4.70048669952553,NA,NA,NA,NA,"abundance_nbinom",NA,6
"virus_comp_2195_cycle_1","virus_comp_2195_cycle_1","t0-6",4.2922596500393,NA,NA,NA,NA,"abundance_nbinom",NA,6
"virus_comp_2195_cycle_1","virus_comp_2195_cycle_1","t0-12",-19.689883977399,NA,NA,NA,NA,"abundance_nbinom",NA,6
"virus_comp_2195_cycle_1","virus_comp_2195_cycle_1","t0-18",-7.83198668444156,NA,NA,NA,NA,"abundance_nbinom",NA,6
"virus_comp_2195_cycle_1","virus_comp_2195_cycle_1","t0-24",-0.259046076757474,NA,NA,NA,NA,"abundance_nbinom",NA,6
"virus_comp_2195_cycle_1","virus_comp_2195_cycle_1","t0-30",-90.6128631723936,NA,NA,NA,NA,"abundance_nbinom",NA,6
"virus_comp_2195_cycle_1","virus_comp_2195_cycle_1","t0-36",0.56263007719931,NA,NA,NA,NA,"abundance_nbinom",NA,6
"virus_comp_2270_cycle_1","virus_comp_2270_cycle_1","t0-6",0.242721420767095,NA,NA,NA,NA,"abundance_nbinom",NA,6
"virus_comp_2270_cycle_1","virus_comp_2270_cycle_1","t0-12",32.6343674265317,NA,NA,NA,NA,"abundance_nbinom",NA,6
"virus_comp_2270_cycle_1","virus_comp_2270_cycle_1","t0-18",-0.0280089241012401,NA,NA,NA,NA,"abundance_nbinom",NA,6
"virus_comp_2270_cycle_1","virus_comp_2270_cycle_1","t0-24",-0.0335186933819782,NA,NA,NA,NA,"abundance_nbinom",NA,6
"virus_comp_2270_cycle_1","virus_comp_2270_cycle_1","t0-30",2.86743541040398,NA,NA,NA,NA,"abundance_nbinom",NA,6
"virus_comp_2270_cycle_1","virus_comp_2270_cycle_1","t0-36",6.75743914795522,NA,NA,NA,NA,"abundance_nbinom",NA,6
"virus_comp_2383_cycle_1","virus_comp_2383_cycle_1","t0-6",-0.471106963764466,NA,NA,NA,NA,"abundance_nbinom",NA,6
"virus_comp_2383_cycle_1","virus_comp_2383_cycle_1","t0-12",-13.4570018006754,NA,NA,NA,NA,"abundance_nbinom",NA,6
"virus_comp_2383_cycle_1","virus_comp_2383_cycle_1","t0-18",-0.632387959742331,NA,NA,NA,NA,"abundance_nbinom",NA,6
"virus_comp_2383_cycle_1","virus_comp_2383_cycle_1","t0-24",-0.106530641340005,NA,NA,NA,NA,"abundance_nbinom",NA,6
"virus_comp_2383_cycle_1","virus_comp_2383_cycle_1","t0-30",39.4171957530017,NA,NA,NA,NA,"abundance_nbinom",NA,6
"virus_comp_2383_cycle_1","virus_comp_2383_cycle_1","t0-36",-10.2652501189465,NA,NA,NA,NA,"abundance_nbinom",NA,6
"virus_comp_2394_cycle_1","virus_comp_2394_cycle_1","t0-6",-0.260469596947927,NA,NA,NA,NA,"abundance_nbinom",NA,6
"virus_comp_2394_cycle_1","virus_comp_2394_cycle_1","t0-12",-7.22933118193265,NA,NA,NA,NA,"abundance_nbinom",NA,6
"virus_comp_2394_cycle_1","virus_comp_2394_cycle_1","t0-18",-0.720401108810858,NA,NA,NA,NA,"abundance_nbinom",NA,6
"virus_comp_2394_cycle_1","virus_comp_2394_cycle_1","t0-24",-0.445141596851244,NA,NA,NA,NA,"abundance_nbinom",NA,6
"virus_comp_2394_cycle_1","virus_comp_2394_cycle_1","t0-30",-5.75207225862358,NA,NA,NA,NA,"abundance_nbinom",NA,6
"virus_comp_2394_cycle_1","virus_comp_2394_cycle_1","t0-36",1.00691082239523,NA,NA,NA,NA,"abundance_nbinom",NA,6
"virus_comp_2438_cycle_1","virus_comp_2438_cycle_1","t0-6",-0.502444145394527,NA,NA,NA,NA,"abundance_nbinom",NA,6
"virus_comp_2438_cycle_1","virus_comp_2438_cycle_1","t0-12",-62.7091864803773,NA,NA,NA,NA,"abundance_nbinom",NA,6
"virus_comp_2438_cycle_1","virus_comp_2438_cycle_1","t0-18",-7.72966317160862,NA,NA,NA,NA,"abundance_nbinom",NA,6
"virus_comp_2438_cycle_1","virus_comp_2438_cycle_1","t0-24",0.10448736583052,NA,NA,NA,NA,"abundance_nbinom",NA,6
"virus_comp_2438_cycle_1","virus_comp_2438_cycle_1","t0-30",59.4737666760195,NA,NA,NA,NA,"abundance_nbinom",NA,6
"virus_comp_2438_cycle_1","virus_comp_2438_cycle_1","t0-36",-30.4188211365906,NA,NA,NA,NA,"abundance_nbinom",NA,6
"virus_comp_2475_cycle_5","virus_comp_2475_cycle_5","t0-6",2.07498507571673,NA,NA,NA,NA,"abundance_nbinom",NA,6
"virus_comp_2475_cycle_5","virus_comp_2475_cycle_5","t0-12",8.6019392610767,NA,NA,NA,NA,"abundance_nbinom",NA,6
"virus_comp_2475_cycle_5","virus_comp_2475_cycle_5","t0-18",-162.448327931748,NA,NA,NA,NA,"abundance_nbinom",NA,6
"virus_comp_2475_cycle_5","virus_comp_2475_cycle_5","t0-24",-373.237079227937,NA,NA,NA,NA,"abundance_nbinom",NA,6
"virus_comp_2475_cycle_5","virus_comp_2475_cycle_5","t0-30",1.40595923173737,NA,NA,NA,NA,"abundance_nbinom",NA,6
"virus_comp_2475_cycle_5","virus_comp_2475_cycle_5","t0-36",-0.648252457720814,NA,NA,NA,NA,"abundance_nbinom",NA,6
"virus_comp_2476_cycle_1","virus_comp_2476_cycle_1","t0-6",1.18628124694907,NA,NA,NA,NA,"abundance_nbinom",NA,6
"virus_comp_2476_cycle_1","virus_comp_2476_cycle_1","t0-12",7.48325718258218,NA,NA,NA,NA,"abundance_nbinom",NA,6
"virus_comp_2476_cycle_1","virus_comp_2476_cycle_1","t0-18",-106.991471777376,NA,NA,NA,NA,"abundance_nbinom",NA,6
"virus_comp_2476_cycle_1","virus_comp_2476_cycle_1","t0-24",-286.639636023783,NA,NA,NA,NA,"abundance_nbinom",NA,6
"virus_comp_2476_cycle_1","virus_comp_2476_cycle_1","t0-30",-1.27054941512598,NA,NA,NA,NA,"abundance_nbinom",NA,6
"virus_comp_2476_cycle_1","virus_comp_2476_cycle_1","t0-36",-1.57445722851043,NA,NA,NA,NA,"abundance_nbinom",NA,6
"virus_comp_2477_cycle_1","virus_comp_2477_cycle_1","t0-6",5.51108866737825,NA,NA,NA,NA,"abundance_nbinom",NA,6
"virus_comp_2477_cycle_1","virus_comp_2477_cycle_1","t0-12",-1.29633097259002,NA,NA,NA,NA,"abundance_nbinom",NA,6
"virus_comp_2477_cycle_1","virus_comp_2477_cycle_1","t0-18",-48.5111453239699,NA,NA,NA,NA,"abundance_nbinom",NA,6
"virus_comp_2477_cycle_1","virus_comp_2477_cycle_1","t0-24",-38.285265475943,NA,NA,NA,NA,"abundance_nbinom",NA,6
"virus_comp_2477_cycle_1","virus_comp_2477_cycle_1","t0-30",-0.554957007035762,NA,NA,NA,NA,"abundance_nbinom",NA,6
"virus_comp_2477_cycle_1","virus_comp_2477_cycle_1","t0-36",-0.784089548973007,NA,NA,NA,NA,"abundance_nbinom",NA,6
"virus_comp_254_cycle_1","virus_comp_254_cycle_1","t0-6",-0.58456681445393,NA,NA,NA,NA,"abundance_nbinom",NA,6
"virus_comp_254_cycle_1","virus_comp_254_cycle_1","t0-12",-2.11736512270147,NA,NA,NA,NA,"abundance_nbinom",NA,6
"virus_comp_254_cycle_1","virus_comp_254_cycle_1","t0-18",-0.120681274535894,NA,NA,NA,NA,"abundance_nbinom",NA,6
"virus_comp_254_cycle_1","virus_comp_254_cycle_1","t0-24",-0.177648844572176,NA,NA,NA,NA,"abundance_nbinom",NA,6
"virus_comp_254_cycle_1","virus_comp_254_cycle_1","t0-30",-0.738091268301016,NA,NA,NA,NA,"abundance_nbinom",NA,6
"virus_comp_254_cycle_1","virus_comp_254_cycle_1","t0-36",-0.163461358075258,NA,NA,NA,NA,"abundance_nbinom",NA,6
"virus_comp_2664_cycle_1","virus_comp_2664_cycle_1","t0-6",-83.6859007241786,NA,NA,NA,NA,"abundance_nbinom",NA,6
"virus_comp_2664_cycle_1","virus_comp_2664_cycle_1","t0-12",-9.1042947981549,NA,NA,NA,NA,"abundance_nbinom",NA,6
"virus_comp_2664_cycle_1","virus_comp_2664_cycle_1","t0-18",-1.10706482388822,NA,NA,NA,NA,"abundance_nbinom",NA,6
"virus_comp_2664_cycle_1","virus_comp_2664_cycle_1","t0-24",0.0577279728140888,NA,NA,NA,NA,"abundance_nbinom",NA,6
"virus_comp_2664_cycle_1","virus_comp_2664_cycle_1","t0-30",-10.7324528122996,NA,NA,NA,NA,"abundance_nbinom",NA,6
"virus_comp_2664_cycle_1","virus_comp_2664_cycle_1","t0-36",-1.30203190450096,NA,NA,NA,NA,"abundance_nbinom",NA,6
"virus_comp_280_cycle_1","virus_comp_280_cycle_1","t0-6",-6.4303759922962,150.341361252362,0.965883415345226,-301.094029433652,288.23327744906,"abundance_nbinom",0.999987249947606,6
"virus_comp_280_cycle_1","virus_comp_280_cycle_1","t0-12",-8.11369547361982,92362.2586530475,0.999929908683097,-181034.81418622,181018.586795272,"abundance_nbinom",0.999987249947606,6
"virus_comp_280_cycle_1","virus_comp_280_cycle_1","t0-18",-0.440807187064964,3343.17350191341,0.999894796591433,-6552.94046500599,6552.05885063186,"abundance_nbinom",0.999987249947606,6
"virus_comp_280_cycle_1","virus_comp_280_cycle_1","t0-24",-0.222363665708031,13915.2789539309,0.999987249947606,-27273.6679481985,27273.2232208671,"abundance_nbinom",0.999987249947606,6
"virus_comp_280_cycle_1","virus_comp_280_cycle_1","t0-30",1.15724410130778,238.041065963267,0.996121074484982,-465.394672028219,467.709160230834,"abundance_nbinom",0.999987249947606,6
"virus_comp_280_cycle_1","virus_comp_280_cycle_1","t0-36",3.66417256369314,282.063613324764,0.989635300860694,-549.170350902076,556.498696029462,"abundance_nbinom",0.999987249947606,6
"virus_comp_315_cycle_1","virus_comp_315_cycle_1","t0-6",-7.78705463139516,NA,NA,NA,NA,"abundance_nbinom",NA,6
"virus_comp_315_cycle_1","virus_comp_315_cycle_1","t0-12",12.3939646361402,NA,NA,NA,NA,"abundance_nbinom",NA,6
"virus_comp_315_cycle_1","virus_comp_315_cycle_1","t0-18",-0.780821903835678,NA,NA,NA,NA,"abundance_nbinom",NA,6
"virus_comp_315_cycle_1","virus_comp_315_cycle_1","t0-24",-0.0365044524906573,NA,NA,NA,NA,"abundance_nbinom",NA,6
"virus_comp_315_cycle_1","virus_comp_315_cycle_1","t0-30",52.2103008281072,NA,NA,NA,NA,"abundance_nbinom",NA,6
"virus_comp_315_cycle_1","virus_comp_315_cycle_1","t0-36",29.1073535237353,NA,NA,NA,NA,"abundance_nbinom",NA,6
"virus_comp_3464_cycle_1","virus_comp_3464_cycle_1","t0-6",38.9865655417403,NA,NA,NA,NA,"abundance_nbinom",NA,6
"virus_comp_3464_cycle_1","virus_comp_3464_cycle_1","t0-12",-70.2052907577069,NA,NA,NA,NA,"abundance_nbinom",NA,6
"virus_comp_3464_cycle_1","virus_comp_3464_cycle_1","t0-18",-1.13626855239702,NA,NA,NA,NA,"abundance_nbinom",NA,6
"virus_comp_3464_cycle_1","virus_comp_3464_cycle_1","t0-24",-0.166100624380527,NA,NA,NA,NA,"abundance_nbinom",NA,6
"virus_comp_3464_cycle_1","virus_comp_3464_cycle_1","t0-30",80.8927906250418,NA,NA,NA,NA,"abundance_nbinom",NA,6
"virus_comp_3464_cycle_1","virus_comp_3464_cycle_1","t0-36",79.0642083653139,NA,NA,NA,NA,"abundance_nbinom",NA,6
"virus_comp_3571_cycle_1","virus_comp_3571_cycle_1","t0-6",-0.124348863791798,NA,NA,NA,NA,"abundance_nbinom",NA,6
"virus_comp_3571_cycle_1","virus_comp_3571_cycle_1","t0-12",-0.689189419329275,NA,NA,NA,NA,"abundance_nbinom",NA,6
"virus_comp_3571_cycle_1","virus_comp_3571_cycle_1","t0-18",-0.0312007393834893,NA,NA,NA,NA,"abundance_nbinom",NA,6
"virus_comp_3571_cycle_1","virus_comp_3571_cycle_1","t0-24",-0.0430614897845525,NA,NA,NA,NA,"abundance_nbinom",NA,6
"virus_comp_3571_cycle_1","virus_comp_3571_cycle_1","t0-30",-3.58357748015034,NA,NA,NA,NA,"abundance_nbinom",NA,6
"virus_comp_3571_cycle_1","virus_comp_3571_cycle_1","t0-36",-0.0791594941213869,NA,NA,NA,NA,"abundance_nbinom",NA,6
"virus_comp_3629_cycle_1","virus_comp_3629_cycle_1","t0-6",-28.9359368274241,NA,NA,NA,NA,"abundance_nbinom",NA,6
"virus_comp_3629_cycle_1","virus_comp_3629_cycle_1","t0-12",-37.4162367216077,NA,NA,NA,NA,"abundance_nbinom",NA,6
"virus_comp_3629_cycle_1","virus_comp_3629_cycle_1","t0-18",-33.4282635719115,NA,NA,NA,NA,"abundance_nbinom",NA,6
"virus_comp_3629_cycle_1","virus_comp_3629_cycle_1","t0-24",0.128336824104317,NA,NA,NA,NA,"abundance_nbinom",NA,6
"virus_comp_3629_cycle_1","virus_comp_3629_cycle_1","t0-30",-4.47583168815792,NA,NA,NA,NA,"abundance_nbinom",NA,6
"virus_comp_3629_cycle_1","virus_comp_3629_cycle_1","t0-36",-1.21675737638471,NA,NA,NA,NA,"abundance_nbinom",NA,6
"virus_comp_4251_cycle_1","virus_comp_4251_cycle_1","t0-6",2.06562144441608,NA,NA,NA,NA,"abundance_nbinom",NA,6
"virus_comp_4251_cycle_1","virus_comp_4251_cycle_1","t0-12",-75.2388907853564,NA,NA,NA,NA,"abundance_nbinom",NA,6
"virus_comp_4251_cycle_1","virus_comp_4251_cycle_1","t0-18",-14.8884805724127,NA,NA,NA,NA,"abundance_nbinom",NA,6
"virus_comp_4251_cycle_1","virus_comp_4251_cycle_1","t0-24",0.131230201636587,NA,NA,NA,NA,"abundance_nbinom",NA,6
"virus_comp_4251_cycle_1","virus_comp_4251_cycle_1","t0-30",-4.33097907109889,NA,NA,NA,NA,"abundance_nbinom",NA,6
"virus_comp_4251_cycle_1","virus_comp_4251_cycle_1","t0-36",-0.413826976903707,NA,NA,NA,NA,"abundance_nbinom",NA,6
"virus_comp_4442_cycle_1","virus_comp_4442_cycle_1","t0-6",-11.7260026115217,NA,NA,NA,NA,"abundance_nbinom",NA,6
"virus_comp_4442_cycle_1","virus_comp_4442_cycle_1","t0-12",-150.059124970995,NA,NA,NA,NA,"abundance_nbinom",NA,6
"virus_comp_4442_cycle_1","virus_comp_4442_cycle_1","t0-18",-23.1514523737146,NA,NA,NA,NA,"abundance_nbinom",NA,6
"virus_comp_4442_cycle_1","virus_comp_4442_cycle_1","t0-24",0.0479470272495837,NA,NA,NA,NA,"abundance_nbinom",NA,6
"virus_comp_4442_cycle_1","virus_comp_4442_cycle_1","t0-30",-2.19286739096504,NA,NA,NA,NA,"abundance_nbinom",NA,6
"virus_comp_4442_cycle_1","virus_comp_4442_cycle_1","t0-36",-7.3382862876764,NA,NA,NA,NA,"abundance_nbinom",NA,6
"virus_comp_491_cycle_1","virus_comp_491_cycle_1","t0-6",-167.25542642371,NA,NA,NA,NA,"abundance_nbinom",NA,6
"virus_comp_491_cycle_1","virus_comp_491_cycle_1","t0-12",-27.5095921126636,NA,NA,NA,NA,"abundance_nbinom",NA,6
"virus_comp_491_cycle_1","virus_comp_491_cycle_1","t0-18",1.57285850838833,NA,NA,NA,NA,"abundance_nbinom",NA,6
"virus_comp_491_cycle_1","virus_comp_491_cycle_1","t0-24",-0.359486160187533,NA,NA,NA,NA,"abundance_nbinom",NA,6
"virus_comp_491_cycle_1","virus_comp_491_cycle_1","t0-30",-10.4754308741999,NA,NA,NA,NA,"abundance_nbinom",NA,6
"virus_comp_491_cycle_1","virus_comp_491_cycle_1","t0-36",-12.4450983709805,NA,NA,NA,NA,"abundance_nbinom",NA,6
"virus_comp_5023_cycle_1","virus_comp_5023_cycle_1","t0-6",-0.941024481540507,NA,NA,NA,NA,"abundance_nbinom",NA,6
"virus_comp_5023_cycle_1","virus_comp_5023_cycle_1","t0-12",-37.2963140865375,NA,NA,NA,NA,"abundance_nbinom",NA,6
"virus_comp_5023_cycle_1","virus_comp_5023_cycle_1","t0-18",-1.28940131838115,NA,NA,NA,NA,"abundance_nbinom",NA,6
"virus_comp_5023_cycle_1","virus_comp_5023_cycle_1","t0-24",-0.527375338122047,NA,NA,NA,NA,"abundance_nbinom",NA,6
"virus_comp_5023_cycle_1","virus_comp_5023_cycle_1","t0-30",-22.5519594866709,NA,NA,NA,NA,"abundance_nbinom",NA,6
"virus_comp_5023_cycle_1","virus_comp_5023_cycle_1","t0-36",-1.54920016752323,NA,NA,NA,NA,"abundance_nbinom",NA,6
"virus_comp_5117_cycle_1","virus_comp_5117_cycle_1","t0-6",3.18155633628087,NA,NA,NA,NA,"abundance_nbinom",NA,6
"virus_comp_5117_cycle_1","virus_comp_5117_cycle_1","t0-12",-12.440346408563,NA,NA,NA,NA,"abundance_nbinom",NA,6
"virus_comp_5117_cycle_1","virus_comp_5117_cycle_1","t0-18",-4.04149229435579,NA,NA,NA,NA,"abundance_nbinom",NA,6
"virus_comp_5117_cycle_1","virus_comp_5117_cycle_1","t0-24",-1.60719143337458,NA,NA,NA,NA,"abundance_nbinom",NA,6
"virus_comp_5117_cycle_1","virus_comp_5117_cycle_1","t0-30",-127.886563149825,NA,NA,NA,NA,"abundance_nbinom",NA,6
"virus_comp_5117_cycle_1","virus_comp_5117_cycle_1","t0-36",-13.1735862438257,NA,NA,NA,NA,"abundance_nbinom",NA,6
"virus_comp_5225_cycle_1","virus_comp_5225_cycle_1","t0-6",25.6847295233441,NA,NA,NA,NA,"abundance_nbinom",NA,6
"virus_comp_5225_cycle_1","virus_comp_5225_cycle_1","t0-12",-16.4526380846183,NA,NA,NA,NA,"abundance_nbinom",NA,6
"virus_comp_5225_cycle_1","virus_comp_5225_cycle_1","t0-18",-9.9768688200321,NA,NA,NA,NA,"abundance_nbinom",NA,6
"virus_comp_5225_cycle_1","virus_comp_5225_cycle_1","t0-24",-2.56438713083507,NA,NA,NA,NA,"abundance_nbinom",NA,6
"virus_comp_5225_cycle_1","virus_comp_5225_cycle_1","t0-30",-8.77694295780782,NA,NA,NA,NA,"abundance_nbinom",NA,6
"virus_comp_5225_cycle_1","virus_comp_5225_cycle_1","t0-36",-3.11426433329854,NA,NA,NA,NA,"abundance_nbinom",NA,6
"virus_comp_54_cycle_1","virus_comp_54_cycle_1","t0-6",-38.3216647840044,NA,NA,NA,NA,"abundance_nbinom",NA,6
"virus_comp_54_cycle_1","virus_comp_54_cycle_1","t0-12",31.9599338328336,NA,NA,NA,NA,"abundance_nbinom",NA,6
"virus_comp_54_cycle_1","virus_comp_54_cycle_1","t0-18",32.8576275676935,NA,NA,NA,NA,"abundance_nbinom",NA,6
"virus_comp_54_cycle_1","virus_comp_54_cycle_1","t0-24",-14.5958641287154,NA,NA,NA,NA,"abundance_nbinom",NA,6
"virus_comp_54_cycle_1","virus_comp_54_cycle_1","t0-30",9.03049902789795,NA,NA,NA,NA,"abundance_nbinom",NA,6
"virus_comp_54_cycle_1","virus_comp_54_cycle_1","t0-36",-15.6994519826404,NA,NA,NA,NA,"abundance_nbinom",NA,6
"virus_comp_545_cycle_1","virus_comp_545_cycle_1","t0-6",36.0400907075762,NA,NA,NA,NA,"abundance_nbinom",NA,6
"virus_comp_545_cycle_1","virus_comp_545_cycle_1","t0-12",-27.6684943241633,NA,NA,NA,NA,"abundance_nbinom",NA,6
"virus_comp_545_cycle_1","virus_comp_545_cycle_1","t0-18",-12.4745525397321,NA,NA,NA,NA,"abundance_nbinom",NA,6
"virus_comp_545_cycle_1","virus_comp_545_cycle_1","t0-24",0.030386125037578,NA,NA,NA,NA,"abundance_nbinom",NA,6
"virus_comp_545_cycle_1","virus_comp_545_cycle_1","t0-30",-20.812170249913,NA,NA,NA,NA,"abundance_nbinom",NA,6
"virus_comp_545_cycle_1","virus_comp_545_cycle_1","t0-36",-34.4749834659521,NA,NA,NA,NA,"abundance_nbinom",NA,6
"virus_comp_5552_cycle_1","virus_comp_5552_cycle_1","t0-6",-2.43064473070386,NA,NA,NA,NA,"abundance_nbinom",NA,6
"virus_comp_5552_cycle_1","virus_comp_5552_cycle_1","t0-12",-26.3945298006858,NA,NA,NA,NA,"abundance_nbinom",NA,6
"virus_comp_5552_cycle_1","virus_comp_5552_cycle_1","t0-18",-43.8489058152933,NA,NA,NA,NA,"abundance_nbinom",NA,6
"virus_comp_5552_cycle_1","virus_comp_5552_cycle_1","t0-24",0.614753984488504,NA,NA,NA,NA,"abundance_nbinom",NA,6
"virus_comp_5552_cycle_1","virus_comp_5552_cycle_1","t0-30",-50.5801796594264,NA,NA,NA,NA,"abundance_nbinom",NA,6
"virus_comp_5552_cycle_1","virus_comp_5552_cycle_1","t0-36",-20.967900651387,NA,NA,NA,NA,"abundance_nbinom",NA,6
"virus_comp_586_cycle_1","virus_comp_586_cycle_1","t0-6",11.609330684468,NA,NA,NA,NA,"abundance_nbinom",NA,6
"virus_comp_586_cycle_1","virus_comp_586_cycle_1","t0-12",-80.6514265053888,NA,NA,NA,NA,"abundance_nbinom",NA,6
"virus_comp_586_cycle_1","virus_comp_586_cycle_1","t0-18",4.56593075802998,NA,NA,NA,NA,"abundance_nbinom",NA,6
"virus_comp_586_cycle_1","virus_comp_586_cycle_1","t0-24",0.0222767711708162,NA,NA,NA,NA,"abundance_nbinom",NA,6
"virus_comp_586_cycle_1","virus_comp_586_cycle_1","t0-30",-23.459382861082,NA,NA,NA,NA,"abundance_nbinom",NA,6
"virus_comp_586_cycle_1","virus_comp_586_cycle_1","t0-36",-15.2525638071872,NA,NA,NA,NA,"abundance_nbinom",NA,6
"virus_comp_6059_cycle_1","virus_comp_6059_cycle_1","t0-6",37.5419303567643,NA,NA,NA,NA,"abundance_nbinom",NA,6
"virus_comp_6059_cycle_1","virus_comp_6059_cycle_1","t0-12",-27.9826405388073,NA,NA,NA,NA,"abundance_nbinom",NA,6
"virus_comp_6059_cycle_1","virus_comp_6059_cycle_1","t0-18",-12.3373242877423,NA,NA,NA,NA,"abundance_nbinom",NA,6
"virus_comp_6059_cycle_1","virus_comp_6059_cycle_1","t0-24",0.0374063520161668,NA,NA,NA,NA,"abundance_nbinom",NA,6
"virus_comp_6059_cycle_1","virus_comp_6059_cycle_1","t0-30",-20.8950332256303,NA,NA,NA,NA,"abundance_nbinom",NA,6
"virus_comp_6059_cycle_1","virus_comp_6059_cycle_1","t0-36",-36.0839824815111,NA,NA,NA,NA,"abundance_nbinom",NA,6
"virus_comp_637_cycle_1","virus_comp_637_cycle_1","t0-6",-2.22405003711793,NA,NA,NA,NA,"abundance_nbinom",NA,6
"virus_comp_637_cycle_1","virus_comp_637_cycle_1","t0-12",-3.02061618150146,NA,NA,NA,NA,"abundance_nbinom",NA,6
"virus_comp_637_cycle_1","virus_comp_637_cycle_1","t0-18",-6.86162731413998,NA,NA,NA,NA,"abundance_nbinom",NA,6
"virus_comp_637_cycle_1","virus_comp_637_cycle_1","t0-24",-0.048746801434417,NA,NA,NA,NA,"abundance_nbinom",NA,6
"virus_comp_637_cycle_1","virus_comp_637_cycle_1","t0-30",-1.04603112760831,NA,NA,NA,NA,"abundance_nbinom",NA,6
"virus_comp_637_cycle_1","virus_comp_637_cycle_1","t0-36",-1.272921930813,NA,NA,NA,NA,"abundance_nbinom",NA,6
"virus_comp_6408_cycle_1","virus_comp_6408_cycle_1","t0-6",-5.1299129396632,NA,NA,NA,NA,"abundance_nbinom",NA,6
"virus_comp_6408_cycle_1","virus_comp_6408_cycle_1","t0-12",-14.9679856761018,NA,NA,NA,NA,"abundance_nbinom",NA,6
"virus_comp_6408_cycle_1","virus_comp_6408_cycle_1","t0-18",-40.9350622271399,NA,NA,NA,NA,"abundance_nbinom",NA,6
"virus_comp_6408_cycle_1","virus_comp_6408_cycle_1","t0-24",0.0311891101742457,NA,NA,NA,NA,"abundance_nbinom",NA,6
"virus_comp_6408_cycle_1","virus_comp_6408_cycle_1","t0-30",-95.9645168577536,NA,NA,NA,NA,"abundance_nbinom",NA,6
"virus_comp_6408_cycle_1","virus_comp_6408_cycle_1","t0-36",-18.7359065693743,NA,NA,NA,NA,"abundance_nbinom",NA,6
"virus_comp_6559_cycle_1","virus_comp_6559_cycle_1","t0-6",16.5962070987028,NA,NA,NA,NA,"abundance_nbinom",NA,6
"virus_comp_6559_cycle_1","virus_comp_6559_cycle_1","t0-12",20.567459564392,NA,NA,NA,NA,"abundance_nbinom",NA,6
"virus_comp_6559_cycle_1","virus_comp_6559_cycle_1","t0-18",-11.9385725016106,NA,NA,NA,NA,"abundance_nbinom",NA,6
"virus_comp_6559_cycle_1","virus_comp_6559_cycle_1","t0-24",-1.29815566730761,NA,NA,NA,NA,"abundance_nbinom",NA,6
"virus_comp_6559_cycle_1","virus_comp_6559_cycle_1","t0-30",-9.14923576008163,NA,NA,NA,NA,"abundance_nbinom",NA,6
"virus_comp_6559_cycle_1","virus_comp_6559_cycle_1","t0-36",-3.73629776385062,NA,NA,NA,NA,"abundance_nbinom",NA,6
"virus_comp_684_cycle_1","virus_comp_684_cycle_1","t0-6",1.77632701894277,NA,NA,NA,NA,"abundance_nbinom",NA,6
"virus_comp_684_cycle_1","virus_comp_684_cycle_1","t0-12",-3.61461410549479,NA,NA,NA,NA,"abundance_nbinom",NA,6
"virus_comp_684_cycle_1","virus_comp_684_cycle_1","t0-18",-1.37106051393152,NA,NA,NA,NA,"abundance_nbinom",NA,6
"virus_comp_684_cycle_1","virus_comp_684_cycle_1","t0-24",-0.179436390920782,NA,NA,NA,NA,"abundance_nbinom",NA,6
"virus_comp_684_cycle_1","virus_comp_684_cycle_1","t0-30",-10.0376181810174,NA,NA,NA,NA,"abundance_nbinom",NA,6
"virus_comp_684_cycle_1","virus_comp_684_cycle_1","t0-36",0.514315680087624,NA,NA,NA,NA,"abundance_nbinom",NA,6
"virus_comp_6916_cycle_1","virus_comp_6916_cycle_1","t0-6",40.6954052971366,NA,NA,NA,NA,"abundance_nbinom",NA,6
"virus_comp_6916_cycle_1","virus_comp_6916_cycle_1","t0-12",-28.3863551121724,NA,NA,NA,NA,"abundance_nbinom",NA,6
"virus_comp_6916_cycle_1","virus_comp_6916_cycle_1","t0-18",-0.373400543433193,NA,NA,NA,NA,"abundance_nbinom",NA,6
"virus_comp_6916_cycle_1","virus_comp_6916_cycle_1","t0-24",0.00394095047727107,NA,NA,NA,NA,"abundance_nbinom",NA,6
"virus_comp_6916_cycle_1","virus_comp_6916_cycle_1","t0-30",67.7862682531084,NA,NA,NA,NA,"abundance_nbinom",NA,6
"virus_comp_6916_cycle_1","virus_comp_6916_cycle_1","t0-36",63.2708932373992,NA,NA,NA,NA,"abundance_nbinom",NA,6
"virus_comp_7041_cycle_1","virus_comp_7041_cycle_1","t0-6",22.9001196030921,NA,NA,NA,NA,"abundance_nbinom",NA,6
"virus_comp_7041_cycle_1","virus_comp_7041_cycle_1","t0-12",-15.6490771888527,NA,NA,NA,NA,"abundance_nbinom",NA,6
"virus_comp_7041_cycle_1","virus_comp_7041_cycle_1","t0-18",-12.3261663353986,NA,NA,NA,NA,"abundance_nbinom",NA,6
"virus_comp_7041_cycle_1","virus_comp_7041_cycle_1","t0-24",-0.0221154924969885,NA,NA,NA,NA,"abundance_nbinom",NA,6
"virus_comp_7041_cycle_1","virus_comp_7041_cycle_1","t0-30",38.8120234344729,NA,NA,NA,NA,"abundance_nbinom",NA,6
"virus_comp_7041_cycle_1","virus_comp_7041_cycle_1","t0-36",-1.45984900831298,NA,NA,NA,NA,"abundance_nbinom",NA,6
"virus_comp_7214_cycle_1","virus_comp_7214_cycle_1","t0-6",-20.0536983614861,NA,NA,NA,NA,"abundance_nbinom",NA,6
"virus_comp_7214_cycle_1","virus_comp_7214_cycle_1","t0-12",-5.86457432756216,NA,NA,NA,NA,"abundance_nbinom",NA,6
"virus_comp_7214_cycle_1","virus_comp_7214_cycle_1","t0-18",-43.2201805770846,NA,NA,NA,NA,"abundance_nbinom",NA,6
"virus_comp_7214_cycle_1","virus_comp_7214_cycle_1","t0-24",-46.9279426260829,NA,NA,NA,NA,"abundance_nbinom",NA,6
"virus_comp_7214_cycle_1","virus_comp_7214_cycle_1","t0-30",-3.61857799096852,NA,NA,NA,NA,"abundance_nbinom",NA,6
"virus_comp_7214_cycle_1","virus_comp_7214_cycle_1","t0-36",0.5812098240647,NA,NA,NA,NA,"abundance_nbinom",NA,6
"virus_comp_73_cycle_1","virus_comp_73_cycle_1","t0-6",-0.0605197042941845,NA,NA,NA,NA,"abundance_nbinom",NA,6
"virus_comp_73_cycle_1","virus_comp_73_cycle_1","t0-12",-16.433101077751,NA,NA,NA,NA,"abundance_nbinom",NA,6
"virus_comp_73_cycle_1","virus_comp_73_cycle_1","t0-18",-5.9892788147598,NA,NA,NA,NA,"abundance_nbinom",NA,6
"virus_comp_73_cycle_1","virus_comp_73_cycle_1","t0-24",-0.00074212257318618,NA,NA,NA,NA,"abundance_nbinom",NA,6
"virus_comp_73_cycle_1","virus_comp_73_cycle_1","t0-30",42.2973974870167,NA,NA,NA,NA,"abundance_nbinom",NA,6
"virus_comp_73_cycle_1","virus_comp_73_cycle_1","t0-36",-0.149558149213216,NA,NA,NA,NA,"abundance_nbinom",NA,6
"virus_comp_7718_cycle_1","virus_comp_7718_cycle_1","t0-6",-69.5249491071335,NA,NA,NA,NA,"abundance_nbinom",NA,6
"virus_comp_7718_cycle_1","virus_comp_7718_cycle_1","t0-12",-64.9528059196324,NA,NA,NA,NA,"abundance_nbinom",NA,6
"virus_comp_7718_cycle_1","virus_comp_7718_cycle_1","t0-18",-56.3065259384067,NA,NA,NA,NA,"abundance_nbinom",NA,6
"virus_comp_7718_cycle_1","virus_comp_7718_cycle_1","t0-24",0.511107579663044,NA,NA,NA,NA,"abundance_nbinom",NA,6
"virus_comp_7718_cycle_1","virus_comp_7718_cycle_1","t0-30",-11.3363396103663,NA,NA,NA,NA,"abundance_nbinom",NA,6
"virus_comp_7718_cycle_1","virus_comp_7718_cycle_1","t0-36",-6.89973025906019,NA,NA,NA,NA,"abundance_nbinom",NA,6
"virus_comp_778_cycle_1","virus_comp_778_cycle_1","t0-6",1.33607469681881,NA,NA,NA,NA,"abundance_nbinom",NA,6
"virus_comp_778_cycle_1","virus_comp_778_cycle_1","t0-12",-13.7181381444803,NA,NA,NA,NA,"abundance_nbinom",NA,6
"virus_comp_778_cycle_1","virus_comp_778_cycle_1","t0-18",0.0205790740428238,NA,NA,NA,NA,"abundance_nbinom",NA,6
"virus_comp_778_cycle_1","virus_comp_778_cycle_1","t0-24",0.097604668878891,NA,NA,NA,NA,"abundance_nbinom",NA,6
"virus_comp_778_cycle_1","virus_comp_778_cycle_1","t0-30",-4.35624899831655,NA,NA,NA,NA,"abundance_nbinom",NA,6
"virus_comp_778_cycle_1","virus_comp_778_cycle_1","t0-36",-1.66808413256859,NA,NA,NA,NA,"abundance_nbinom",NA,6
"virus_comp_7974_cycle_1","virus_comp_7974_cycle_1","t0-6",-2.29933566796343,NA,NA,NA,NA,"abundance_nbinom",NA,6
"virus_comp_7974_cycle_1","virus_comp_7974_cycle_1","t0-12",-33.3055597837749,NA,NA,NA,NA,"abundance_nbinom",NA,6
"virus_comp_7974_cycle_1","virus_comp_7974_cycle_1","t0-18",-31.2519211060065,NA,NA,NA,NA,"abundance_nbinom",NA,6
"virus_comp_7974_cycle_1","virus_comp_7974_cycle_1","t0-24",-0.554112832525858,NA,NA,NA,NA,"abundance_nbinom",NA,6
"virus_comp_7974_cycle_1","virus_comp_7974_cycle_1","t0-30",100.946707182645,NA,NA,NA,NA,"abundance_nbinom",NA,6
"virus_comp_7974_cycle_1","virus_comp_7974_cycle_1","t0-36",-6.99725612046368,NA,NA,NA,NA,"abundance_nbinom",NA,6
"virus_comp_808_cycle_4","virus_comp_808_cycle_4","t0-6",46.559365485525,NA,NA,NA,NA,"abundance_nbinom",NA,6
"virus_comp_808_cycle_4","virus_comp_808_cycle_4","t0-12",-82.0968867361015,NA,NA,NA,NA,"abundance_nbinom",NA,6
"virus_comp_808_cycle_4","virus_comp_808_cycle_4","t0-18",0.0395923369498444,NA,NA,NA,NA,"abundance_nbinom",NA,6
"virus_comp_808_cycle_4","virus_comp_808_cycle_4","t0-24",0.136319487648126,NA,NA,NA,NA,"abundance_nbinom",NA,6
"virus_comp_808_cycle_4","virus_comp_808_cycle_4","t0-30",72.7904487062298,NA,NA,NA,NA,"abundance_nbinom",NA,6
"virus_comp_808_cycle_4","virus_comp_808_cycle_4","t0-36",69.9306219638776,NA,NA,NA,NA,"abundance_nbinom",NA,6
"virus_comp_809_cycle_1","virus_comp_809_cycle_1","t0-6",-3.44825974032436,NA,NA,NA,NA,"abundance_nbinom",NA,6
"virus_comp_809_cycle_1","virus_comp_809_cycle_1","t0-12",-88.7757585802273,NA,NA,NA,NA,"abundance_nbinom",NA,6
"virus_comp_809_cycle_1","virus_comp_809_cycle_1","t0-18",-0.540285735408579,NA,NA,NA,NA,"abundance_nbinom",NA,6
"virus_comp_809_cycle_1","virus_comp_809_cycle_1","t0-24",-0.0575888363275496,NA,NA,NA,NA,"abundance_nbinom",NA,6
"virus_comp_809_cycle_1","virus_comp_809_cycle_1","t0-30",85.5115144931369,NA,NA,NA,NA,"abundance_nbinom",NA,6
"virus_comp_809_cycle_1","virus_comp_809_cycle_1","t0-36",82.0227539787142,NA,NA,NA,NA,"abundance_nbinom",NA,6
"virus_comp_810_cycle_1","virus_comp_810_cycle_1","t0-6",132.29053161568,NA,NA,NA,NA,"abundance_nbinom",NA,6
"virus_comp_810_cycle_1","virus_comp_810_cycle_1","t0-12",-112.211675348592,NA,NA,NA,NA,"abundance_nbinom",NA,6
"virus_comp_810_cycle_1","virus_comp_810_cycle_1","t0-18",0.502470806274492,NA,NA,NA,NA,"abundance_nbinom",NA,6
"virus_comp_810_cycle_1","virus_comp_810_cycle_1","t0-24",0.0494593417569594,NA,NA,NA,NA,"abundance_nbinom",NA,6
"virus_comp_810_cycle_1","virus_comp_810_cycle_1","t0-30",73.7431185590934,NA,NA,NA,NA,"abundance_nbinom",NA,6
"virus_comp_810_cycle_1","virus_comp_810_cycle_1","t0-36",65.2017431574813,NA,NA,NA,NA,"abundance_nbinom",NA,6
"virus_comp_8200_cycle_1","virus_comp_8200_cycle_1","t0-6",-22.5437085914723,NA,NA,NA,NA,"abundance_nbinom",NA,6
"virus_comp_8200_cycle_1","virus_comp_8200_cycle_1","t0-12",-20.1333743915463,NA,NA,NA,NA,"abundance_nbinom",NA,6
"virus_comp_8200_cycle_1","virus_comp_8200_cycle_1","t0-18",-67.8309928284743,NA,NA,NA,NA,"abundance_nbinom",NA,6
"virus_comp_8200_cycle_1","virus_comp_8200_cycle_1","t0-24",-1.10599194878862,NA,NA,NA,NA,"abundance_nbinom",NA,6
"virus_comp_8200_cycle_1","virus_comp_8200_cycle_1","t0-30",-68.7260360381956,NA,NA,NA,NA,"abundance_nbinom",NA,6
"virus_comp_8200_cycle_1","virus_comp_8200_cycle_1","t0-36",-4.46289289473105,NA,NA,NA,NA,"abundance_nbinom",NA,6
"virus_comp_8241_cycle_1","virus_comp_8241_cycle_1","t0-6",-1.88562786720337,NA,NA,NA,NA,"abundance_nbinom",NA,6
"virus_comp_8241_cycle_1","virus_comp_8241_cycle_1","t0-12",-28.591826242286,NA,NA,NA,NA,"abundance_nbinom",NA,6
"virus_comp_8241_cycle_1","virus_comp_8241_cycle_1","t0-18",-25.7162903216926,NA,NA,NA,NA,"abundance_nbinom",NA,6
"virus_comp_8241_cycle_1","virus_comp_8241_cycle_1","t0-24",-0.301060220637115,NA,NA,NA,NA,"abundance_nbinom",NA,6
"virus_comp_8241_cycle_1","virus_comp_8241_cycle_1","t0-30",80.852988740846,NA,NA,NA,NA,"abundance_nbinom",NA,6
"virus_comp_8241_cycle_1","virus_comp_8241_cycle_1","t0-36",-6.93603715294257,NA,NA,NA,NA,"abundance_nbinom",NA,6
"virus_comp_8506_cycle_1","virus_comp_8506_cycle_1","t0-6",-15.0962598500502,NA,NA,NA,NA,"abundance_nbinom",NA,6
"virus_comp_8506_cycle_1","virus_comp_8506_cycle_1","t0-12",-63.1509336773427,NA,NA,NA,NA,"abundance_nbinom",NA,6
"virus_comp_8506_cycle_1","virus_comp_8506_cycle_1","t0-18",-17.0277137321761,NA,NA,NA,NA,"abundance_nbinom",NA,6
"virus_comp_8506_cycle_1","virus_comp_8506_cycle_1","t0-24",0.0421238592249736,NA,NA,NA,NA,"abundance_nbinom",NA,6
"virus_comp_8506_cycle_1","virus_comp_8506_cycle_1","t0-30",-5.64368909371748,NA,NA,NA,NA,"abundance_nbinom",NA,6
"virus_comp_8506_cycle_1","virus_comp_8506_cycle_1","t0-36",-0.642230287575794,NA,NA,NA,NA,"abundance_nbinom",NA,6
"virus_comp_86_cycle_1","virus_comp_86_cycle_1","t0-6",51.7868164324026,NA,NA,NA,NA,"abundance_nbinom",NA,6
"virus_comp_86_cycle_1","virus_comp_86_cycle_1","t0-12",-14.3022367443044,NA,NA,NA,NA,"abundance_nbinom",NA,6
"virus_comp_86_cycle_1","virus_comp_86_cycle_1","t0-18",-22.7855098561626,NA,NA,NA,NA,"abundance_nbinom",NA,6
"virus_comp_86_cycle_1","virus_comp_86_cycle_1","t0-24",-41.4815708767019,NA,NA,NA,NA,"abundance_nbinom",NA,6
"virus_comp_86_cycle_1","virus_comp_86_cycle_1","t0-30",83.2392173531587,NA,NA,NA,NA,"abundance_nbinom",NA,6
"virus_comp_86_cycle_1","virus_comp_86_cycle_1","t0-36",-7.13680610024979,NA,NA,NA,NA,"abundance_nbinom",NA,6
"virus_comp_873_cycle_1","virus_comp_873_cycle_1","t0-6",-28.6341065813342,NA,NA,NA,NA,"abundance_nbinom",NA,6
"virus_comp_873_cycle_1","virus_comp_873_cycle_1","t0-12",-27.7679918305594,NA,NA,NA,NA,"abundance_nbinom",NA,6
"virus_comp_873_cycle_1","virus_comp_873_cycle_1","t0-18",2.35878524784465,NA,NA,NA,NA,"abundance_nbinom",NA,6
"virus_comp_873_cycle_1","virus_comp_873_cycle_1","t0-24",2.24945899160521,NA,NA,NA,NA,"abundance_nbinom",NA,6
"virus_comp_873_cycle_1","virus_comp_873_cycle_1","t0-30",-2.37708086084279,NA,NA,NA,NA,"abundance_nbinom",NA,6
"virus_comp_873_cycle_1","virus_comp_873_cycle_1","t0-36",0.604354907787118,NA,NA,NA,NA,"abundance_nbinom",NA,6
"virus_comp_876_cycle_1","virus_comp_876_cycle_1","t0-6",-1.91312369054546,NA,NA,NA,NA,"abundance_nbinom",NA,6
"virus_comp_876_cycle_1","virus_comp_876_cycle_1","t0-12",-82.5889759171,NA,NA,NA,NA,"abundance_nbinom",NA,6
"virus_comp_876_cycle_1","virus_comp_876_cycle_1","t0-18",10.5085080466342,NA,NA,NA,NA,"abundance_nbinom",NA,6
"virus_comp_876_cycle_1","virus_comp_876_cycle_1","t0-24",12.0539892161764,NA,NA,NA,NA,"abundance_nbinom",NA,6
"virus_comp_876_cycle_1","virus_comp_876_cycle_1","t0-30",-6.52982276099266,NA,NA,NA,NA,"abundance_nbinom",NA,6
"virus_comp_876_cycle_1","virus_comp_876_cycle_1","t0-36",-3.00010115866003,NA,NA,NA,NA,"abundance_nbinom",NA,6
"virus_comp_88_cycle_1","virus_comp_88_cycle_1","t0-6",25.6712883527181,NA,NA,NA,NA,"abundance_nbinom",NA,6
"virus_comp_88_cycle_1","virus_comp_88_cycle_1","t0-12",-15.3859094123974,NA,NA,NA,NA,"abundance_nbinom",NA,6
"virus_comp_88_cycle_1","virus_comp_88_cycle_1","t0-18",-16.9032188125445,NA,NA,NA,NA,"abundance_nbinom",NA,6
"virus_comp_88_cycle_1","virus_comp_88_cycle_1","t0-24",-10.3778564471131,NA,NA,NA,NA,"abundance_nbinom",NA,6
"virus_comp_88_cycle_1","virus_comp_88_cycle_1","t0-30",69.5603846071484,NA,NA,NA,NA,"abundance_nbinom",NA,6
"virus_comp_88_cycle_1","virus_comp_88_cycle_1","t0-36",-4.50384739682625,NA,NA,NA,NA,"abundance_nbinom",NA,6
"virus_comp_911_cycle_1","virus_comp_911_cycle_1","t0-6",-1.80645098661129,NA,NA,NA,NA,"abundance_nbinom",NA,6
"virus_comp_911_cycle_1","virus_comp_911_cycle_1","t0-12",-30.5235759866114,NA,NA,NA,NA,"abundance_nbinom",NA,6
"virus_comp_911_cycle_1","virus_comp_911_cycle_1","t0-18",-27.8674469833969,NA,NA,NA,NA,"abundance_nbinom",NA,6
"virus_comp_911_cycle_1","virus_comp_911_cycle_1","t0-24",-0.464832474844266,NA,NA,NA,NA,"abundance_nbinom",NA,6
"virus_comp_911_cycle_1","virus_comp_911_cycle_1","t0-30",84.515604561272,NA,NA,NA,NA,"abundance_nbinom",NA,6
"virus_comp_911_cycle_1","virus_comp_911_cycle_1","t0-36",-5.15614328131401,NA,NA,NA,NA,"abundance_nbinom",NA,6
"virus_comp_9132_cycle_1","virus_comp_9132_cycle_1","t0-6",-3.01216967368179,NA,NA,NA,NA,"abundance_nbinom",NA,6
"virus_comp_9132_cycle_1","virus_comp_9132_cycle_1","t0-12",-43.6365079506467,NA,NA,NA,NA,"abundance_nbinom",NA,6
"virus_comp_9132_cycle_1","virus_comp_9132_cycle_1","t0-18",-35.732090975413,NA,NA,NA,NA,"abundance_nbinom",NA,6
"virus_comp_9132_cycle_1","virus_comp_9132_cycle_1","t0-24",-0.491621866822907,NA,NA,NA,NA,"abundance_nbinom",NA,6
"virus_comp_9132_cycle_1","virus_comp_9132_cycle_1","t0-30",128.116548113868,NA,NA,NA,NA,"abundance_nbinom",NA,6
"virus_comp_9132_cycle_1","virus_comp_9132_cycle_1","t0-36",-12.4692014151477,NA,NA,NA,NA,"abundance_nbinom",NA,6
"virus_comp_936_cycle_1","virus_comp_936_cycle_1","t0-6",-4.31493948526118,NA,NA,NA,NA,"abundance_nbinom",NA,6
"virus_comp_936_cycle_1","virus_comp_936_cycle_1","t0-12",2.97788078908133,NA,NA,NA,NA,"abundance_nbinom",NA,6
"virus_comp_936_cycle_1","virus_comp_936_cycle_1","t0-18",4.43460740770179,NA,NA,NA,NA,"abundance_nbinom",NA,6
"virus_comp_936_cycle_1","virus_comp_936_cycle_1","t0-24",8.45171261169442,NA,NA,NA,NA,"abundance_nbinom",NA,6
"virus_comp_936_cycle_1","virus_comp_936_cycle_1","t0-30",-6.93565351628805,NA,NA,NA,NA,"abundance_nbinom",NA,6
"virus_comp_936_cycle_1","virus_comp_936_cycle_1","t0-36",-3.25528212927657,NA,NA,NA,NA,"abundance_nbinom",NA,6
"virus_comp_9749_cycle_1","virus_comp_9749_cycle_1","t0-6",-4.44640931229674,NA,NA,NA,NA,"abundance_nbinom",NA,6
"virus_comp_9749_cycle_1","virus_comp_9749_cycle_1","t0-12",-35.3230312157725,NA,NA,NA,NA,"abundance_nbinom",NA,6
"virus_comp_9749_cycle_1","virus_comp_9749_cycle_1","t0-18",-33.194841561999,NA,NA,NA,NA,"abundance_nbinom",NA,6
"virus_comp_9749_cycle_1","virus_comp_9749_cycle_1","t0-24",-0.504030062840362,NA,NA,NA,NA,"abundance_nbinom",NA,6
"virus_comp_9749_cycle_1","virus_comp_9749_cycle_1","t0-30",117.29714633646,NA,NA,NA,NA,"abundance_nbinom",NA,6
"virus_comp_9749_cycle_1","virus_comp_9749_cycle_1","t0-36",-8.22555212289627,NA,NA,NA,NA,"abundance_nbinom",NA,6
"virus_comp_9845_cycle_1","virus_comp_9845_cycle_1","t0-6",0.145131236332462,NA,NA,NA,NA,"abundance_nbinom",NA,6
"virus_comp_9845_cycle_1","virus_comp_9845_cycle_1","t0-12",-33.8117068976437,NA,NA,NA,NA,"abundance_nbinom",NA,6
"virus_comp_9845_cycle_1","virus_comp_9845_cycle_1","t0-18",-4.47034986792021,NA,NA,NA,NA,"abundance_nbinom",NA,6
"virus_comp_9845_cycle_1","virus_comp_9845_cycle_1","t0-24",-0.369637657433794,NA,NA,NA,NA,"abundance_nbinom",NA,6
"virus_comp_9845_cycle_1","virus_comp_9845_cycle_1","t0-30",-165.996189203094,NA,NA,NA,NA,"abundance_nbinom",NA,6
"virus_comp_9845_cycle_1","virus_comp_9845_cycle_1","t0-36",1.16411606233234,NA,NA,NA,NA,"abundance_nbinom",NA,6
"virus_comp_99_cycle_1","virus_comp_99_cycle_1","t0-6",-21.2275535452498,NA,NA,NA,NA,"abundance_nbinom",NA,6
"virus_comp_99_cycle_1","virus_comp_99_cycle_1","t0-12",-5.74723038909147,NA,NA,NA,NA,"abundance_nbinom",NA,6
"virus_comp_99_cycle_1","virus_comp_99_cycle_1","t0-18",-3.03701052997714,NA,NA,NA,NA,"abundance_nbinom",NA,6
"virus_comp_99_cycle_1","virus_comp_99_cycle_1","t0-24",-2.14646962629783,NA,NA,NA,NA,"abundance_nbinom",NA,6
"virus_comp_99_cycle_1","virus_comp_99_cycle_1","t0-30",-72.5947862781972,NA,NA,NA,NA,"abundance_nbinom",NA,6
"virus_comp_99_cycle_1","virus_comp_99_cycle_1","t0-36",-8.20563575748228,NA,NA,NA,NA,"abundance_nbinom",NA,6
"virus_comp_9930_cycle_1","virus_comp_9930_cycle_1","t0-6",-11.4075482114428,NA,NA,NA,NA,"abundance_nbinom",NA,6
"virus_comp_9930_cycle_1","virus_comp_9930_cycle_1","t0-12",-71.2064921374218,NA,NA,NA,NA,"abundance_nbinom",NA,6
"virus_comp_9930_cycle_1","virus_comp_9930_cycle_1","t0-18",-44.6991980746207,NA,NA,NA,NA,"abundance_nbinom",NA,6
"virus_comp_9930_cycle_1","virus_comp_9930_cycle_1","t0-24",-0.341427226729813,NA,NA,NA,NA,"abundance_nbinom",NA,6
"virus_comp_9930_cycle_1","virus_comp_9930_cycle_1","t0-30",114.267270812301,NA,NA,NA,NA,"abundance_nbinom",NA,6
"virus_comp_9930_cycle_1","virus_comp_9930_cycle_1","t0-36",-2.78359236343274,NA,NA,NA,NA,"abundance_nbinom",NA,6
