"Dx.StatusCELIAC","onset_timeline_combinedt0.6","onset_timeline_combinedt0.12","onset_timeline_combinedt0.18","onset_timeline_combinedt0.24","onset_timeline_combinedt0.30","onset_timeline_combinedt0.36","onset_timeline_combinedt0.over42","SexMale","Age.at.Gluten.Introduction..months.","HLA.CategoryHigh.Risk","HLA.CategoryLow.No.Risk","feeding_first_yearFormula","feeding_first_yearBreastmilk_and_formula","Delivery.ModeC.Section","Dx.StatusCELIAC.onset_timeline_combinedt0.6","Dx.StatusCELIAC.onset_timeline_combinedt0.12","Dx.StatusCELIAC.onset_timeline_combinedt0.18","Dx.StatusCELIAC.onset_timeline_combinedt0.24","Dx.StatusCELIAC.onset_timeline_combinedt0.30","Dx.StatusCELIAC.onset_timeline_combinedt0.36","Dx.StatusCELIAC.onset_timeline_combinedt0.over42","AveExpr","F","P.Value","adj.P.Val","gene"
-0.190738657008351,1.67138276311828,0.619667948135192,-0.814715330064001,0.0913034309727006,0.544078139512379,1.35500366377788,-0.139685909033306,-0.286087191464421,-0.0739808680628925,-0.754554715049273,0.0384784161938206,-1.21571041926341,-1.12191123024149,-0.398840987196365,-1.90980704163454,-1.78014727220199,3.52800933335971,-2.99067894905926,-1.0505601840018,-0.0392253118531731,1.88551511656773,4.788216793488,0.891985220275863,0.60642639933674,0.791899871845009,"edge_187"
0.0740881939611154,1.79853511468916,1.17564595729117,-0.562226163399381,1.12755201175747,-0.693953965852723,1.40175111160474,0.622503708312031,1.025756918139,-0.0259150186359176,-1.4480338554401,-0.283889977413716,-2.31299908042699,-1.07301522568304,-0.00616754049340797,-0.538170532118201,-2.91635701751504,-0.00926162198224452,-3.9303365117663,0.106425643993044,-0.0848863443897775,-0.379349419490909,4.35992634023159,0.912533530601573,0.578332951346281,0.791899871845009,"edge_1980"
-0.621207562892483,1.01681640736933,0.823145746939186,-0.614101144082957,-0.444489960151949,-0.361875512883559,0.49172715844185,-0.357717059734338,0.402719263281566,-0.0863574792553551,-1.02692642977367,0.82913908632871,-2.51397506289109,-1.18710793946138,-0.410631449054494,-0.231167425975849,-2.50969583790769,2.67911751269397,-2.31136442459972,-0.1077541139237,0.889283670983246,1.56313635856679,4.30696296108491,0.967854968991342,0.503231239821129,0.791899871845009,"edge_209"
-1.32854551873385,-0.215041382773697,0.096347299756902,-1.00325725901957,0.76499643263474,1.27628482775662,1.26455599671133,-0.541599602496534,0.153189059077174,-0.0494784058952443,-0.295588639360249,1.23129835646391,-2.27502307243218,-1.00360868959928,-0.82538436925935,1.23141833473183,-1.29951397148695,0.73599962499216,-4.07599773698827,-0.131147657615963,-0.30455540952902,2.57762997478241,4.89571726780769,1.07662162470989,0.365363864808007,0.791899871845009,"edge_2658"
-0.727391614673809,-0.0486786028859059,1.1932597732254,1.7245874874192,0.725235137003494,-0.815473178498827,0.428128708664724,-0.138460791736125,0.477807753239812,-0.0339404912800016,-1.11960669487182,-0.451526232872652,-1.53416900225699,-0.7581999969378,0.119340024088137,1.713203124249,-3.30108759243202,-2.21426064076919,-3.16112533606361,1.64363590002445,1.33144287629145,0.754434181350794,4.3240128054816,0.940465896424794,0.540220158514129,0.791899871845009,"edge_305"
-0.0687183512659689,0.598971097227013,0.894405274979754,-0.340033157429458,-0.366005356024391,0.17430312371441,2.39121118718813,-0.0354422158634979,-0.157842213645981,-0.0341269490183287,-1.2496704543399,1.13051525804474,-1.66862327154529,-0.511877539096982,-0.898786601005621,1.43051491741567,-3.62516656190796,0.656477038324097,-3.22825543448388,-1.44344086845575,-1.96031909762747,-0.875620537914764,4.3979068070657,1.07065896114258,0.372407083524449,0.791899871845009,"edge_329"
-0.289681523034777,0.287803688677534,0.507151311480805,-0.70391681950578,0.294157329563207,-0.284491277886667,1.4207468414088,-0.470542254674455,-0.547031929652324,-0.0764722637505117,-1.06762057063091,0.78961687049448,-2.18331040521627,-1.06553737238955,-0.821452535653434,0.183925262661929,-3.41979837793966,1.3237725630318,-4.04230053704465,-0.948684647546516,0.1077251523446,0.552055781669527,4.55588926658639,1.13776298627891,0.297453374374292,0.791899871845009,"edge_4"
-0.522907223261079,1.07148606331972,1.65998241905748,1.17377676179113,1.68618214085305,-0.424907415778756,0.643948845273348,0.21768542308056,0.626247551985903,-0.0369428489313309,-1.12937084576573,-0.436957973310057,-1.16704313932432,-1.1062446509499,-0.138175255224293,0.785995224072252,-3.80169319596812,-0.562585523945656,-4.09185213066006,1.10722036285208,1.1355115066969,0.924946224553549,4.42481929672204,0.999333383884227,0.461567838619084,0.791899871845009,"edge_48666"
-0.0701532241506815,-0.385763980466924,0.288949735899318,-1.58112954504606,0.173670266253866,-1.02435685733342,-1.04197688776684,-1.93121736733894,-0.260116839568092,-0.0331395790356207,-0.856796962059541,-0.649652364838032,-2.32109802001409,0.694780025044693,-0.274403603033661,-0.504250931403064,-3.52501836430116,-0.502476672070887,-2.74985439282096,-0.708374510113924,0.935153612502495,-0.0574801370351133,4.75614563356068,0.846490684593329,0.668010280275161,0.836932420114857,"edge_48806"
0.909795460766814,1.57685953360926,0.813711185634309,0.481220318489182,0.635197743919982,-0.0367018309809257,1.63108079780034,-0.508452090046591,-0.162129687375264,-0.0723185631917762,-0.970836434989647,0.312468888514824,-2.58910590783243,-0.608152596365321,-0.86436876603069,-2.29158525578942,-4.60303656117379,-2.87104328224571,-4.08938468394342,-2.22316170680256,-2.03586163981502,-1.07766632189436,4.48679029582197,0.950857077535537,0.52612554156873,0.791899871845009,"edge_61"
0.173907026833995,-1.07552176564684,-0.998816055815235,-0.424247735674834,-1.5333309509865,-2.42826472507649,-3.49475015333338,-3.56314374926308,0.123949698652301,0.156446870075072,-0.0593527642751685,-0.604157804680224,-1.47054229640037,0.585268217041047,0.381774333314232,0.232917042826763,0.668569952048989,0.66482770568621,-0.727030859868262,-0.366225391958761,1.39253466656454,0.922261573601316,7.12870977797816,0.951590834842763,0.525132789202684,0.791899871845009,"virus_comp_103_cycle_1"
-1.38112019613855,-0.236256440960653,0.0183490730746437,-0.909010665889713,1.39979471931767,1.5478891045983,1.94924578324042,-1.04697072870676,0.114432123362434,-0.0217643830023196,-0.306765235561145,1.62388805685233,-2.30950265897421,-0.951538436224555,-0.715724221150895,1.31800915652062,-1.24804464615059,0.727220569716464,-4.00858311711468,-0.332965663213444,-1.07875337848533,3.57270628869957,5.09305247318527,1.21041396292559,0.227818385160805,0.791899871845009,"virus_comp_1044_cycle_1"
0.361291548954276,0.563114421336693,1.24022248188415,0.782771009373316,1.10586499496325,-0.967383743057817,0.188343588118735,-0.20664400790623,-0.135529413697568,-0.0663833856281799,-0.714223166988063,0.394599447296997,-2.07808221052488,-0.947058123261249,-0.429899720441916,-0.788878008353212,-4.25784492130354,-2.01552041756919,-4.82284038803586,-0.396796272018517,0.997174514742018,-0.168369425276041,4.28753802467436,0.95625550644,0.518830350193005,0.791899871845009,"virus_comp_1068_cycle_1"
0.161128693195247,-0.648870535841866,1.12888394421092,0.67467029677485,0.21493772312557,-1.87836199445104,-0.673339428566072,-0.901175585183019,0.906406986389171,-0.0839305859202656,-1.07206454925643,0.415687429597679,-2.08352357184944,-1.31334659841124,0.0133011425382764,-0.269612661058766,-4.23794820586969,-2.08411061570459,-3.88311371284995,1.08763556726278,1.72905846937918,0.746460766855027,4.57783859125622,1.10166532325351,0.336572802953572,0.791899871845009,"virus_comp_1069_cycle_1"
-0.282210168971227,0.397401827432934,1.43169653558883,-0.599228142390744,0.511057347909106,1.57406722565839,1.28390099389656,0.821266770685039,-0.0157399699789156,-0.0491128377811527,-0.946519010088527,0.359486869266334,-2.09865342908254,-0.530813940441725,-0.290735321483044,0.256234428775058,-3.94786367343519,1.57302983716823,-3.80181882551944,-2.54556108704573,-0.380625007610081,-1.03448368504449,4.47024636057007,0.965207099376006,0.50678221806188,0.791899871845009,"virus_comp_11_cycle_1"
-0.913338426241547,1.93213321752875,0.65050317184207,0.375764861358563,-0.128716836387444,-0.899599513761379,-0.509092033560688,-1.01163842926078,0.68136581379021,-0.0151991405703768,-1.41114191704582,-0.566290777649061,-2.57016098314252,-0.617334375693423,-0.000770225255952537,-0.430078535577468,-3.06572279328284,-1.38882012133869,-2.52549765687714,-0.22636731418852,1.22653245784521,0.510328012986926,4.63709798428048,0.991795519117091,0.471441824592503,0.791899871845009,"virus_comp_1105_cycle_1"
1.23875899324743,0.370976779131306,0.401805065854498,-1.77316989979489,-1.09376503061782,-1.4803994887698,-0.795427471365883,-1.09142176638792,1.85605985365977,-0.016073351704839,-1.84844033664115,-0.380126119430683,1.10815430090553,-1.8140712467426,1.30642855435564,-1.36931398903787,-2.43589606836142,1.30902906234607,-2.51987531341584,-0.475075999843931,1.04286479771195,0.507369959507872,4.86082217638289,1.09090716612177,0.348781037526788,0.791899871845009,"virus_comp_1133_cycle_1"
-0.129650793008137,0.198309448292702,0.783067610130949,-0.858259825039617,-0.620695135656613,-1.11459123557825,0.00478184721889924,-0.497464314145661,0.134273692300095,-0.0327706340501414,-1.82662577278699,-0.376304067540459,-2.64422276750198,-1.86330415405301,-0.452378388794329,0.45937168358503,-2.61281291441704,0.361007430417609,-1.83273649484574,1.32196323870468,1.51354092574177,1.48836903307561,4.34727434919859,0.917635402531885,0.571357065724185,0.791899871845009,"virus_comp_11746_cycle_1"
-0.62307249547275,0.0606245668351408,0.450992088396613,-0.494774501481926,0.331030686890442,1.8531261351462,1.9961383471654,0.179512813184954,-0.474205248870251,-0.0690499634645026,-1.1109538130922,0.519886136934964,-1.42697686819082,-0.137740128708522,-0.857856463774654,0.537298221207458,-2.99083753437369,1.68448754135757,-3.66025038709271,-2.86681702380878,-1.12865992140889,-0.437045928965087,4.58784580915606,1.0340002082342,0.417178405644213,0.791899871845009,"virus_comp_12_cycle_1"
-1.31186073780033,-0.38237833024175,0.380812632876332,-0.859396759716895,-2.17509563714414,-2.65081370639712,-1.42508711510689,-1.77847269065959,0.48252547370894,-0.112931428654831,-1.08566430075124,1.7343817904133,-2.82831373795811,-1.17364588907154,-1.08195921677585,0.80379065355228,-2.90949435495169,0.914995917686339,-0.710090088170863,1.14083303502739,2.10540006249536,1.87984073757182,4.53058271111246,1.20472382370599,0.232823225279582,0.791899871845009,"virus_comp_12035_cycle_1"
-1.17039041026202,1.4190128825449,0.701049722639995,-0.302213268497955,-0.0226231201866316,-0.495648030398848,0.366951823949385,-0.857131920914032,0.495474024221481,-0.0218334746905445,-0.825791690140948,-0.0266422860555573,-1.72182041377913,-1.34721296689558,-0.872215946818969,-0.605304344265285,-2.86064919749305,-0.169880001548194,-2.73006367633353,0.130391503260396,1.10396784240103,1.15397607303244,4.38898687955999,0.901921560466579,0.592846605189935,0.791899871845009,"virus_comp_12451_cycle_1"
-1.07758003526988,-0.191436964014825,0.135702902419796,-1.01840192617051,-0.886168041735206,-1.91266449446341,0.840885224198185,-0.857228883734679,-0.140154882425748,-0.0733031135754118,-0.63066982052373,0.822728698538771,-2.99109617777789,-1.32095646820834,-0.313780119685173,0.762748921870617,-2.88898165685413,-0.377494436467346,-2.41738638354455,1.80802381957754,0.0733697267459655,0.747142959007355,4.34653807349793,1.08582097040316,0.35463725117312,0.791899871845009,"virus_comp_12586_cycle_1"
-0.520562366358319,0.36575971391828,2.21250634461416,0.32809664812911,-0.901028206459571,-1.45679535330237,-0.545381355185468,-1.398318408742,-0.135334101144524,-0.0137035340720205,-1.02879372067096,0.0606927941463764,-1.94873648679289,-0.827506101807587,-0.715346695223465,0.152687150066698,-4.9465875513999,-1.06954393040485,-1.16783540782256,1.37102388826518,1.29845557499127,1.39893940335685,4.4369730644639,1.03874193415239,0.411252634530602,0.791899871845009,"virus_comp_1260_cycle_2"
-0.836357376426571,0.597220889470285,0.545902601557603,-1.00934724854366,-0.204562066165624,0.0126378082093301,1.01181107353776,0.861549021880006,-0.124668131679962,-0.0533893061411611,-0.430452501546153,-0.0866718469809858,-2.24794592288415,-1.50959178232454,0.0227637259290598,-0.332585425784161,-1.36117192327475,3.55155982713921,-2.40361288882945,0.261058655387997,1.42600285836048,0.987025977370118,4.8023554694212,0.929718593772167,0.554855592114001,0.791899871845009,"virus_comp_12691_cycle_1"
0.673468460253106,-1.15754914385498,0.414529589988141,0.088402577396438,0.790043418223858,0.519536021525829,-0.525643081303771,-2.06543151702442,-1.10117610109518,0.235391993794381,-0.550416791687442,-0.460509357151931,-0.143011645368652,0.345107328337786,1.61513940032911,0.0919375458846583,-1.26171074723079,0.720783575684492,-4.13705893172341,-2.67202949726562,0.0562890104617111,1.2075833837091,6.20748888435077,0.953341273556526,0.522765972998819,0.791899871845009,"virus_comp_13180_cycle_1"
-0.595482569376588,0.856574807189518,1.06327395895483,-1.2733455613034,-0.780569391988586,-0.878965638977751,0.0255830616140873,-1.26912469596531,0.240100826216888,0.100950107202582,-0.339609466008667,0.134186018062701,-1.15322099355686,-0.116177848892918,-0.538267285300427,0.617955418784601,-4.62208597173214,-0.323746129745491,-1.81351862368315,-0.469912802154433,1.06423177195915,1.14886949217394,4.92376516558216,1.0381433243852,0.411998629829816,0.791899871845009,"virus_comp_138_cycle_1"
-1.35063824291483,1.50031569136882,0.885735796567536,0.338952644391166,0.566628698126797,-0.640962312355882,0.166753359788958,-0.924343627704552,0.410340615724603,0.0234192566931149,-0.624987814912829,-0.083374261544662,-1.82652693493106,-1.34210957641239,-0.83624498810278,-0.616348943144489,-3.08595397505653,-0.723479723448402,-2.13175556462451,0.359067516216189,1.25375913553711,0.868757401407685,4.59777641969239,0.82121724290046,0.701382847751844,0.840117916537923,"virus_comp_14463_cycle_1"
-0.332661914036154,1.30409370310656,2.19938345311968,1.44168148050376,3.51527085470913,-0.338589513117152,0.727309024341306,0.545532510294032,0.034054786955581,-0.0561874656880575,-2.15359810580539,-1.12088840101456,-0.852528895161078,-1.50221006905901,-0.407532298077034,2.0354123069016,-4.44089180908932,0.999886773450539,-5.78680744142567,1.10054367171756,2.69994065365407,1.68519086565521,4.85273215567862,1.87382545982601,0.00833825302579152,0.791899871845009,"virus_comp_14513_cycle_1"
-0.519406478996301,0.813281466068781,0.747550228591972,-0.820488258102938,-0.117159283213863,0.130982368574497,1.57470508600681,0.729783284902276,-0.0756921527869096,-0.0754003898308906,-0.680330669763664,-0.103541522765968,-1.98074438709094,-1.24632877210988,-0.0829233834748042,-0.551009529694535,-1.65334954602786,3.27523273956573,-2.52915568798417,-0.454405719000978,0.807991926585472,1.14343081754842,4.67869970818537,0.963042314619693,0.50968986467356,0.791899871845009,"virus_comp_14666_cycle_1"
-1.13397773593175,-0.162355626443913,0.156609917036679,-1.10571610943576,-0.703235399096843,-1.86526047944749,0.497739491784173,-0.876341919684367,-0.0648639532420586,-0.0781362851168003,-0.683949584228723,0.88592123284656,-2.9046738485263,-1.26780741927111,-0.319277156513408,0.850580110467653,-2.29107438513621,-0.141577089656251,-2.51788281268129,1.60240496308947,0.480656024338461,0.902968577504689,4.31905327403659,0.949301235990992,0.52823172515599,0.791899871845009,"virus_comp_14703_cycle_1"
-0.0364013724914263,0.371072911557726,1.40967072644936,-0.651402865733826,0.414053396205972,-0.73094861804283,0.437141002978656,-0.0535272057122978,0.719096243482979,-0.0823184207994875,-0.584847830593666,0.437268899915388,-2.05653525172295,-0.679784709048702,-0.527198171469271,0.165703747614823,-3.55521054398017,-0.280872262202908,-3.93972436736968,0.685611049335414,0.874397937563023,1.1549910842341,4.35735129396998,0.957108098700234,0.517680112623605,0.791899871845009,"virus_comp_14963_cycle_1"
0.0637919100097373,0.425759821105553,1.43416581481426,0.0778653954394087,0.0782055604277471,-0.802313072878315,2.04859914569355,0.471265550456668,0.189157984539611,-0.0363454142229118,-0.606384891423993,0.123886690911013,-2.36519876297815,-1.27643748623099,-0.0828520933424485,0.0473890091973489,-3.46706792444271,-1.07013034213904,-3.29649514445531,0.206135308336136,-0.592718034858243,-0.487516347665658,4.37030681308577,0.899498989573799,0.596159016132722,0.791899871845009,"virus_comp_15056_cycle_1"
-0.371433229195834,-0.0291647079554527,1.49415315794058,0.861913346372767,-0.260576765010224,-0.264339506032484,0.843148319788499,-0.222883416034536,1.12818213464001,-0.0438571803493378,-1.15329123617412,-0.474232750582416,-1.45203195651236,-0.823717801509468,0.156633667969181,0.232729612058685,-3.13153835329711,-0.659705910639412,-1.87244545588235,0.081500709657487,0.389169456019076,0.673878965924775,4.38293087587322,0.670298723265732,0.871899632746227,0.939628969943443,"virus_comp_15100_cycle_1"
-1.12742881863312,-0.682981744580501,-0.821239151983734,-0.099653044812716,-1.3163571268621,-1.98135305855693,-1.74238546456097,-2.68410264304962,-0.00205503606045563,0.0611302865484971,-0.487555525712776,-0.433075729730031,-0.931135183161905,0.308521360717994,0.30992118287803,1.11824491553587,1.04089570088103,1.59816816838725,0.515150478853002,1.41680658329852,2.38455912424541,1.82684679798118,6.1920671060759,0.395065890250476,0.994662591066853,0.994662591066853,"virus_comp_15228_cycle_1"
-0.465937113974633,0.598512142260919,1.18853668114377,-0.39884680137796,0.591780329081466,-0.336080888387296,1.63728776929164,1.48149918898921,0.0758881771059177,-0.116045165929712,-1.10396589860478,3.05834016559801,-1.02683059082545,-1.20941825057932,0.0139539849685315,1.25500475146931,-2.91888396574434,1.20307635381073,-3.4187039536174,-0.31515743716469,-0.465098369609387,-1.33913365069849,4.64015756228627,1.06005143366571,0.38510801056838,0.791899871845009,"virus_comp_15234_cycle_1"
-0.688704533790975,0.240742200293062,1.18071122333163,-0.258879313002902,-0.0897957238428472,-0.423496641644082,0.869065414794465,-0.175505737028345,0.257232950060492,-0.0400199018971193,0.85234055847044,0.440293924138164,-3.16144801219142,-1.02283187713791,-0.503847718452789,0.373698465911259,-3.39257326035303,-0.640814883239039,-1.98088328805255,0.615730258055866,-0.62655669907972,-1.24096284308871,4.76574276316478,0.749896637513639,0.789503963886001,0.925332602834131,"virus_comp_155_cycle_1"
-0.646534064936803,0.298047277960784,1.07952757343746,-0.352111444625915,-0.220951660507864,-0.53066058256945,0.767479849661947,-0.211932595607523,0.191107464046632,-0.0424030045210988,0.243937188393612,0.376161203261695,-2.81851055932951,-1.02861700092854,-0.466360634696153,0.385678007071375,-3.34156053775231,-0.403798056567949,-1.99600952551757,0.60579091964654,-0.116092276382445,-0.627226821087867,4.51834438409992,0.699280785900622,0.844231181790055,0.929507058738546,"virus_comp_159_cycle_1"
-0.862869195845986,0.631422880679182,1.2302853891551,-0.555160559494747,-0.396428144434044,-0.679751921716052,0.603075517111151,0.140763098872039,-0.0214908978215323,-0.0528718628387072,-0.0303839472683159,0.338658126483909,-2.660662672285,-0.672663781294587,0.108084862707656,-0.00826813418623156,-3.88346039940013,-0.177404836292634,-1.76055401226476,0.711518548561257,0.278860601641854,-0.637668346924881,4.54103007583863,0.79747195348659,0.731870518784786,0.867107462473279,"virus_comp_160_cycle_1"
-0.655823179218742,0.295168031480714,1.22042306831916,-0.32859838667894,-0.141403370032275,-0.477339026158137,0.801703215217002,-0.174495111229601,0.196837680906425,-0.0414919412999382,0.506248228000934,0.411532494295151,-2.97788889013737,-1.0494903076849,-0.477286611644267,0.360854619279718,-3.47712575314868,-0.485694410293156,-2.02958802507392,0.589475402356993,-0.303095937008193,-0.880439010184834,4.61972004074433,0.727841200726649,0.81428619899571,0.929507058738546,"virus_comp_164_cycle_1"
0.71390363497252,-0.920708320559863,-0.765911232483942,-0.199157455337215,-0.829167251295948,-1.09474811342849,-2.01793429520404,-2.39857209067409,0.0740268682821711,0.149900601946282,-0.198804827247198,-0.674535832006959,-0.08796272269076,0.636414612976283,0.459789065344643,0.318681926011187,0.193958179592895,1.70525179759362,-1.23878126433265,-1.59256189128756,0.209669851726334,0.362713973418053,7.27249591677035,0.629877657189542,0.905560615361473,0.939628969943443,"virus_comp_16559_cycle_1"
-0.0625702838179509,-0.458663987749656,0.840830672937473,-0.0364282691227986,0.784862645942127,-1.61706563948796,-0.41755630497656,-0.543819161105229,0.58815019870301,-0.0508932286114188,-0.812269570195362,-0.158685841633004,-2.12567781556233,-1.443281752032,0.123970359688004,-0.113315654847671,-3.77745890701907,-1.23670243603195,-4.2699900744115,0.791592825737017,1.78362208856844,0.52001157331248,4.42366463270039,0.994512088388145,0.467875166969047,0.791899871845009,"virus_comp_16658_cycle_1"
0.0832439379325703,-0.0515685462523362,0.945598114911455,-0.893544216322943,-0.652257905468128,-1.26791056969652,-0.0668167781825874,-0.543647157722955,-0.331208153407595,-0.105810970778061,-1.24928623549832,0.0424492780873721,-2.3677027260122,-0.538285371753056,-0.838105008770618,0.348906841773952,-3.85327700970896,-0.39327355977344,-1.66573237574525,0.499821208449222,0.652698137779983,0.716476256527027,4.32213475022895,0.82248801911703,0.699725347095861,0.840117916537923,"virus_comp_16826_cycle_1"
-0.742824389837905,-0.250633606807135,1.38517032618526,0.0110388129779033,0.339756222260229,-0.459129506956219,0.590389323782431,-0.388226054595921,0.402403579355016,-0.0110427139039287,-1.22607910800695,-0.548713759484744,-2.19729782847999,-1.09559161978427,0.245750556780509,1.09480617616417,-3.07080270178749,-0.353030723694329,-2.75713088724824,1.05967317247546,1.19539287511842,1.03783189777677,4.28363773733166,0.850105481738257,0.663175314232545,0.836932420114857,"virus_comp_16893_cycle_1"
-0.527015599576466,1.02266594899808,1.09007021580627,-1.97598805722438,-0.768803274492115,-0.808341393932284,-0.0778662010230446,-1.3933736280852,0.405414656303849,0.0962997444335675,-0.359962336018314,0.179179157090007,-1.33439925285195,-0.0967200283091466,-0.448021671502543,0.57701087222018,-4.8033703763333,0.21802772442208,-1.81999536531406,-0.703001023018519,1.05803688308344,0.947207151430395,4.94869326194689,1.11884282295524,0.317596468955558,0.791899871845009,"virus_comp_169_cycle_1"
0.527305591655626,1.15361388394049,1.06078625575979,-0.5841723684518,-0.326865322792693,-0.296496481650024,1.11426414313572,-0.181668348631859,1.90273367083738,-0.0652757596755832,-2.2183261368499,-0.205643347600592,-2.06730746350295,-0.64784945579459,-1.026953698933,0.301964975968893,-3.25096551096757,0.734581693883413,-2.17690335925181,-0.0744290469513584,-0.359808715950969,-0.749321191030846,4.56640856896055,0.992886004072456,0.470009013218633,0.791899871845009,"virus_comp_16955_cycle_1"
-0.441698440541788,0.420138934468414,0.818067779183624,-0.611595395182545,-0.233425974847598,0.589916646263581,0.473979598373231,0.302260796905304,-0.261439383869176,-0.0671660466135753,-1.22758830377981,0.0605836925305526,-1.74101787071009,-0.828858899015482,-0.852339513958345,1.05437770471167,-1.8845527031818,-0.0774394512827878,-2.57237959435099,-1.25681005445446,0.738753635251434,-0.0572137426234639,4.27150608424588,0.640260072032954,0.89747828463559,0.939628969943443,"virus_comp_17138_cycle_1"
-0.274445791364939,0.3514622866394,0.984761674046203,-0.0764589239855472,0.107826337132543,-1.20595939539234,1.5286054854356,-0.320667424138685,0.0449268877101391,-0.0281193622833481,-0.525972710985299,0.456241031590453,-2.68286455964674,-1.22683427958423,0.0393063882664904,0.174181258608275,-3.07197839662121,-0.949864893912009,-3.40733696459703,0.548188112952021,-0.099883656430829,0.446945440114206,4.46430369557149,0.923769980679656,0.562974729350003,0.791899871845009,"virus_comp_17169_cycle_1"
-0.879278793609442,0.105537307405516,0.414231081567609,-0.981833562683532,-0.694741513443091,-0.463543475743841,0.332933910150104,-0.146829805611933,-0.372075090084065,-0.0662480067697874,-1.17210029544586,-0.03833721674626,-1.75209669843006,-0.602518598675354,-1.03091223963917,1.2075000703148,-1.54577079902738,0.225984930758815,-2.19217004071928,-0.270162911087077,0.818172342250124,0.304709017325788,4.30688593613744,0.657558634894261,0.883142528504551,0.939628969943443,"virus_comp_17296_cycle_1"
-0.628013929501824,0.478995825366826,1.4873543800767,0.120471824151563,0.0611330881078651,-0.150935840848408,0.0132745789210137,-0.553414172928608,0.0318649714292783,-0.000992797247036606,-1.14289528692299,0.0305610758771593,-2.31738912844534,-0.78381695779083,-0.0236493030131401,0.482603518424815,-2.35318332805378,-0.314060375341325,-2.88187819040461,0.448763453299978,1.25411619500241,0.846919310910295,4.32211002497502,0.720955658424213,0.82173590958819,0.929507058738546,"virus_comp_17302_cycle_1"
-0.551808151631921,0.983876208364043,1.1008423490797,-1.88714353295493,-0.798500437955894,-0.827368844572559,-7.45483316226938e-05,-1.30080035235092,0.452946483391487,0.0733949114943794,-0.380152600683555,0.163393493234076,-1.40740859758469,-0.131018749315369,-0.430585319885871,0.702144779600978,-4.65926891952908,0.210450930607529,-1.9170609725814,-0.588941852892518,1.04319926475206,0.935100795235571,4.87111387298597,1.09666283883443,0.342219104953184,0.791899871845009,"virus_comp_174_cycle_1"
-0.32432638797731,0.190029071490836,0.55076423340398,0.578189108388038,0.734420393845349,-1.02461648601047,1.23741544869939,0.497705926723827,-0.0105412305772582,0.0169335708125346,-0.550153214258282,0.217158944515779,-2.67242866987018,-1.16577995388426,-0.210988012747215,0.24665162862611,-3.10817447768586,-1.76838532612597,-4.2704279059476,0.372192517614324,0.0700515197248157,-0.785875542314585,4.59708683769364,0.93869037838431,0.542634452394894,0.791899871845009,"virus_comp_17776_cycle_1"
-1.04452100609273,-0.166767596228518,-0.0570446139178157,-1.44123384855615,-1.08356004839602,0.172831948554423,0.587781523714042,-0.496468499854122,-0.538668351749408,-0.073671999902542,-1.61108856421775,-0.16960435042005,-2.18846301209604,-0.769987961794777,-1.31057934577976,1.72806907247954,-1.2059729717516,1.27133294959141,-2.02837880635752,-1.25568673496957,0.17850742538813,0.379259966148861,4.54894305216505,0.848805098341649,0.664916176769819,0.836932420114857,"virus_comp_17782_cycle_1"
-0.281050267994535,0.754563178882961,1.34429705859581,-0.00166089205892152,0.149530724847016,2.0450155479202,1.24416546301113,0.175945288315905,-0.111879385555525,-0.0608203068397703,-1.63532727025505,-0.0290060845312723,-1.59980229447758,-0.318598545934438,-0.777155916629599,-0.703393002902457,-4.11588932087422,0.724236671098951,-3.65400065840458,-3.27326604483889,-0.59001301127797,-0.602985355393119,4.74444490599483,1.06957567935985,0.373694193246822,0.791899871845009,"virus_comp_17783_cycle_1"
-1.24874083414793,-0.322151744232068,0.847781415746591,-0.878176317457961,-1.90102000479094,-2.6792176927542,-0.932176441156162,-0.517098487838778,-0.718158596234048,-0.0666121461898211,-1.77450710344005,-0.738087206253719,-2.25244044054313,0.272456352025513,-0.455871926181065,0.94989228399377,-1.95360630357635,1.69901508707045,-0.968635157802635,1.22206470316555,1.83537808870688,0.649675969668438,4.55365178677826,1.08319598717525,0.357680498800618,0.791899871845009,"virus_comp_17808_cycle_1"
0.335781360992354,0.48400403727953,1.02005008924058,-0.506204067003413,-0.307686972667625,-0.743492945044272,1.01989055800143,-0.338060813200135,-0.180439065696097,-0.00893273397006096,-0.49663924073163,0.149358586047546,-2.5955211056731,-1.67422146957984,-0.331546544122826,-0.0543073229353,-2.87998939559925,0.862444416240609,-1.73713908393817,-0.0708724825187348,-0.190865557057238,-0.378575398532312,4.43153067558891,0.584644311597906,0.936170310101511,0.944838553713562,"virus_comp_17896_cycle_1"
-1.03883347493764,0.0159241445717018,0.528847305885939,-0.580299745128581,0.797399525702233,1.41261096789365,1.51510805258528,-0.18742588925896,0.440253157626247,-0.0120802554391782,-0.395602026212611,0.351537524398573,-2.36172140920825,-1.07265844622209,-0.383691429675538,0.972047462254731,-2.32016449895464,0.194061625113388,-3.66794639231668,-1.65655544274744,-0.177315169000769,2.75554034043538,4.63915890005481,1.13090511520545,0.304661134263618,0.791899871845009,"virus_comp_17937_cycle_1"
0.162210099479158,-0.203734916344032,1.6272784277955,1.14573411023981,-0.288670484075086,-0.699162932317869,0.470773918944078,-0.164595902991908,1.38163648592295,-0.043652472380525,-1.20955072413443,-0.573904680605353,-1.51276005604776,-0.925971093885016,0.310605102782095,-0.0414688786603043,-3.71005300449258,-1.7314533737322,-2.07053125945299,-0.763666697030823,-0.00750744332756358,0.170305694218916,4.47105598653034,0.700660526208217,0.842843841021132,0.929507058738546,"virus_comp_18095_cycle_1"
-0.226298876001043,-0.399863253128446,1.41474953711727,-1.95574714233791,-1.98221988215813,-2.45617547349232,0.14029254699754,-1.99276575861206,-0.750641572008282,-0.076215965466666,-0.90300769271892,1.31097136001011,-3.47062144940645,-1.56366713875577,-1.21716110061099,0.531836328981777,-3.2825975861446,-0.473177177110528,-1.07282447735114,1.6239995552829,-1.01055396247327,1.31014114438316,4.91886470045922,1.16479933913609,0.27009233110713,0.791899871845009,"virus_comp_18116_cycle_1"
0.634108602092195,1.22826930943845,1.08892469377809,-0.716883622550143,-0.308296380475581,-0.143719476251051,0.366156080389057,0.343073765099814,2.30510842213746,-0.0543728683372204,-2.50137809822068,-0.711003799272082,-2.09725931573638,-0.604219379275629,-1.1603150549349,0.252201916575227,-3.60244590232271,0.943415242437712,-2.0291715143427,-0.111175408940864,0.531942585798686,-1.43520784511091,4.59496318421554,1.1423349564485,0.292707785505403,0.791899871845009,"virus_comp_18120_cycle_1"
0.209567706192695,0.476907146176717,1.018608911943,-0.662865222855205,-0.390525700275641,-0.896629313704478,0.295632097051149,-0.200666637597607,-0.602900682949803,-0.109728615237643,0.143643481517203,0.901053967730168,-3.22729021551671,-1.85657934845149,-0.464663119507859,0.0855164934411924,-2.73647128218122,1.07036396908091,-1.37103049945018,-0.513411757284449,1.9749846846536,0.284162494945449,4.59898450506653,0.889884732775338,0.609294283823306,0.791899871845009,"virus_comp_18139_cycle_1"
-1.38593718749748,1.3254434996469,1.11004267878113,-0.591329454560601,-1.69019967993458,-2.12803777754572,0.739827282883642,-0.0749617850120978,0.583187971089521,-0.0862978880394478,-1.03388652381287,0.967136359747183,-2.8720417796622,-0.74278590679576,0.0301087865762674,-0.362413168896517,-3.31611788774949,0.150903270817637,-0.965915053319489,2.69954752953427,0.514993244025283,0.433646870804021,4.55630349401197,1.27692026038446,0.174937074138016,0.791899871845009,"virus_comp_18166_cycle_1"
-0.51510094901581,0.660039484151231,2.21855085984747,-0.247009705706964,0.461360261705217,-0.657812353622027,1.0160218066417,-1.21455006060614,-0.502478667263698,-0.114330596033886,-0.364901598796785,0.977783092212409,-2.61537754931047,-1.69054071193673,-0.281825172844877,0.38661819390275,-3.88731875550784,-0.402458669744843,-0.407579206170414,1.16439836413519,1.09454016850374,3.76680584764747,4.64419082408525,1.10930812152075,0.328050142835407,0.791899871845009,"virus_comp_18196_cycle_1"
-0.509837961819624,0.564350354938988,1.21205063282796,-0.307296683087953,0.508051210031406,-0.269399163827613,1.31674128910244,1.3502478099499,-0.21354892081804,-0.112583698078914,-0.865865290379906,3.25832161381563,-0.767996128177407,-1.21471110674525,0.254107297683904,0.150967533979573,-2.74424695042178,-0.0473746215418696,-3.05990999003559,-0.177991906798189,0.102618022288514,-0.911763044734865,4.583325076131,0.946279372852227,0.53232688614745,0.791899871845009,"virus_comp_18294_cycle_1"
-0.165177060161907,-0.119994522380558,1.60597475593078,0.944505035110418,0.121807269329709,-0.131089028494372,0.467986594542593,-0.0644568389194706,1.21540494976225,-0.0459902134034151,-0.982715929227464,-0.430526428296174,-1.37269357614121,-0.99621847244658,0.312902338041501,0.168171065131753,-3.46355984988657,-0.955379068768746,-2.1709780581281,-0.864671410960985,0.46492721767165,0.384813837221525,4.44772129170011,0.630226176698013,0.905295696981302,0.939628969943443,"virus_comp_1888_cycle_1"
-0.898393173900273,-0.0505326967294329,0.617571152799046,-0.740342790230674,-1.04644831787126,-1.09362062189558,0.327876070794999,-0.97335943206946,0.482490792776034,-0.0700080683958308,-1.61501725052311,0.561974758614791,-2.35246846699915,-1.27950376847252,-0.79535558272806,0.643665811213172,-2.80905207216837,0.930875154272553,-1.73259677003943,0.53941399558625,1.00538857233472,1.79376439319693,4.25982430839678,1.01782504764083,0.437667160930734,0.791899871845009,"virus_comp_1935_cycle_1"
-1.38520836708947,1.09805934273191,1.97853369561174,1.08353067845305,0.620933639403115,0.0558506105755918,1.10148412728488,0.100299056091662,0.0552128850970602,0.0283519128968648,0.88191462159445,-0.245440034276966,-0.334081934632611,0.515094332938118,-0.987036771758041,-0.213120501807742,-3.80201373306149,-1.1456597875368,-0.87751386209717,0.627306189543785,0.745560912482549,-0.133916404273329,4.68355098412272,0.717463582176402,0.82545942871061,0.929507058738546,"virus_comp_2136_cycle_1"
0.413463968377696,0.553097930021504,0.975269328657321,-0.656234540697032,-0.394317331382731,-0.893536825583584,0.226488702917615,-0.347167604418107,-0.912050709543559,-0.154318276236629,-0.358243476824722,1.78207449191937,-3.03926494927878,-1.68082832134802,-0.871839299842547,-0.464361374172985,-2.4270911549329,0.422700171823234,-2.03220545343421,-0.103454395602098,2.82478157393309,1.46875144224022,4.67266104290318,1.12731536544951,0.308476549912858,0.791899871845009,"virus_comp_2239_cycle_1"
-0.73883398122956,2.81053173142839,0.643037921487674,-0.587446548842938,-0.572893413603526,-0.507556416055172,0.767988870367558,4.32074277742446,-0.579414732765732,-0.106661802259992,-2.03536516632539,1.08650791668049,0.462551789271639,-1.10044597705858,-0.390142933854428,-1.01489978094662,-2.72847780473606,0.443134188347243,-1.85798127089559,0.233492784820799,0.872810071639408,-3.74634542531595,4.85779964986672,1.76131164774489,0.0159777525651132,0.791899871845009,"virus_comp_230_cycle_1"
-0.446240754521637,1.25446179115622,0.876338561092219,-0.86803317128957,-0.736527019736449,-1.28660384434403,-0.288209921890754,-0.953073510667046,-1.36046052434009,-0.15939331408144,-2.79599938952849,2.03764003278437,-0.22440569262712,-0.666719920065777,-2.83716067042202,0.440080064921813,-3.01252592274516,-0.423715360944174,-1.17405145240426,1.46466857448314,2.48646082652534,1.45531940787794,4.70521337659898,1.36870008454384,0.11802606030326,0.791899871845009,"virus_comp_2332_cycle_1"
0.0440884394829907,-0.178421100638865,0.746734598786282,-0.683146504573538,-0.840531809419438,-2.38185551880059,-1.02381293117451,-1.00784654672436,1.27578764937817,-0.0853652256432449,-0.796724617202083,-0.260222404569402,-3.49776961968754,-1.44398575862135,0.046472541280084,0.443474316630535,-2.52588208174159,-0.592473578723162,-2.22139545208878,0.498038132938505,1.09787525428664,1.47509083963006,4.77299180663929,0.97340745658052,0.495805779296684,0.791899871845009,"virus_comp_2475_cycle_5"
-0.0113109513565525,-0.126173247997994,0.772677347145524,-0.771855944499624,-0.862600416619577,-2.22882110468082,-0.894820409847201,-0.950794782709069,1.25210041491504,-0.079295491083188,-0.815053284351295,-0.248251769650336,-3.33897668223079,-1.35259187312477,0.0568224483295358,0.460561998964677,-2.60565853796875,-0.462333357974881,-2.14264931110419,0.517524538330816,1.13977306691733,1.41340059252354,4.68619027191253,0.936035722140359,0.546246991921165,0.791899871845009,"virus_comp_2476_cycle_1"
-0.046141082149297,-0.0994986634768598,0.794076058252008,-0.619535394801806,-0.843476057004033,-2.24021748334424,-0.898536803907715,-0.938667846161779,1.09844365758106,-0.076130539187002,-0.733876523808291,-0.157577533092009,-3.56585933495331,-1.50579540128815,-0.0179882237442276,1.31984761028021,-2.64461147647229,-0.740139182219239,-2.30306097535845,0.497229887833939,1.09706203141358,1.36806365595556,4.72304085927006,1.00461320571947,0.454695273582965,0.791899871845009,"virus_comp_2477_cycle_1"
1.00600742115673,0.584624209507081,1.65419259192305,-0.629450686821641,-0.240650083356255,0.398870492406416,1.23758058612793,0.739297985138422,0.157030860861562,-0.109800803883967,-0.959454658775889,0.45392092958581,-2.03143098609983,-0.406114689345632,-1.17381891726642,-1.45121181535367,-4.70291609785848,0.570793157012897,-1.81019802112617,-1.89881751573422,-0.127339048752495,-0.377043582984254,4.7194052120663,0.896708012730078,0.599974119715323,0.791899871845009,"virus_comp_2551_cycle_1"
0.670137016648313,0.582015121996083,1.27843148545062,-0.779166408342724,0.275740821677399,-0.184307640936028,0.313337653368445,0.631249050494433,-0.0121478411064741,-0.0979778155354326,-0.901322926188632,0.645618832638586,-2.27254495073556,-0.761589627474211,-0.990933567984974,-1.27010462708399,-4.49885769151602,1.32006254308175,-4.1359195344911,-1.43471222151245,-0.0715424590485792,-1.35890941969748,4.3247648661675,0.955530552925085,0.519808813525549,0.791899871845009,"virus_comp_2554_cycle_1"
0.113726802476321,0.0669987428872209,0.16823953229976,0.686611963886006,0.133790479756429,-1.05131283754916,0.183380778483465,-1.50097496834323,1.43307665120194,-0.169067321770464,-1.61102841691331,1.36905659782963,-1.89107269258445,0.823473651519748,-2.26507181521868,0.321590268136591,-2.46149609418461,-1.04890122310157,-3.77335204566422,1.49640189659481,-0.862689201978962,-0.906424988073771,5.21506564572214,1.25587295140622,0.190566000691028,0.791899871845009,"virus_comp_2590_cycle_1"
-0.624883297596066,-0.283137080278342,-0.0242879425543608,0.351117475127284,-1.41641586130188,-1.6709731613294,-0.364671790068499,-1.67521690461607,0.790015505084826,-0.132405659171959,-1.24570780224139,0.740346800505352,-1.43030937624891,0.471946369974071,-2.10046420602779,0.77062858055707,-2.33427468208583,-0.596773451205134,-1.85156356240404,1.80826061898474,-0.608806393062746,-0.245902886536165,5.09113643004924,0.93559466123748,0.546847512207905,0.791899871845009,"virus_comp_2591_cycle_1"
0.0364340936707696,0.0154405960919393,0.418254624942608,-1.39950096386847,-0.60724668476353,-0.770340998168726,0.223835264868206,-1.57276001719273,1.26535124391475,-0.159150291971383,-1.88635205246949,1.3614785815185,-2.05518844507371,0.0936459399640787,-1.7369748272622,-0.874762215761375,-2.75819460784566,1.33703995044638,-2.34086063721619,0.827459600381769,-0.244603831681813,0.0298158445771189,4.87015183361888,1.06357196917853,0.380868796015894,0.791899871845009,"virus_comp_2640_cycle_1"
-1.03280124775797,1.53700301614902,1.38513161605531,-0.21713070600482,-0.0422690979249602,-0.446531599247121,0.42399878796634,-0.767627591829396,0.628730685336545,-0.0156786947010087,-0.76610126830453,-0.0494320290577498,-1.82545983813153,-1.42164503275559,-0.808833065145231,-0.709381953673628,-3.54996167415295,-0.262078286471462,-2.71054335698477,0.081594352753937,1.04140437891948,1.06007935262177,4.4109179598374,0.981441326127539,0.485115723515122,0.791899871845009,"virus_comp_289_cycle_1"
-0.319031248490037,0.500428074845127,1.84329188618751,-0.450325172203059,0.21017873902323,-0.84784576632963,0.657305447223418,-0.932627982044921,-0.430415372254726,-0.0627830476063967,-0.901149258837794,0.768795911545945,-2.5661117346974,-1.57839830566988,-0.535518082102586,0.185915791077614,-4.578993445733,-0.429938659666821,-0.93643119448189,0.216611071636938,0.157021428799243,2.47256919895243,4.59284073937088,1.00658019902947,0.45214448636485,0.791899871845009,"virus_comp_2915_cycle_1"
-1.91066890862971,-0.164666248715598,0.0171087905651214,-0.829423290576297,-2.06860931900042,-3.44991247211241,-2.40382039754462,-3.07397078165233,0.712360766741037,-0.137802082832219,-1.75121384876847,2.32684209045363,-3.70054060295611,-1.92137669895577,0.225549837923247,0.741682975186966,-1.83531152415982,1.43752366978525,0.056334261633954,3.04554287402007,3.50996229816753,3.12739308084704,4.89248748657667,1.54682080013186,0.0504749860981694,0.791899871845009,"virus_comp_315_cycle_1"
-0.888926654551337,2.40902888333846,2.34986836391917,-1.09113320649727,-0.880292566323525,-0.46428625361088,1.12163166550272,-0.374437142370544,-0.293929175512407,-0.0357258696746504,-0.405126580370892,-0.337517917269982,-3.04742813518039,-1.43447268404208,0.918646481670668,-0.574342332694297,-4.01872193796797,2.07803249053872,-0.244715508459967,2.03478655454728,1.44370827521798,1.47612915188369,4.78871518196956,1.32507029643578,0.142880846513895,0.791899871845009,"virus_comp_3464_cycle_1"
-1.42669799933266,-0.443312073110326,1.06343069668093,-0.396848541976037,-0.0231979332114587,-1.52095058005655,-0.45185944319778,-0.829844791686049,-0.406604790274844,-0.0389296766012198,-0.205978585641253,0.117250028891085,-2.06873858319687,-1.23514235603473,-0.757797094629332,1.5211399141164,-2.04471672008505,1.25984416839294,-1.4290683042453,2.08301029561496,1.87853100839076,1.39988657654184,4.50295052319177,0.618176331150748,0.914196689080816,0.939628969943443,"virus_comp_347_cycle_1"
0.620009852012659,0.760846731880272,1.07823665446454,0.928444829189372,2.7108622939984,-0.163854640202642,4.69669665324726,1.93216438108391,-0.100153101782325,0.0504023346106808,-0.11871639631959,-0.0131179392551697,-2.46504587019556,-1.03262539197519,-0.367095722020684,-0.702715950165209,-3.85107027296029,-2.45572858807533,-6.76727518153602,-0.525030782305986,-4.62037605770652,-2.63762641949409,4.92911077456845,1.37041400661987,0.117126391084885,0.791899871845009,"virus_comp_36_cycle_2"
-0.136542448931163,0.403282595554547,1.38423600807557,0.0802377133718359,0.0934881156995114,-0.822001626395291,1.74313462943217,-0.0447919548932104,0.0947878618614642,-0.0327677771952214,-0.808521173381373,0.0535607489126608,-1.96625917011534,-0.993516889642267,-0.227472055789913,0.124696296063165,-3.96197776734687,-0.782916365037136,-3.05528560054511,0.596213422135078,-0.614149144269782,0.396999157781594,4.257420876736,0.902466285454928,0.592101707075358,0.791899871845009,"virus_comp_37_cycle_1"
-2.21055348410122,1.14277487867237,-0.516716923912573,-2.46257511958479,-1.82797029368275,-2.4057309349237,-0.434422733300448,-1.78575800081261,1.05496676667637,-0.0317462829820305,-0.791189056485486,-0.321700638218345,-1.39643692849945,-1.09631678761719,-0.96888998567188,-0.335795981600088,-1.57104608540632,2.01490834798403,-0.821540903640523,2.04070839199484,1.95706007931126,2.97937386940839,4.47605974088413,1.17126343740177,0.26380302049468,0.791899871845009,"virus_comp_384_cycle_1"
-2.39486323700048,0.160058682469338,-0.152448234929532,-1.13271160417617,-1.38937976432934,-1.48973585727778,-0.195453432162803,-1.18244221047285,-0.136649101358249,-0.0454311226060045,0.680425997224348,0.0924368839065322,-0.919451233700986,0.140121241972175,-0.43362482848383,0.578242743434765,-1.87223188150288,0.744857691934832,-1.23029730040576,1.20877269004369,1.87757322491667,1.61182034111812,4.44292479613746,0.828582075129706,0.691744215736843,0.840117916537923,"virus_comp_4028_cycle_1"
0.3254698906536,0.246708711169537,0.551907339874538,0.889154438298457,0.926129366954463,-0.364599176101012,2.4844409526556,0.615730565765237,-0.115561211106895,0.0508788735303016,-0.448040930452222,0.134015729546498,-2.60817151468231,-0.960036241051152,-0.451816524415673,-0.331911867128059,-3.81788197775184,-2.9009391630415,-5.28463338116347,-0.998997849562206,-1.77231427871744,-1.3874480581606,4.88365716651455,1.13591664140583,0.299383388178676,0.791899871845009,"virus_comp_42_cycle_1"
-0.223737760051785,-0.850369187944665,0.792093253694948,0.845878772042131,-0.568455378312987,-0.469855784746556,0.0485561823633877,-0.520840509888404,1.27831979936485,-0.0475395796698569,-1.33690615778732,-0.56270873531927,-1.64924295765124,-1.20738084814338,0.0736946876899811,0.611947854907055,-3.00803888085073,-1.30834265288888,-1.79232693109343,-1.01738335250674,0.36887470542319,0.47991645847766,4.50606357113935,0.669082775797948,0.872997417024849,0.939628969943443,"virus_comp_4442_cycle_1"
-0.65264889737947,0.662222225202772,0.768598966247419,-1.07357044368221,-0.721215140433519,-1.02857920057367,0.352443660129557,-0.0518970443097212,-0.190506808536926,-0.0579662362592582,-0.985603316471132,0.449838686681471,-1.74382955949756,-1.24179531490296,-0.120481821478743,-0.308613688430088,-2.69547428382888,0.392897955673887,-2.19663245664438,0.435027024898231,1.88227278494026,0.368803261792479,4.27980277785894,0.889168814608509,0.610271460871383,0.791899871845009,"virus_comp_491_cycle_1"
0.449054757888596,-0.612735951482669,-1.62857199247126,-1.89475609678456,-2.77036539970414,-2.28626248703891,-3.01629142485528,-3.50546323129107,0.199320845864063,0.214304522892945,-0.133827051255541,-0.644577416882569,0.843929637063057,1.28139479372951,0.536036452349297,-0.781465964648897,-0.499885179856212,1.99391026650012,-1.47698029044666,-0.778752520107858,1.02530728075602,1.10451285113276,7.54296874112571,1.07287626270897,0.369779753961371,0.791899871845009,"virus_comp_5117_cycle_1"
-1.08058238463182,2.7051104279264,0.679855053728025,2.32447303818852,0.169741914086506,-0.298513960477912,-0.00654290900444721,-0.658020345823285,0.752504252366228,0.000283016856952019,-1.30353515614099,-0.570000479547315,-2.4632367424149,-0.457889406285373,0.359524278740907,-0.749548677022045,-2.74021767380223,-2.66096323446044,-2.07881125930288,-0.058255164253993,1.50172451932146,1.20971630501789,4.58947430616932,1.15241431037471,0.28241566774294,0.791899871845009,"virus_comp_5225_cycle_1"
-0.651866382498304,0.914160688084616,0.35993969392801,-1.31718828368842,0.23319049328428,-0.182276458544609,0.729409223878546,1.11308200850648,0.22195708878444,-0.0908923462795752,-0.87073512616535,-0.319314022134629,-2.03747483723206,-1.77800638846073,-0.629733168981334,-0.410137019396776,-1.52683041743193,3.84503909214383,-3.05748625657684,0.125994001557471,2.156332729605,1.80989637137125,5.03038109417631,1.27948383373673,0.173101977702687,0.791899871845009,"virus_comp_54_cycle_1"
-0.453283410421626,-0.171312999401873,1.14608172887365,-1.31836520090412,-0.753793144403094,-0.855007815329021,-0.0188196114244226,-1.23245291585753,0.127953207530623,0.00313909755068001,-0.412711726349536,0.235041528688886,-1.2255104430207,-0.259027321227523,-0.519016957442191,1.58743008118469,-4.79444383852479,-0.510275258065379,-1.90897145718318,-0.752900429893969,0.98634455699177,-0.180261836962417,4.77535574552379,0.967910404784507,0.503156963203008,0.791899871845009,"virus_comp_545_cycle_1"
-1.44972540110924,-0.473726672456642,-0.604070384267206,0.434443850667494,-0.677298002098948,-0.418936506134494,-1.23877141123578,-2.15243341871251,0.892937470028919,-0.087150488540008,-0.0903585088198873,-0.813630490321526,-0.138062986568852,1.54270225793698,0.839722362406231,0.167358860358137,-2.07072630161883,0.957093135599052,-2.88406223441188,-0.925978686597672,1.55408374763372,0.408303239839221,5.65819177814486,1.13821795256079,0.296978986397135,0.791899871845009,"virus_comp_5552_cycle_1"
0.299563089879957,0.823262560242846,1.51637653788091,-0.0517038226086306,0.963089226563932,0.0501149493148002,1.65843561870225,2.11860188627836,0.668995576550872,-0.132861692098807,-1.46486023727974,2.87596504575448,-0.80115520221383,-0.944685530241867,-0.113532065363857,0.357656393869735,-3.36885314884987,0.145970624150954,-3.22263539627304,-0.358016042506312,-1.10249950778803,-2.43452517875258,4.81567027578075,0.891691639279455,0.606827312077609,0.791899871845009,"virus_comp_5629_cycle_1"
-1.46057745018044,-0.0456899725975894,1.5002913451282,-1.17201798955119,-1.19244912918318,-1.27269595518199,0.137834931834637,0.0120115992632459,-0.560546892325574,-0.0629312712471498,-1.33055865896032,-0.361303334652991,-2.15472596609534,-0.666998898420911,-0.787451418755663,0.847624644039034,-3.68392914039489,0.639385607374671,-1.58006797251742,0.793134750462898,1.30478924893355,0.294406758062965,4.50204865134642,1.13983889852804,0.295292693798939,0.791899871845009,"virus_comp_586_cycle_1"
-0.548087300493098,1.01097278473333,1.09163723844372,-1.33663626003495,-0.867080332475513,-0.788473082278218,-0.104159761996322,-1.40277339309009,0.331734207089219,0.0976376848214268,-0.297549495302146,0.19152762620258,-1.18596972739063,-0.0799615071506215,-0.478915269816343,0.53493535534778,-4.77255862791922,-0.39890080250073,-1.91242183861375,-0.687017444496344,1.03180145101033,1.28195132634229,4.96961125494718,1.09168118426132,0.347894549601917,0.791899871845009,"virus_comp_6059_cycle_1"
-0.741758427971867,0.151174501466974,0.438419589841361,-0.165717000971033,0.685372942178806,0.901674709758696,0.849074290010422,-0.636860254856241,-0.264034128381265,-0.0628729454346764,-0.813441203717602,0.265632636801704,-1.85439731398341,-0.386803191415933,0.256464197864663,0.37970501629044,-2.84933938304584,-0.500273946612558,-3.57284818563426,-1.66322545965897,0.347111334520693,0.808410385457594,4.37123066553241,0.821425699547468,0.701111118358042,0.840117916537923,"virus_comp_6408_cycle_1"
-1.27235847538095,1.63290906951172,0.933028171129226,2.0782038493797,-0.0697453660650906,-0.593004216564256,-0.337240208997612,-0.971205146076502,0.738816646333976,0.0122287583369882,-1.36728024934418,-0.9573972179648,-2.33567341604643,-0.778551409788509,0.819790144186008,1.04817638815052,-2.25666886581839,-2.17628200494385,-2.25954104544539,0.462157783950182,2.13872251571506,1.92702389808266,4.67153144580386,1.15302921891759,0.281795389742471,0.791899871845009,"virus_comp_6559_cycle_1"
-0.704595354693064,0.973405000823056,1.85807626721106,-1.01618820577749,-0.809056208257823,-1.24797896482808,0.811931486385454,-0.531701553507258,-0.254408310625178,-0.0323603817293581,-0.886770344701499,-0.272189419127317,-2.61328927443895,-1.6513892366285,0.574729200380423,0.852491716439876,-4.1152972518195,2.03546421428387,-0.625533341052277,2.74594650045864,1.66474154359082,1.47304320939833,4.51615166994233,1.2663973969701,0.182624976202301,0.791899871845009,"virus_comp_6916_cycle_1"
-1.00246058030945,-0.947720120397523,1.35791891113057,0.152699791622704,0.862600812282391,0.496849464203033,0.689690153319706,-0.532963553351521,0.779773306665531,0.0285498392148498,-1.38345744739977,-1.22075782619913,-2.08488659538801,-1.14701757169954,0.568721435034949,1.83040126838959,-2.64429201179459,-0.372391006779016,-3.01126683716296,0.87716343696372,1.37181993577263,1.42008137326392,4.51751304544391,0.914902142303736,0.575093932491276,0.791899871845009,"virus_comp_73_cycle_1"
-1.02867940860102,3.07249657219109,2.74600491037166,-1.35987585742224,-0.0272666120449184,-0.314695981773962,1.33814559471467,-0.255406796724662,-0.448518809395123,-0.0297102533493697,-0.0319122059796686,-0.546669680070095,-3.44291709378029,-1.68811373084004,1.36448676528662,-0.815850692552705,-4.21562171888584,2.79451306450504,-0.698388480407727,2.6150141906916,1.55599656232597,1.58070047569634,5.09695365233657,1.56370949800527,0.0463222177752865,0.791899871845009,"virus_comp_808_cycle_4"
-0.999771592068682,2.44307760099123,2.23295965447538,-1.10129184054139,-0.88988724752274,-0.48451422318793,1.15079554708075,-0.340641821497062,-0.29539621684912,-0.043695488557667,-0.233971372498719,-0.171813563649949,-3.31651378867691,-1.32983237856391,0.730639194073702,-1.32132469115806,-3.93600486462633,1.94215710149583,-0.306357066762514,1.99592109742949,1.36007366720354,1.3907398997179,4.72710925034089,1.31859358329676,0.146901978365115,0.791899871845009,"virus_comp_809_cycle_1"
-0.430789355306078,0.543710987473435,2.07639451397086,-0.619988474462388,-0.400176527952373,-0.842292227644984,1.03242678155567,-0.246778352067667,-0.143486278553575,-0.0334683759519761,-0.837550099165169,-0.0913083261926937,-2.58374740522808,-1.74568431962763,0.236769545291394,1.01547240460801,-4.33714643017361,1.39075421524505,-1.12315361035776,2.29108585605244,1.1373585628488,1.09065415840989,4.39178759047383,1.1538358571722,0.280983039773594,0.791899871845009,"virus_comp_810_cycle_1"
-0.657462592425631,-0.915844067922705,-0.813141818906459,-2.24802922799658,-0.363199552209093,-1.63513562860519,-1.85974597789444,-3.26544054548905,0.043327660974929,0.0197843135789489,0.324795701671688,-0.432776418174483,-0.805781843001492,0.438672424110932,0.781666458669917,-1.57194763484849,1.19712032459695,4.13768104506973,0.217789344253201,0.411744350412536,1.91756976031053,1.50958805239569,6.53856137843984,0.70927611197733,0.834041790575239,0.929507058738546,"virus_comp_8200_cycle_1"
-0.542465891984624,1.11139894450528,1.3372246662269,1.08930308414478,1.58809998429173,-0.510512167653504,0.563082007224605,0.12456424177587,0.63934768216887,-0.0279253701674518,-0.977569327329743,-0.30630710657761,-1.39227720822568,-1.07839504910747,-0.0195106214914674,0.82305253301328,-3.49847703072637,-0.408430401530069,-4.04960108542763,1.07475867999854,1.16797871186417,0.50783684897188,4.35821989104335,0.931528830550113,0.552387124745667,0.791899871845009,"virus_comp_88_cycle_1"
-1.12909296927273,-0.240169862734848,0.235163497660059,-0.440054538552133,-0.583626822928913,-1.09602281340611,1.18778203229439,-0.304352094813671,-0.0265310354483707,-0.0640479949376193,-1.30955045482916,1.29854665859614,-1.31001214193089,-0.778666986021863,-0.984955628774024,2.04086866393821,-2.76604051626401,1.29424880608715,-2.32228762795731,0.0701484520315978,-0.55063956771808,0.292812222831739,4.64086414473113,0.953205711839743,0.522949194144861,0.791899871845009,"virus_comp_95_cycle_1"
-0.967384371233945,-0.0118990489481948,0.403702217513363,-1.31984652473266,-0.511727062349765,-1.59895729327644,0.940515497268502,-0.148696931803602,-0.241875350386485,-0.0818873357042851,-0.312899063257677,0.871696086265524,-2.98708347647123,-0.909909288045367,-0.355834367329081,1.73666690985967,-3.03227587822748,0.0493015274299452,-2.70721495526078,1.5649671124854,0.0618066026685515,0.0990139921606983,4.33463499839382,1.05570085714349,0.390378874311656,0.791899871845009,"virus_comp_9749_cycle_1"
-0.634044052777838,-0.672489249209992,-0.491895964501694,-0.410266578611136,-1.11414662872109,-1.95912808840202,-2.56380030222944,-2.71411305363433,0.312126606526408,0.07707489553044,-0.665496684466395,-0.755982611678252,-1.3819968733245,0.425603992889655,0.677986091327459,-0.233373242865139,-0.0988319031446455,2.02973386751158,-0.158929468190712,0.740891075075664,2.57616146495789,1.41902275037417,6.21730651852465,0.606389743274333,0.922388071412371,0.939628969943443,"virus_comp_99_cycle_1"
