query_id	query_length	hit_accession	hit_description	hit_length	e_value	identity	align_length	percent_identity	coverage
contig_3357	6966	PP901925	Human astrovirus 1 isolate E59S4 putative serine protease (ORF1a) gene, complete cds; RNA-dependent RNA polymerase (ORF1b) gene, partial cds; and capsid protein (ORF2) gene, complete cds	6839	0.0	6746	6826	98.83	97.99
contig_3357	6966	LC694990	Human astrovirus 1 HAstV1/181937/Tokyo/2018 RNA, nearly complete genome	6861	0.0	6723	6827	98.48	98.0
contig_3357	6966	ON571596	Human astrovirus 1 isolate 2019/Fuzhou/306, complete genome	6814	0.0	6704	6806	98.5	97.7
contig_3357	6966	LC694988	Human astrovirus 1 HAstV1/210963/Tokyo/2021 RNA, nearly complete genome	6830	0.0	6709	6817	98.42	97.86
contig_3357	6966	ON571597	Human astrovirus 1 isolate 2019/Pingtan/42, complete genome	6814	0.0	6703	6808	98.46	97.73
contig_34440	1161	KM358468	Human astrovirus UK1, complete genome	6586	0.0	1119	1144	97.81	98.54
contig_34440	1161	MT432184	Astrovirus VA1 isolate ITA/2018/205.18-5, complete genome	6586	0.0	1118	1144	97.73	98.54
contig_34440	1161	KJ920196	Astrovirus VA1/HMO-C isolate HMO-CLondon1, partial genome	6563	0.0	1111	1144	97.12	98.54
contig_34440	1161	KJ920197	Astrovirus VA1/HMO-C isolate HMO-CLondon2, partial genome	6566	0.0	1110	1144	97.03	98.54
contig_34440	1161	OP594725	Human astrovirus strain MLB2, complete genome	6554	0.0	1109	1144	96.94	98.54
contig_3567	6353	MT766325	MAG: Astrovirus MLB1 isolate AstV/CHN/XJ/env/2018/MD-ctg1, complete genome	6161	0.0	6123	6161	99.38	96.98
contig_3567	6353	OR222911	Astrovirus MLB1 isolate SY2101, partial genome	6162	0.0	6120	6162	99.32	96.99
contig_3567	6353	OQ968308	MAG: Mamastrovirus sp. isolate 20155/SD/CHN/MLB1, complete genome	6170	0.0	6123	6170	99.24	97.12
contig_3567	6353	OQ968309	MAG: Mamastrovirus sp. isolate 20238/SD/CHN/MLB1, complete genome	6171	0.0	6123	6170	99.24	97.12
contig_3567	6353	OQ968310	MAG: Mamastrovirus sp. isolate 20248/SD/CHN/MLB1, complete genome	6171	0.0	6120	6170	99.19	97.12
contig_3669	6097	KX022687	Astrovirus MLB2 isolate MLB2-LIHT putative RNA dependent RNA polymerase and putative serine protease genes, partial cds; and putative capsid protein gene, complete cds	6079	0.0	6011	6062	99.16	99.43
contig_3669	6097	MK089435	Human astrovirus isolate 668, complete genome	6128	0.0	6029	6095	98.92	99.97
contig_3669	6097	ON398706	Reverse genetics vector pMLB2, complete sequence	9191	0.0	6027	6095	98.88	99.97
contig_3669	6097	KT224358	Astrovirus MLB2 isolate MLB2/human/Geneva/2014, complete genome	6100	0.0	6017	6090	98.8	99.89
contig_3669	6097	NC_016155	Astrovirus MLB2, complete genome	6119	0.0	6000	6095	98.44	99.97
contig_43336	1049	KX022687	Astrovirus MLB2 isolate MLB2-LIHT putative RNA dependent RNA polymerase and putative serine protease genes, partial cds; and putative capsid protein gene, complete cds	6079	0.0	1029	1040	98.94	99.14
contig_43336	1049	KX273058	Primate astrovirus isolate SimianAstV, complete genome	6120	0.0	1026	1040	98.65	99.14
contig_43336	1049	MK089435	Human astrovirus isolate 668, complete genome	6128	0.0	1025	1039	98.65	99.05
contig_43336	1049	KT224358	Astrovirus MLB2 isolate MLB2/human/Geneva/2014, complete genome	6100	0.0	1024	1039	98.56	99.05
contig_43336	1049	ON398706	Reverse genetics vector pMLB2, complete sequence	9191	0.0	1024	1039	98.56	99.05
contig_4647	4239	KF039910	Human astrovirus 2 isolate Rus-Nsc05-430, complete genome	6792	0.0	4041	4210	95.99	99.32
contig_4647	4239	KP862744	Mamastrovirus 1 isolate kor85, complete genome	6776	0.0	4046	4225	95.76	99.67
contig_4647	4239	MH933753	Human astrovirus isolate CMRHP3 nonstructural protein and capsid protein genes, complete cds	6790	0.0	4034	4242	95.1	100.07
contig_4647	4239	MH933757	Human astrovirus isolate CMRHP35D nonstructural protein and capsid protein genes, complete cds	6782	0.0	4033	4241	95.1	100.05
contig_4647	4239	MH933752	Human astrovirus isolate CMRHP2 nonstructural protein and capsid protein genes, complete cds	6739	0.0	4007	4211	95.16	99.34
contig_49047	5827	ON807352	Mamastrovirus 1 isolate G22-010 putative serine protease gene, partial cds; putative RNA-dependent RNA polymerase gene, complete cds; and capsid precursor protein gene, partial cds	6448	0.0	5507	5575	98.78	95.68
contig_49047	5827	KF039911	Human astrovirus 2 isolate Rus-Nsc06-1029, complete genome	6778	0.0	5622	5827	96.48	100.0
contig_49047	5827	KC285152	Mamastrovirus 1 isolate HAstV-2/RUS/Novosibirsk/Nsc11-N2411/2011, complete genome	6773	0.0	5604	5826	96.19	99.98
contig_49047	5827	MW485042	Human astrovirus 2 strain KLF/HAstV2/005/2019, complete genome	6727	0.0	5337	5780	92.34	99.19
contig_49047	5827	MK059950	Human astrovirus 2 strain Oxford, complete genome	6800	0.0	5079	5835	87.04	100.14
contig_49065	5962	MT432184	Astrovirus VA1 isolate ITA/2018/205.18-5, complete genome	6586	0.0	5838	5921	98.6	99.31
contig_49065	5962	KM358468	Human astrovirus UK1, complete genome	6586	0.0	5824	5921	98.36	99.31
contig_49065	5962	KJ920197	Astrovirus VA1/HMO-C isolate HMO-CLondon2, partial genome	6566	0.0	5821	5927	98.21	99.41
contig_49065	5962	KJ920196	Astrovirus VA1/HMO-C isolate HMO-CLondon1, partial genome	6563	0.0	5821	5927	98.21	99.41
contig_49065	5962	OP594725	Human astrovirus strain MLB2, complete genome	6554	0.0	5770	5917	97.52	99.25
contig_8153	2544	KF039910	Human astrovirus 2 isolate Rus-Nsc05-430, complete genome	6792	0.0	2443	2541	96.14	99.88
contig_8153	2544	PQ510853	Human astrovirus 2 isolate 24T2-6, complete genome	6793	0.0	2405	2541	94.65	99.88
contig_8153	2544	AB000289	Human astrovirus 1 gene for outer capsid protein, complete cds, isolate: OxfordAS 8811	2401	0.0	2198	2419	90.86	95.09
contig_8153	2544	L13745	Human astrovirus serotype 2, complete sequence of genomic RNA	6828	0.0	2163	2552	84.76	100.31
contig_8153	2544	MK059950	Human astrovirus 2 strain Oxford, complete genome	6800	0.0	2165	2555	84.74	100.43
