sample-1_1_194036	sample-1_1_194036,sample-1_30_80291
OHMA01000001	OHMA01000001,OFMT01000010,QWCN01000029
OGQH01000028	OGQH01000028,OMEV01000014,OMBP01000015,OMAL01000015
OMGK01000003	OMGK01000003
PPYE01511035	PPYE01511035,OGOG01000008,OCPV01000032,phage_1
OMEW01000010	OMEW01000010,OJOH01000017,QWBY01000007
OMBT01000004	OMBT01000004,OMEJ01000024,OLSP01000004
OGTB01000008	OGTB01000008,OAWA01000024,sample-1_2_180874,OWII01000011,OKVF01000023,OLRX01000007,OJPU01000022
OGOT01000012	OGOT01000012,OJOE01000015
OHFX01000006	OHFX01000006,OLNL01000026,sample-1_1093_6313
OLOE01000004	OLOE01000004
OKSX01000010	OKSX01000010,OHPI01000007,OHTA01000010,OHIN01000009,OMFN01000011
OKWR01000042	OKWR01000042
OLYV01000018	OLYV01000018,OMFK01000016,OMAN01000017
OLXR01000011	OLXR01000011
OCHL01000028	OCHL01000028
OIOX01000001	OIOX01000001,OINI01000001,OIJI01000001,OINJ01000001,OLBP01000001,OINS01000001,OIPU01000001,OIMM01000002,OIML01000001,OIKE01000002,OLAR01000001,phage_16,OLND01000017,OLSE01000042,OKSC01000019,OLOX01000006,OGOC01000003,OHAY01000006,OIXA01000019,OIXH01000029,sample-1_3_171347,phage_15,OJPI01000006,sample-1_4981_1057
OJMP01000008	OJMP01000008,OBHU01000008
phage_2	phage_2
OGYM01000002	OGYM01000002,OLRF01000054
QRFC01000022	QRFC01000022
OLVX01000015	OLVX01000015
OLGM01000006	OLGM01000006,OLHG01000007
OHFV01000001	OHFV01000001
OBKV01000026	OBKV01000026
OMAV01000002	OMAV01000002
OLWB01000021	OLWB01000021,OLFV01000031,OJPG01000010,OMBK01000012,OLZR01000008,OMFR01000011,OLZQ01000009,OGPL01000016
OJQQ01000027	OJQQ01000027
OHYE01000011	OHYE01000011
OGZF01000022	OGZF01000022,OFPS01000054,OHBE01000017
sample-1_4_157545	sample-1_4_157545,sample-1_6_155389,OICG01000006,OFLY01000012,sample-1_3125_2250
OLQV01000028	OLQV01000028
sample-1_5_155540	sample-1_5_155540
OLOG01000029	OLOG01000029,OICR01000007,OFMT01000022,OGZB01000001
OLOZ01000027	OLOZ01000027
PPYF01266999	PPYF01266999
OBWI01000023	OBWI01000023,OIZE01000030,OCPZ01000017,OCHF01000011,OCPY01000015
OFMU01000028	OFMU01000028
OJOU01000011	OJOU01000011
sample-1_7_152939	sample-1_7_152939
OIAT01000008	OIAT01000008
OHEN01000023	OHEN01000023
OGOO01000044	OGOO01000044
OHKV01000027	OHKV01000027,OHMY01000035,OHQS01000030
OIWQ01000029	OIWQ01000029
OLZO01000021	OLZO01000021,OMDY01000016
OGZF01000025	OGZF01000025
OHXK01000005	OHXK01000005
OJSE01000052	OJSE01000052,OJUG01000072,OLJW01000056
OMGY01000027	OMGY01000027
QWBY01000010	QWBY01000010
Monaco_MBA4038_NODE_3_length_106353_cov_62.035654	Monaco_MBA4038_NODE_3_length_106353_cov_62.035654,HvCF_D5_ms_2,OKTS01000039,Long_crAss_ms_29,Fferm_ms_11,MZ130485_1_104564,OMBQ01000121
OLNZ01000083	OLNZ01000083,SRS011586_NODE_119_length_103914_cov_1098.85,OHLF01000025,OLQG01000039,MZ130497_1_104085,HvCF_C7_ms_2,SRS147652_NODE_155_length_104176_cov_11.0954,OBKN01000015,3300008103_____Ga0114180_100162
HvCF_E4_ms_4	HvCF_E4_ms_4,MZ130498_1_104752,OGWT01000016,OJRV01000117,ERR589512_NODE_245_length_104299_cov_30.5927,OHAU01000141,SRS011302_NODE_90_length_100096_cov_55.6308,3300008725_____Ga0115670_1000139,ERR589814_NODE_185_length_102005_cov_6.51113,3300007098_____Ga0102540_100090
sample-1_9_104613	sample-1_9_104613,sample-1_10_102032,sample-1_2087_3578,sample-1_2468_3000
3300006463_____Ga0100176_1000099	3300006463_____Ga0100176_1000099,OLNE01000081,OFMT01000069,OCHF01000043,ERR844070_ms_2,MT774402_1_103832,HvCF_B1_ms_5
MT774395_1_103665	MT774395_1_103665
3300014788_____Ga0134381_1000049	3300014788_____Ga0134381_1000049,3300007312_____Ga0104941_100072,OLZJ01000019,OEIM01000003,OIWL01000154,OCLC01000020,MZ130494_1_100255,G10_NODE_3_length_100255_cov_4594.188553,OKRV01000012
OLRA01000126	OLRA01000126,MT774380_1_99882,ERR844025_ms_1,C12_NODE_4_length_93683_cov_7.991701,MN037_S1_78,SRS050299_NODE_72_length_100548_cov_36.2955,sample-1_309_18290
MH675552_1_102679	MH675552_1_102679
ERR589777_NODE_213_length_102559_cov_114.718	ERR589777_NODE_213_length_102559_cov_114.718,OAUB01000058,F10_NODE_1_length_96892_cov_1695.602518,MZ130492_1_96892,ERR589856_NODE_160_length_99420_cov_996.622,OHJU01000015,ERR589773_NODE_168_length_99796_cov_16.6781,ERR589531_NODE_142_length_100626_cov_28.4295,30T1_lib200751_4,OCHV01000088,OIHW01000011,ERR589530_NODE_125_length_100283_cov_10.4903,QWCH01000269,OHAB01000087,ERR589835_NODE_174_length_96977_cov_65.8124,OOCN01000077,OHCF01000051,OIXA01000142,ERR589590_NODE_72_length_96711_cov_28.1345,MT774401_1_97422,OGPX01000023,sample-1_273_20403
MT774387_1_102434	MT774387_1_102434
OCPX01000081	OCPX01000081,OJSE01000155,3300008737_____Ga0113999_100109,OLWC01000027,ERR844035_ms_1,OAUH01000043,3300014919_____Ga0169798_100120,OGOQ01000098,3300008497_____Ga0111011_100059,OLPS01000138,OKRW01000057,Long_crAss_ms_15,OHAD01000101,3300008520_____Ga0111044_100220,OICB01000025,OGTB01000054,ERR844030_ms_1,OBJQ01000077,OGUN01000050,ERR589534_NODE_206_length_99607_cov_6.90286,OBZD01000096,OGRK01000094,OJMH01000169,SRS143876_NODE_156_length_99405_cov_8.65265,OLRV01000041,ERR589548_NODE_125_length_99181_cov_12.0749,ERR589531_NODE_143_length_100354_cov_37.9907,OLGN01000078,ERR589746_NODE_110_length_100335_cov_36.0815,E11_NODE_1_length_96694_cov_1258.521291,G3_WGS_contig_51_2_length_97737_read_count_6388982,3300008103_____Ga0114180_100183,E12_NODE_1_length_99984_cov_69.391838,MZ130475_1_99984,OLQL01000074,EM245_T3_ms_3,ERR589544_NODE_118_length_99073_cov_42.2977,OGYC01000074,QWCY01000259,OGZA01000030,3300014921_____Ga0169822_100099,sample-1_3157_2206
MT774388_1_102301	MT774388_1_102301,sample-1_5191_1012
OLPB01000025	OLPB01000025,QWCY01000236,OLOK01000029,OLQG01000044,MZ130482_1_99704,NG-16262_31_lib261986_NODE_2_length_99704_cov_87.7682,OFMV01000048,ERR589817_NODE_85_length_101984_cov_21.9381
NG-15813_95_lib254056_NODE_1_length_102100_cov_1588.91	NG-15813_95_lib254056_NODE_1_length_102100_cov_1588.91,MZ130496_1_102100,MT774403_1_98557,MT774399_1_99168
ERR589843_NODE_134_length_102073_cov_9.78706	ERR589843_NODE_134_length_102073_cov_9.78706,OGXX01000055,3300008101_____Ga0114024_100210,ERR589535_NODE_102_length_100207_cov_5.55539,3300007210_____Ga0103359_100138,ERR589742_NODE_186_length_98834_cov_12.9141,MT774382_1_99985,ERR589503_NODE_243_length_99288_cov_256.502,OLGF01000091,A1_NODE_2_length_99974_cov_261.284550,OLOZ01000092,OGXI01000029,Long_crAss_ms_1
NG-14253_56xxx_lib223972_5684_NODE_1_length_101680_cov_95.3006	NG-14253_56xxx_lib223972_5684_NODE_1_length_101680_cov_95.3006,sample-1_15_98423,OLPO01000063,ERR844065_ms_1,MT774391_1_99212
MT774378_1_101662	MT774378_1_101662
sample-1_11_101626	sample-1_11_101626,sample-1_3643_1714,sample-1_4954_1063
sample-1_12_101623	sample-1_12_101623
ERR589851_NODE_110_length_101537_cov_76.3839	ERR589851_NODE_110_length_101537_cov_76.3839,OGCO01000213,ERR589736_NODE_224_length_101034_cov_15.6328,MT774390_1_98164,ERR844029_ms_3,ERR589797_NODE_176_length_100385_cov_85.2729,OIWT01000163,ERR589836_NODE_124_length_100491_cov_5.94573,OIXG01000120,OFMQ01000046
MT774406_1_101532	MT774406_1_101532
MT774385_1_101437	MT774385_1_101437
MN019_S19_74	MN019_S19_74,Monaco_MBA4038_NODE_5_length_99783_cov_26.247343,CS_crAss_ms_9,MZ130483_1_93564,OIWS01000145,OJPC01000037,OGQX01000099,OLVR01000187,3300014547_____Ga0134415_100047
3300007714_____Ga0105661_1000061	3300007714_____Ga0105661_1000061,OLQO01000079,OGZD01000102,ERR844047_ms_3,3300008716_____Ga0113874_100156,OIRC01000027,OLSC01000138,OLYB01000074,3300007991_____Ga0105643_100224,OLZQ01000035,OLRO01000069,sample-1_21_95604,sample-1_20_95736,sample-1_22_93708,sample-1_16_98401,OOAG01000060,ERR589818_NODE_123_length_100672_cov_68.5318,OGYG01000098,ERR589530_NODE_123_length_101106_cov_84.032,OGXF01000053,ERR589750_NODE_144_length_100756_cov_12.0751,ERR589503_NODE_236_length_100385_cov_32.3335,MZ130500_1_98182,Sib2_ms_1,Zuo_N1_NODE_2_length_100997_cov_2297.472945,ERR589848_NODE_158_length_99263_cov_37.5295,3300008360_____Ga0114875_1000146
MT774396_1_101153	MT774396_1_101153,sample-1_18_96565,ERR844016_ms_1,sample-1_2496_2968
NG-14571_115xxx_NODE_1_length_101130_cov_1132.63	NG-14571_115xxx_NODE_1_length_101130_cov_1132.63,MZ130495_1_101130,sample-1_2557_2904
MT774389_1_101082	MT774389_1_101082
MZ130477_1_100971	MZ130477_1_100971,OLPO01000062,OLNW01000116
MZ130493_1_100650	MZ130493_1_100650,F4_NODE_1_length_100650_cov_839.811104,OGOI01000071,OJPW01000082,ERR844077_ms_2
OLNQ01000088	OLNQ01000088,3300013752_____Ga0117817_1000004,OLGL01000107,SRS050752_NODE_138_length_97080_cov_254.851,OIZB01000074,OLSB01000088,OBJP01000067,3300014553_____Ga0134451_100057,MZ130499_1_97706,Long_crAss_ms_14,ERR589813_NODE_172_length_99988_cov_9.80768
KC821624_1_100418	KC821624_1_100418
MN037_S1_79	MN037_S1_79,MT774407_1_98095
MZ130478_1_100314	MZ130478_1_100314
MT774398_1_100198	MT774398_1_100198
OLWW01000036	OLWW01000036,3300014538_____Ga0134452_100100,OLNI01000077,MT774404_1_98308
KJ003983_1_99915	KJ003983_1_99915
MT774405_1_99848	MT774405_1_99848
ERR843949_ms_1	ERR843949_ms_1,MT774376_1_98340
OLGJ01000028	OLGJ01000028,OLWB01000065,OJML01000021,OBVI01000054,3300014788_____Ga0134381_1000061,5_lib200737_3,OLOS01000113,OGRG01000096,HvCF_E10_ms_1,3300007705_____Ga0105636_100113,F3T1.2.NODE_1_length_93869_cov_36.327307,HvCF_E5_ms_1,HvCF_A11_ms_1,OLTF01000001,OGPZ01000054,OCRP01000110,OLRW01000060,ERR589821_NODE_65_length_97126_cov_5571.81,OGSS01000127,4_lib200738_4,SRS045739_NODE_78_length_98134_cov_152.188,HvCF_E6_ms_1,OGPX01000026,ERR589548_NODE_133_length_97812_cov_182.454,MN099_S58_106,ERR589443_NODE_109_length_97897_cov_28.0204,CF1_ms_1,ERR843936_ms_1,OLRB01000064,HvCF_D6_ms_5,OKRW01000064,OODH01000049,OMCC01000013,ERR843983_ms_1,OLRG01000090,OGPN01000023,HvCF_F2_ms_2,HvCF_D1_ms_1,SRS053398_NODE_95_length_96600_cov_69.939,OHPM01000044,OKUM01000038,OHAF01000067,NODE_27_length_98043_cov_23.463220,OHXQ01000012,OGQQ01000082,OBCT01000057,OFLY01000041,OCMA01000041,OLYR01000006,OIWV01000054,F2M.1.NODE_1_length_97876_cov_8.385428,3300006257_____Ga0099346_100106,EM195_T0_ms_1,OBXZ01000146,JQ995537_1_97065,F2T1.2.NODE_1_length_97120_cov_58.884747,OBAG01000123,3300006312_____Ga0099626_100158,ERR844045_ms_1,EM210_T0_ms_1,3300013899_____Ga0117808_100015,OFME01000049,17T1_lib200766_3,Long_crAss_ms_2,OFMN01000076,OFSC01000046,3300007298_____Ga0104838_100088,3300008523_____Ga0115231_1000091,OHQM01000028,SRS019030_NODE_87_length_93563_cov_510.146,SRS014683_NODE_81_length_94199_cov_303.827,ERR589774_NODE_217_length_97586_cov_21.2143,ERR844018_ms_1,3300008716_____Ga0113874_100160,OJNH01000048,3300014971_____Ga0134442_1000062,OLSX01000045,OLGO01000101,ERR589773_NODE_178_length_95143_cov_627.55,ERR589786_NODE_135_length_99040_cov_1290.66,OKRV01000014,3300008326_____Ga0115311_100028,ERR589509_NODE_117_length_99450_cov_1258.73,OFRY01000048,ERR589836_NODE_132_length_97990_cov_15.6475,OFMO01000072,HvCF_E8_ms_1,OCHG01000105,OFMP01000048,ERR589737_NODE_227_length_97168_cov_1455.68,ERR589826_NODE_104_length_99479_cov_523.136,ERR589801_NODE_173_length_98624_cov_58.2029,OODC01000039,MN045_S8_84,ERR589750_NODE_148_length_99248_cov_188.387,OFRZ01000076,OKUZ01000024,OAWB01000083,OLZQ01000040,F4T2.1.NODE_1_length_94988_cov_32.078160,OOAW01000092,OAVV01000098,HvCF_D10_ms_2,3300007714_____Ga0105661_1000069,SRR4295172_ms_8,ERR589512_NODE_279_length_97295_cov_607.21,ERR589811_NODE_183_length_95797_cov_1140.66,OLWZ01000040,MN038_S2_110,OGZA01000036,OODN01000068,OHAT01000070,ERR589440_NODE_121_length_98649_cov_14.7648,OODS01000049,ERR589827_NODE_122_length_98326_cov_41.0203,ERR589574_NODE_223_length_98544_cov_57.8223,ERR589557_NODE_190_length_93533_cov_205.404,ERR589813_NODE_178_length_98616_cov_51.5115,ERR589807_NODE_175_length_98624_cov_2094.64,ERR589741_NODE_169_length_97150_cov_107.747
AP017903_1_99517	AP017903_1_99517
MT074136_1_99494	MT074136_1_99494
sample-1_13_99291	sample-1_13_99291
MT774375_1_98826	MT774375_1_98826
MT774410_1_98667	MT774410_1_98667
MZ130491_1_98573	MZ130491_1_98573
MZ130481_1_98001	MZ130481_1_98001,NG-15813_53_lib254058_NODE_2_length_98001_cov_18.457,OJQF01000018,ERR844006_ms_1,OLOF01000050
MT774411_1_97886	MT774411_1_97886
OGRD01000043	OGRD01000043,sample-1_19_96211,SRS011084_NODE_220_length_95221_cov_30.7473,ERR589511_NODE_212_length_96153_cov_11.9872,OLRJ01000083,ERR589736_NODE_271_length_93891_cov_9.13972,ERR589532_NODE_103_length_94606_cov_18.1916,ERR589788_NODE_122_length_95274_cov_10.0565,OLPO01000070,ERR589742_NODE_210_length_93989_cov_9.62045,OHBE01000089,OWIQ01000031,3300008479_____Ga0114883_1000181,OLRW01000062,3300007921_____Ga0111562_100099,OGOO01000132,3300007796_____Ga0105889_100147,3300007298_____Ga0104838_100096,Long_crAss_ms_5,ERR589503_NODE_260_length_95985_cov_44.2112,3300007296_____Ga0104830_100137,ERR589804_NODE_183_length_96082_cov_14.9851,F7_NODE_3_length_95675_cov_221.603744,OBAE01000105,OLVO01000096,16T1_lib200772_4,OJQL01000115,ERR589826_NODE_120_length_94996_cov_27.1679,OLNP01000086,OLVT01000100,ERR589800_NODE_173_length_93705_cov_28.9131,3300008132_____Ga0111230_1000069,ERR589852_NODE_269_length_93435_cov_9.78746,OLFY01000196,ERR589587_NODE_208_length_94701_cov_61.0326,Sib1_ms_4,MZ130489_1_95815,OIWM01000114,OGCM01000239,OJPT01000035,OLFT01000163,OLNO01000079,OLND01000117,OGTL01000065,OLSO01000074,OLQL01000089,OKSB01000078,SRS048164_NODE_142_length_95873_cov_10.9415,OGXT01000133,3300007105_____Ga0102630_100105,OCHL01000111
EM181_T3_ms_1	EM181_T3_ms_1,MZ130484_1_97536,OLPB01000029,OIWL01000160,OLSC01000143,SRS143417_NODE_148_length_97094_cov_7.69295,sample-1_17_96846,B7_NODE_1_length_96266_cov_47.336375,OLWC01000038,OJNQ01000029,OBAR01000155,OGOL01000109
MT774397_1_97290	MT774397_1_97290
3300008513_____Ga0111022_100109	3300008513_____Ga0111022_100109,HvCF_D5_ms_4,SRS145497_NODE_97_length_94933_cov_72.765,MZ130479_1_96466,NG-14571_96_NODE_2_length_96466_cov_151.499,OJMP01000070
MT774409_1_96717	MT774409_1_96717
OLRZ01000056	OLRZ01000056,MT774392_1_95150
SRR4295175_ms_5	SRR4295175_ms_5,OLFZ01000108,MN917146_1_93030,OBKI01000059,Sib2_ms_2,sample-1_241_22966,sample-1_4409_1266
MT774400_1_96055	MT774400_1_96055
MH616963_1_94878	MH616963_1_94878
MT774408_1_94826	MT774408_1_94826
OATI01000137	OATI01000137,HvCF_B5_ms_2,MZ130487_1_94533,3300007853_____Ga0114093_100213,OMGY01000095,ERR589589_NODE_144_length_94594_cov_10.8503,Minot_Diet_SRR5088943_NODE_15_length_93463_cov_32.895405
OBJP01000075	OBJP01000075,3300006746_____Ga0101796_100038,3300007524_____Ga0105481_1000141,3300007362_____Ga0104788_100129,MT774386_1_89781,OFMB01000041,OOAT01000079,ERR844040_ms_1
UMIU01010253	UMIU01010253,OLPO01000071,MZ130476_1_92241,Long_crAss_ms_16
MT774377_1_93787	MT774377_1_93787
MT774383_1_93559	MT774383_1_93559
OBJF01000120	OBJF01000120,ERR844018_ms_3,OLNV01000049,ERR589874_NODE_149_length_91639_cov_83.8167,OLFZ01000126,2_lib200757_5,HvCF_B1_ms_8,MZ130486_1_92361
Rampelli_20005_NODE_59_length_93393_cov_174.533984	Rampelli_20005_NODE_59_length_93393_cov_174.533984,MT774384_1_92668
NG-15813_44_lib254059_NODE_1_length_93391_cov_9.27449	NG-15813_44_lib254059_NODE_1_length_93391_cov_9.27449,MZ130480_1_93391
OLGH01000138	OLGH01000138,Sib1_ms_5,MZ130490_1_92132,ERR589532_NODE_107_length_92376_cov_180.077,OLFZ01000118,OLGB01000200,3300008299_____Ga0114868_1000151,3300014936_____Ga0169833_100099,OBAQ01000124,3300014944_____Ga0134440_100138,OLFY01000217,OBJF01000128,OJNS01000048,OKSB01000084,OHJX01000034,SRS143417_NODE_177_length_89824_cov_37.2496,F6_NODE_4_length_91062_cov_72.306460,3300006476_____Ga0100233_100198,OLRU01000124,3300013946_____Ga0117818_1000018,OICK01000023,OGPZ01000072,OHTD01000013,OLPR01000090,NODE_14_length_91830_cov_15.741215,ERR589826_NODE_133_length_91808_cov_9.52867,ERR589853_NODE_110_length_92253_cov_12.0089,QRFC01000100,NG-14571_65_NODE_5_length_90560_cov_40.8849,EM200_T3_ms_2,ERR589556_NODE_251_length_91714_cov_17.3214,OIWV01000065,OHKK01000062,ERR589737_NODE_250_length_92638_cov_199.421,3300014712_____Ga0134412_100037,ERR589512_NODE_313_length_91996_cov_59.3944,ERR589742_NODE_219_length_92594_cov_6.88142,OGCO01000246,OLNN01000114,NG-14253_9_lib223974_5684_NODE_4_length_59928_cov_398.525,ERR589835_NODE_192_length_92466_cov_11.6977,ERR589848_NODE_206_length_90462_cov_52.7397,3300014744_____Ga0134393_100057,SRS105153_NODE_241_length_90160_cov_456.992
sample-1_23_92914	sample-1_23_92914
MT774394_1_92815	MT774394_1_92815
OGQI01000045	OGQI01000045,ERR843949_ms_3,OKSC01000115,MZ130474_1_92367,A2_NODE_3_length_92367_cov_12.069243,OJNL01000044,OLPH01000160,OGRL01000078
MT774379_1_92600	MT774379_1_92600
sample-1_24_92306	sample-1_24_92306
MZ130488_1_91714	MZ130488_1_91714,Long_crAss_ms_9,3300014963_____Ga0134523_1000562,3300007806_____Ga0105890_100137,3300007222_____Ga0104061_100253,SRS065504_NODE_131_length_90103_cov_73.092,sample-1_352_16508
MT774381_1_91101	MT774381_1_91101,NG-14253_26_lib223959_5684_NODE_2_length_90827_cov_49.5933
MH552500_1_90023	MH552500_1_90023
Long_crAss_ms_3	Long_crAss_ms_3,MT774393_1_83412,NG-14253_14_lib223986_5684_NODE_3_length_83015_cov_1213.7
NC_021803	NC_021803
sample-1_41_65330	sample-1_41_65330
sample-1_347_16656	sample-1_347_16656
sample-1_516_11797	sample-1_516_11797
sample-1_1971_3823	sample-1_1971_3823
sample-1_2023_3705	sample-1_2023_3705
sample-1_2370_3154	sample-1_2370_3154
sample-1_2475_2996	sample-1_2475_2996
sample-1_2809_2618	sample-1_2809_2618
sample-1_2895_2535	sample-1_2895_2535
sample-1_3406_1938	sample-1_3406_1938
sample-1_3423_1921	sample-1_3423_1921
sample-1_3596_1751	sample-1_3596_1751
sample-1_3635_1721	sample-1_3635_1721
sample-1_3684_1680	sample-1_3684_1680
sample-1_3983_1483	sample-1_3983_1483
sample-1_4061_1441	sample-1_4061_1441
sample-1_4226_1355	sample-1_4226_1355
sample-1_4390_1275	sample-1_4390_1275
sample-1_4411_1265	sample-1_4411_1265
sample-1_4677_1147	sample-1_4677_1147
sample-1_4798_1110	sample-1_4798_1110
